session,plane,roi,ours_has_on,ours_single_on,ours_area_on,ours_largest_on,greedy_a0.05_has_on,greedy_a0.05_single_on,greedy_a0.05_area_on,greedy_a0.05_largest_on,greedy_a0.01_has_on,greedy_a0.01_single_on,greedy_a0.01_area_on,greedy_a0.01_largest_on,greedy_a0.001_has_on,greedy_a0.001_single_on,greedy_a0.001_area_on,greedy_a0.001_largest_on
409828_2018-11-06_14-02-59_filtered_2026-04-09_04-59-00,0,0,False,False,0.0,0.0,True,True,86.49000000000001,1.0,True,True,86.49000000000001,1.0,True,True,86.49000000000001,1.0
409828_2018-11-06_14-02-59_filtered_2026-04-09_04-59-00,0,1,False,False,0.0,0.0,False,False,0.0,0.0,False,False,0.0,0.0,False,False,0.0,0.0
409828_2018-11-06_14-02-59_filtered_2026-04-09_04-59-00,0,2,False,False,0.0,0.0,False,False,0.0,0.0,False,False,0.0,0.0,False,False,0.0,0.0
409828_2018-11-06_14-02-59_filtered_2026-04-09_04-59-00,0,4,False,False,0.0,0.0,False,False,0.0,0.0,False,False,0.0,0.0,False,False,0.0,0.0
409828_2018-11-06_14-02-59_filtered_2026-04-09_04-59-00,0,5,False,False,0.0,0.0,False,False,0.0,0.0,False,False,0.0,0.0,False,False,0.0,0.0
409828_2018-11-06_14-02-59_filtered_2026-04-09_04-59-00,0,7,False,False,0.0,0.0,False,False,0.0,0.0,False,False,0.0,0.0,False,False,0.0,0.0
409828_2018-11-06_14-02-59_filtered_2026-04-09_04-59-00,0,9,True,True,86.49000000000001,1.0,True,True,86.49000000000001,1.0,True,True,86.49000000000001,1.0,True,True,86.49000000000001,1.0
409828_2018-11-06_14-02-59_filtered_2026-04-09_04-59-00,0,65,False,False,0.0,0.0,True,True,86.49000000000001,1.0,True,True,86.49000000000001,1.0,True,True,86.49000000000001,1.0
409828_2018-11-06_14-02-59_filtered_2026-04-09_04-59-00,0,149,False,False,0.0,0.0,False,False,0.0,0.0,False,False,0.0,0.0,False,False,0.0,0.0
409828_2018-11-06_14-02-59_filtered_2026-04-09_04-59-00,1,0,False,False,0.0,0.0,False,False,0.0,0.0,False,False,0.0,0.0,False,False,0.0,0.0
409828_2018-11-06_14-02-59_filtered_2026-04-09_04-59-00,1,1,False,False,0.0,0.0,False,False,0.0,0.0,False,False,0.0,0.0,False,False,0.0,0.0
409828_2018-11-06_14-02-59_filtered_2026-04-09_04-59-00,1,2,False,False,0.0,0.0,False,False,0.0,0.0,False,False,0.0,0.0,False,False,0.0,0.0
409828_2018-11-06_14-02-59_filtered_2026-04-09_04-59-00,1,3,False,False,0.0,0.0,False,False,0.0,0.0,False,False,0.0,0.0,False,False,0.0,0.0
409828_2018-11-06_14-02-59_filtered_2026-04-09_04-59-00,1,4,False,False,0.0,0.0,False,False,0.0,0.0,False,False,0.0,0.0,False,False,0.0,0.0
409828_2018-11-06_14-02-59_filtered_2026-04-09_04-59-00,1,5,True,True,86.49000000000001,1.0,True,False,172.98000000000002,0.5,True,False,172.98000000000002,0.5,True,False,172.98000000000002,0.5
409828_2018-11-06_14-02-59_filtered_2026-04-09_04-59-00,1,6,False,False,0.0,0.0,False,False,0.0,0.0,False,False,0.0,0.0,False,False,0.0,0.0
409828_2018-11-06_14-02-59_filtered_2026-04-09_04-59-00,1,7,False,False,0.0,0.0,False,False,0.0,0.0,False,False,0.0,0.0,False,False,0.0,0.0
409828_2018-11-06_14-02-59_filtered_2026-04-09_04-59-00,1,8,False,False,0.0,0.0,False,False,0.0,0.0,False,False,0.0,0.0,False,False,0.0,0.0
409828_2018-11-06_14-02-59_filtered_2026-04-09_04-59-00,1,9,False,False,0.0,0.0,False,False,0.0,0.0,False,False,0.0,0.0,False,False,0.0,0.0
409828_2018-11-06_14-02-59_filtered_2026-04-09_04-59-00,1,10,False,False,0.0,0.0,False,False,0.0,0.0,False,False,0.0,0.0,False,False,0.0,0.0
409828_2018-11-06_14-02-59_filtered_2026-04-09_04-59-00,1,11,False,False,0.0,0.0,True,True,86.49000000000001,1.0,False,False,0.0,0.0,False,False,0.0,0.0
409828_2018-11-06_14-02-59_filtered_2026-04-09_04-59-00,1,12,False,False,0.0,0.0,False,False,0.0,0.0,False,False,0.0,0.0,False,False,0.0,0.0
409828_2018-11-06_14-02-59_filtered_2026-04-09_04-59-00,1,13,False,False,0.0,0.0,False,False,0.0,0.0,False,False,0.0,0.0,False,False,0.0,0.0
409828_2018-11-06_14-02-59_filtered_2026-04-09_04-59-00,1,14,False,False,0.0,0.0,False,False,0.0,0.0,False,False,0.0,0.0,False,False,0.0,0.0
409828_2018-11-06_14-02-59_filtered_2026-04-09_04-59-00,1,15,False,False,0.0,0.0,False,False,0.0,0.0,False,False,0.0,0.0,False,False,0.0,0.0
409828_2018-11-06_14-02-59_filtered_2026-04-09_04-59-00,1,16,False,False,0.0,0.0,True,True,86.49000000000001,1.0,False,False,0.0,0.0,False,False,0.0,0.0
409828_2018-11-06_14-02-59_filtered_2026-04-09_04-59-00,1,17,False,False,0.0,0.0,False,False,0.0,0.0,False,False,0.0,0.0,False,False,0.0,0.0
409828_2018-11-06_14-02-59_filtered_2026-04-09_04-59-00,1,18,False,False,0.0,0.0,False,False,0.0,0.0,False,False,0.0,0.0,False,False,0.0,0.0
409828_2018-11-06_14-02-59_filtered_2026-04-09_04-59-00,1,19,False,False,0.0,0.0,False,False,0.0,0.0,False,False,0.0,0.0,False,False,0.0,0.0
409828_2018-11-06_14-02-59_filtered_2026-04-09_04-59-00,1,20,False,False,0.0,0.0,False,False,0.0,0.0,False,False,0.0,0.0,False,False,0.0,0.0
409828_2018-11-06_14-02-59_filtered_2026-04-09_04-59-00,1,21,False,False,0.0,0.0,False,False,0.0,0.0,False,False,0.0,0.0,False,False,0.0,0.0
409828_2018-11-06_14-02-59_filtered_2026-04-09_04-59-00,1,22,False,False,0.0,0.0,True,True,86.49000000000001,1.0,True,True,86.49000000000001,1.0,True,True,86.49000000000001,1.0
409828_2018-11-06_14-02-59_filtered_2026-04-09_04-59-00,1,23,False,False,0.0,0.0,False,False,0.0,0.0,False,False,0.0,0.0,False,False,0.0,0.0
409828_2018-11-06_14-02-59_filtered_2026-04-09_04-59-00,1,24,True,False,4151.52,0.3958333333333333,True,True,345.96000000000004,1.0,True,True,345.96000000000004,1.0,True,True,345.96000000000004,1.0
409828_2018-11-06_14-02-59_filtered_2026-04-09_04-59-00,1,25,True,True,259.47,1.0,True,True,259.47,1.0,True,True,172.98000000000002,1.0,True,True,172.98000000000002,1.0
409828_2018-11-06_14-02-59_filtered_2026-04-09_04-59-00,1,27,False,False,0.0,0.0,False,False,0.0,0.0,False,False,0.0,0.0,False,False,0.0,0.0
409828_2018-11-06_14-02-59_filtered_2026-04-09_04-59-00,1,28,True,True,86.49000000000001,1.0,True,True,86.49000000000001,1.0,True,True,86.49000000000001,1.0,True,True,86.49000000000001,1.0
409828_2018-11-06_14-02-59_filtered_2026-04-09_04-59-00,1,30,False,False,0.0,0.0,False,False,0.0,0.0,False,False,0.0,0.0,False,False,0.0,0.0
409828_2018-11-06_14-02-59_filtered_2026-04-09_04-59-00,1,40,False,False,0.0,0.0,False,False,0.0,0.0,False,False,0.0,0.0,False,False,0.0,0.0
409828_2018-11-06_14-02-59_filtered_2026-04-09_04-59-00,1,41,True,True,86.49000000000001,1.0,True,True,86.49000000000001,1.0,True,True,86.49000000000001,1.0,True,True,86.49000000000001,1.0
409828_2018-11-06_14-02-59_filtered_2026-04-09_04-59-00,1,45,False,False,0.0,0.0,False,False,0.0,0.0,False,False,0.0,0.0,False,False,0.0,0.0
409828_2018-11-06_14-02-59_filtered_2026-04-09_04-59-00,1,53,False,False,0.0,0.0,False,False,0.0,0.0,False,False,0.0,0.0,False,False,0.0,0.0
409828_2018-11-06_14-02-59_filtered_2026-04-09_04-59-00,1,69,False,False,0.0,0.0,False,False,0.0,0.0,False,False,0.0,0.0,False,False,0.0,0.0
409828_2018-11-06_14-02-59_filtered_2026-04-09_04-59-00,1,73,False,False,0.0,0.0,False,False,0.0,0.0,False,False,0.0,0.0,False,False,0.0,0.0
409828_2018-11-06_14-02-59_filtered_2026-04-09_04-59-00,1,77,True,False,345.96000000000004,0.5,False,False,0.0,0.0,False,False,0.0,0.0,False,False,0.0,0.0
409828_2018-11-06_14-02-59_filtered_2026-04-09_04-59-00,1,93,True,True,259.47,1.0,True,True,259.47,1.0,True,True,259.47,1.0,True,True,259.47,1.0
409828_2018-11-06_14-02-59_filtered_2026-04-09_04-59-00,1,108,False,False,0.0,0.0,False,False,0.0,0.0,False,False,0.0,0.0,False,False,0.0,0.0
409828_2018-11-06_14-02-59_filtered_2026-04-09_04-59-00,1,197,True,True,86.49000000000001,1.0,False,False,0.0,0.0,False,False,0.0,0.0,False,False,0.0,0.0
409828_2018-11-06_14-02-59_filtered_2026-04-09_04-59-00,1,216,True,True,86.49000000000001,1.0,True,True,86.49000000000001,1.0,True,True,86.49000000000001,1.0,True,True,86.49000000000001,1.0
409828_2018-11-06_14-02-59_filtered_2026-04-09_04-59-00,2,0,False,False,0.0,0.0,True,True,86.49000000000001,1.0,True,True,86.49000000000001,1.0,True,True,86.49000000000001,1.0
409828_2018-11-06_14-02-59_filtered_2026-04-09_04-59-00,2,1,False,False,0.0,0.0,False,False,0.0,0.0,False,False,0.0,0.0,False,False,0.0,0.0
409828_2018-11-06_14-02-59_filtered_2026-04-09_04-59-00,2,2,False,False,0.0,0.0,False,False,0.0,0.0,False,False,0.0,0.0,False,False,0.0,0.0
409828_2018-11-06_14-02-59_filtered_2026-04-09_04-59-00,2,3,False,False,0.0,0.0,False,False,0.0,0.0,False,False,0.0,0.0,False,False,0.0,0.0
409828_2018-11-06_14-02-59_filtered_2026-04-09_04-59-00,2,4,False,False,0.0,0.0,False,False,0.0,0.0,False,False,0.0,0.0,False,False,0.0,0.0
409828_2018-11-06_14-02-59_filtered_2026-04-09_04-59-00,2,5,True,True,86.49000000000001,1.0,True,True,86.49000000000001,1.0,True,True,86.49000000000001,1.0,True,True,86.49000000000001,1.0
409828_2018-11-06_14-02-59_filtered_2026-04-09_04-59-00,2,6,False,False,0.0,0.0,False,False,0.0,0.0,False,False,0.0,0.0,False,False,0.0,0.0
409828_2018-11-06_14-02-59_filtered_2026-04-09_04-59-00,2,7,False,False,0.0,0.0,False,False,0.0,0.0,False,False,0.0,0.0,False,False,0.0,0.0
409828_2018-11-06_14-02-59_filtered_2026-04-09_04-59-00,2,8,False,False,0.0,0.0,True,True,86.49000000000001,1.0,False,False,0.0,0.0,False,False,0.0,0.0
409828_2018-11-06_14-02-59_filtered_2026-04-09_04-59-00,2,9,False,False,0.0,0.0,False,False,0.0,0.0,False,False,0.0,0.0,False,False,0.0,0.0
409828_2018-11-06_14-02-59_filtered_2026-04-09_04-59-00,2,10,False,False,0.0,0.0,False,False,0.0,0.0,False,False,0.0,0.0,False,False,0.0,0.0
409828_2018-11-06_14-02-59_filtered_2026-04-09_04-59-00,2,11,False,False,0.0,0.0,False,False,0.0,0.0,False,False,0.0,0.0,False,False,0.0,0.0
409828_2018-11-06_14-02-59_filtered_2026-04-09_04-59-00,2,12,False,False,0.0,0.0,False,False,0.0,0.0,False,False,0.0,0.0,False,False,0.0,0.0
409828_2018-11-06_14-02-59_filtered_2026-04-09_04-59-00,2,13,True,True,86.49000000000001,1.0,True,True,86.49000000000001,1.0,True,True,86.49000000000001,1.0,True,True,86.49000000000001,1.0
409828_2018-11-06_14-02-59_filtered_2026-04-09_04-59-00,2,14,False,False,0.0,0.0,False,False,0.0,0.0,False,False,0.0,0.0,False,False,0.0,0.0
409828_2018-11-06_14-02-59_filtered_2026-04-09_04-59-00,2,15,True,True,259.47,1.0,False,False,0.0,0.0,False,False,0.0,0.0,False,False,0.0,0.0
409828_2018-11-06_14-02-59_filtered_2026-04-09_04-59-00,2,16,False,False,0.0,0.0,False,False,0.0,0.0,False,False,0.0,0.0,False,False,0.0,0.0
409828_2018-11-06_14-02-59_filtered_2026-04-09_04-59-00,2,17,False,False,0.0,0.0,False,False,0.0,0.0,False,False,0.0,0.0,False,False,0.0,0.0
409828_2018-11-06_14-02-59_filtered_2026-04-09_04-59-00,2,18,False,False,0.0,0.0,True,True,86.49000000000001,1.0,False,False,0.0,0.0,False,False,0.0,0.0
409828_2018-11-06_14-02-59_filtered_2026-04-09_04-59-00,2,19,False,False,0.0,0.0,False,False,0.0,0.0,False,False,0.0,0.0,False,False,0.0,0.0
409828_2018-11-06_14-02-59_filtered_2026-04-09_04-59-00,2,20,False,False,0.0,0.0,False,False,0.0,0.0,False,False,0.0,0.0,False,False,0.0,0.0
409828_2018-11-06_14-02-59_filtered_2026-04-09_04-59-00,2,21,False,False,0.0,0.0,True,True,86.49000000000001,1.0,False,False,0.0,0.0,False,False,0.0,0.0
409828_2018-11-06_14-02-59_filtered_2026-04-09_04-59-00,2,22,True,True,86.49000000000001,1.0,True,True,86.49000000000001,1.0,True,True,86.49000000000001,1.0,True,True,86.49000000000001,1.0
409828_2018-11-06_14-02-59_filtered_2026-04-09_04-59-00,2,23,False,False,0.0,0.0,False,False,0.0,0.0,False,False,0.0,0.0,False,False,0.0,0.0
409828_2018-11-06_14-02-59_filtered_2026-04-09_04-59-00,2,24,False,False,0.0,0.0,False,False,0.0,0.0,False,False,0.0,0.0,False,False,0.0,0.0
409828_2018-11-06_14-02-59_filtered_2026-04-09_04-59-00,2,25,False,False,0.0,0.0,False,False,0.0,0.0,False,False,0.0,0.0,False,False,0.0,0.0
409828_2018-11-06_14-02-59_filtered_2026-04-09_04-59-00,2,26,False,False,0.0,0.0,False,False,0.0,0.0,False,False,0.0,0.0,False,False,0.0,0.0
409828_2018-11-06_14-02-59_filtered_2026-04-09_04-59-00,2,27,False,False,0.0,0.0,False,False,0.0,0.0,False,False,0.0,0.0,False,False,0.0,0.0
409828_2018-11-06_14-02-59_filtered_2026-04-09_04-59-00,2,28,True,True,172.98000000000002,1.0,True,False,172.98000000000002,0.5,True,True,86.49000000000001,1.0,True,True,86.49000000000001,1.0
409828_2018-11-06_14-02-59_filtered_2026-04-09_04-59-00,2,29,False,False,0.0,0.0,False,False,0.0,0.0,False,False,0.0,0.0,False,False,0.0,0.0
409828_2018-11-06_14-02-59_filtered_2026-04-09_04-59-00,2,30,True,True,172.98000000000002,1.0,True,True,86.49000000000001,1.0,False,False,0.0,0.0,False,False,0.0,0.0
409828_2018-11-06_14-02-59_filtered_2026-04-09_04-59-00,2,31,False,False,0.0,0.0,False,False,0.0,0.0,False,False,0.0,0.0,False,False,0.0,0.0
409828_2018-11-06_14-02-59_filtered_2026-04-09_04-59-00,2,32,False,False,0.0,0.0,True,True,172.98000000000002,1.0,True,True,172.98000000000002,1.0,True,True,172.98000000000002,1.0
409828_2018-11-06_14-02-59_filtered_2026-04-09_04-59-00,2,33,False,False,0.0,0.0,False,False,0.0,0.0,False,False,0.0,0.0,False,False,0.0,0.0
409828_2018-11-06_14-02-59_filtered_2026-04-09_04-59-00,2,35,False,False,0.0,0.0,False,False,0.0,0.0,False,False,0.0,0.0,False,False,0.0,0.0
409828_2018-11-06_14-02-59_filtered_2026-04-09_04-59-00,2,36,False,False,0.0,0.0,False,False,0.0,0.0,False,False,0.0,0.0,False,False,0.0,0.0
409828_2018-11-06_14-02-59_filtered_2026-04-09_04-59-00,2,37,False,False,0.0,0.0,False,False,0.0,0.0,False,False,0.0,0.0,False,False,0.0,0.0
409828_2018-11-06_14-02-59_filtered_2026-04-09_04-59-00,2,38,True,True,86.49000000000001,1.0,True,True,86.49000000000001,1.0,False,False,0.0,0.0,False,False,0.0,0.0
409828_2018-11-06_14-02-59_filtered_2026-04-09_04-59-00,2,39,False,False,0.0,0.0,False,False,0.0,0.0,False,False,0.0,0.0,False,False,0.0,0.0
409828_2018-11-06_14-02-59_filtered_2026-04-09_04-59-00,2,40,True,False,1124.3700000000001,0.23076923076923078,False,False,0.0,0.0,False,False,0.0,0.0,False,False,0.0,0.0
409828_2018-11-06_14-02-59_filtered_2026-04-09_04-59-00,2,41,False,False,0.0,0.0,False,False,0.0,0.0,False,False,0.0,0.0,False,False,0.0,0.0
409828_2018-11-06_14-02-59_filtered_2026-04-09_04-59-00,2,42,False,False,0.0,0.0,False,False,0.0,0.0,False,False,0.0,0.0,False,False,0.0,0.0
409828_2018-11-06_14-02-59_filtered_2026-04-09_04-59-00,2,43,False,False,0.0,0.0,False,False,0.0,0.0,False,False,0.0,0.0,False,False,0.0,0.0
409828_2018-11-06_14-02-59_filtered_2026-04-09_04-59-00,2,44,False,False,0.0,0.0,False,False,0.0,0.0,False,False,0.0,0.0,False,False,0.0,0.0
409828_2018-11-06_14-02-59_filtered_2026-04-09_04-59-00,2,45,False,False,0.0,0.0,False,False,0.0,0.0,False,False,0.0,0.0,False,False,0.0,0.0
409828_2018-11-06_14-02-59_filtered_2026-04-09_04-59-00,2,46,True,False,778.4100000000001,0.4444444444444444,True,True,172.98000000000002,1.0,True,True,172.98000000000002,1.0,True,True,172.98000000000002,1.0
409828_2018-11-06_14-02-59_filtered_2026-04-09_04-59-00,2,47,False,False,0.0,0.0,False,False,0.0,0.0,False,False,0.0,0.0,False,False,0.0,0.0
409828_2018-11-06_14-02-59_filtered_2026-04-09_04-59-00,2,48,True,True,9427.410000000002,1.0,True,True,259.47,1.0,True,True,259.47,1.0,True,True,259.47,1.0
409828_2018-11-06_14-02-59_filtered_2026-04-09_04-59-00,2,49,True,True,86.49000000000001,1.0,True,True,86.49000000000001,1.0,True,True,86.49000000000001,1.0,True,True,86.49000000000001,1.0
409828_2018-11-06_14-02-59_filtered_2026-04-09_04-59-00,2,50,True,False,345.96000000000004,0.75,True,True,86.49000000000001,1.0,True,True,86.49000000000001,1.0,True,True,86.49000000000001,1.0
409828_2018-11-06_14-02-59_filtered_2026-04-09_04-59-00,2,52,False,False,0.0,0.0,True,True,86.49000000000001,1.0,False,False,0.0,0.0,False,False,0.0,0.0
409828_2018-11-06_14-02-59_filtered_2026-04-09_04-59-00,2,55,True,False,605.4300000000002,0.14285714285714285,False,False,0.0,0.0,False,False,0.0,0.0,False,False,0.0,0.0
409828_2018-11-06_14-02-59_filtered_2026-04-09_04-59-00,2,61,False,False,0.0,0.0,False,False,0.0,0.0,False,False,0.0,0.0,False,False,0.0,0.0
409828_2018-11-06_14-02-59_filtered_2026-04-09_04-59-00,2,67,True,False,605.4300000000002,0.42857142857142855,False,False,0.0,0.0,False,False,0.0,0.0,False,False,0.0,0.0
409828_2018-11-06_14-02-59_filtered_2026-04-09_04-59-00,2,68,False,False,0.0,0.0,False,False,0.0,0.0,False,False,0.0,0.0,False,False,0.0,0.0
409828_2018-11-06_14-02-59_filtered_2026-04-09_04-59-00,2,72,True,True,8303.04,1.0,True,True,86.49000000000001,1.0,True,True,86.49000000000001,1.0,True,True,86.49000000000001,1.0
409828_2018-11-06_14-02-59_filtered_2026-04-09_04-59-00,2,76,False,False,0.0,0.0,False,False,0.0,0.0,False,False,0.0,0.0,False,False,0.0,0.0
409828_2018-11-06_14-02-59_filtered_2026-04-09_04-59-00,2,80,False,False,0.0,0.0,False,False,0.0,0.0,False,False,0.0,0.0,False,False,0.0,0.0
409828_2018-11-06_14-02-59_filtered_2026-04-09_04-59-00,2,85,True,True,86.49000000000001,1.0,True,True,86.49000000000001,1.0,True,True,86.49000000000001,1.0,True,True,86.49000000000001,1.0
409828_2018-11-06_14-02-59_filtered_2026-04-09_04-59-00,3,0,False,False,0.0,0.0,False,False,0.0,0.0,False,False,0.0,0.0,False,False,0.0,0.0
409828_2018-11-06_14-02-59_filtered_2026-04-09_04-59-00,3,1,False,False,0.0,0.0,False,False,0.0,0.0,False,False,0.0,0.0,False,False,0.0,0.0
409828_2018-11-06_14-02-59_filtered_2026-04-09_04-59-00,3,2,False,False,0.0,0.0,True,True,86.49000000000001,1.0,False,False,0.0,0.0,False,False,0.0,0.0
409828_2018-11-06_14-02-59_filtered_2026-04-09_04-59-00,3,3,False,False,0.0,0.0,False,False,0.0,0.0,False,False,0.0,0.0,False,False,0.0,0.0
409828_2018-11-06_14-02-59_filtered_2026-04-09_04-59-00,3,4,False,False,0.0,0.0,False,False,0.0,0.0,False,False,0.0,0.0,False,False,0.0,0.0
409828_2018-11-06_14-02-59_filtered_2026-04-09_04-59-00,3,5,False,False,0.0,0.0,False,False,0.0,0.0,False,False,0.0,0.0,False,False,0.0,0.0
409828_2018-11-06_14-02-59_filtered_2026-04-09_04-59-00,3,6,True,False,172.98000000000002,0.5,True,True,86.49000000000001,1.0,True,True,86.49000000000001,1.0,True,True,86.49000000000001,1.0
409828_2018-11-06_14-02-59_filtered_2026-04-09_04-59-00,3,7,False,False,0.0,0.0,False,False,0.0,0.0,False,False,0.0,0.0,False,False,0.0,0.0
409828_2018-11-06_14-02-59_filtered_2026-04-09_04-59-00,3,8,False,False,0.0,0.0,False,False,0.0,0.0,False,False,0.0,0.0,False,False,0.0,0.0
409828_2018-11-06_14-02-59_filtered_2026-04-09_04-59-00,3,9,False,False,0.0,0.0,False,False,0.0,0.0,False,False,0.0,0.0,False,False,0.0,0.0
409828_2018-11-06_14-02-59_filtered_2026-04-09_04-59-00,3,10,False,False,0.0,0.0,False,False,0.0,0.0,False,False,0.0,0.0,False,False,0.0,0.0
409828_2018-11-06_14-02-59_filtered_2026-04-09_04-59-00,3,11,False,False,0.0,0.0,False,False,0.0,0.0,False,False,0.0,0.0,False,False,0.0,0.0
409828_2018-11-06_14-02-59_filtered_2026-04-09_04-59-00,3,12,False,False,0.0,0.0,False,False,0.0,0.0,False,False,0.0,0.0,False,False,0.0,0.0
409828_2018-11-06_14-02-59_filtered_2026-04-09_04-59-00,3,13,False,False,0.0,0.0,False,False,0.0,0.0,False,False,0.0,0.0,False,False,0.0,0.0
409828_2018-11-06_14-02-59_filtered_2026-04-09_04-59-00,3,14,False,False,0.0,0.0,False,False,0.0,0.0,False,False,0.0,0.0,False,False,0.0,0.0
409828_2018-11-06_14-02-59_filtered_2026-04-09_04-59-00,3,15,False,False,0.0,0.0,False,False,0.0,0.0,False,False,0.0,0.0,False,False,0.0,0.0
409828_2018-11-06_14-02-59_filtered_2026-04-09_04-59-00,3,16,False,False,0.0,0.0,False,False,0.0,0.0,False,False,0.0,0.0,False,False,0.0,0.0
409828_2018-11-06_14-02-59_filtered_2026-04-09_04-59-00,3,17,False,False,0.0,0.0,False,False,0.0,0.0,False,False,0.0,0.0,False,False,0.0,0.0
409828_2018-11-06_14-02-59_filtered_2026-04-09_04-59-00,3,18,False,False,0.0,0.0,False,False,0.0,0.0,False,False,0.0,0.0,False,False,0.0,0.0
409828_2018-11-06_14-02-59_filtered_2026-04-09_04-59-00,3,19,False,False,0.0,0.0,False,False,0.0,0.0,False,False,0.0,0.0,False,False,0.0,0.0
409828_2018-11-06_14-02-59_filtered_2026-04-09_04-59-00,3,20,True,True,9340.920000000002,1.0,True,False,259.47,0.6666666666666666,True,False,259.47,0.6666666666666666,True,False,259.47,0.6666666666666666
409828_2018-11-06_14-02-59_filtered_2026-04-09_04-59-00,3,21,False,False,0.0,0.0,True,True,86.49000000000001,1.0,True,True,86.49000000000001,1.0,True,True,86.49000000000001,1.0
409828_2018-11-06_14-02-59_filtered_2026-04-09_04-59-00,3,23,False,False,0.0,0.0,False,False,0.0,0.0,False,False,0.0,0.0,False,False,0.0,0.0
409828_2018-11-06_14-02-59_filtered_2026-04-09_04-59-00,3,24,False,False,0.0,0.0,False,False,0.0,0.0,False,False,0.0,0.0,False,False,0.0,0.0
409828_2018-11-06_14-02-59_filtered_2026-04-09_04-59-00,3,25,False,False,0.0,0.0,False,False,0.0,0.0,False,False,0.0,0.0,False,False,0.0,0.0
409828_2018-11-06_14-02-59_filtered_2026-04-09_04-59-00,3,26,False,False,0.0,0.0,False,False,0.0,0.0,False,False,0.0,0.0,False,False,0.0,0.0
409828_2018-11-06_14-02-59_filtered_2026-04-09_04-59-00,3,27,False,False,0.0,0.0,False,False,0.0,0.0,False,False,0.0,0.0,False,False,0.0,0.0
409828_2018-11-06_14-02-59_filtered_2026-04-09_04-59-00,3,28,False,False,0.0,0.0,False,False,0.0,0.0,False,False,0.0,0.0,False,False,0.0,0.0
409828_2018-11-06_14-02-59_filtered_2026-04-09_04-59-00,3,30,False,False,0.0,0.0,False,False,0.0,0.0,False,False,0.0,0.0,False,False,0.0,0.0
409828_2018-11-06_14-02-59_filtered_2026-04-09_04-59-00,3,31,False,False,0.0,0.0,False,False,0.0,0.0,False,False,0.0,0.0,False,False,0.0,0.0
409828_2018-11-06_14-02-59_filtered_2026-04-09_04-59-00,3,32,True,True,86.49000000000001,1.0,True,True,86.49000000000001,1.0,True,True,86.49000000000001,1.0,True,True,86.49000000000001,1.0
409828_2018-11-06_14-02-59_filtered_2026-04-09_04-59-00,3,33,True,True,86.49000000000001,1.0,True,True,86.49000000000001,1.0,True,True,86.49000000000001,1.0,True,True,86.49000000000001,1.0
409828_2018-11-06_14-02-59_filtered_2026-04-09_04-59-00,3,34,False,False,0.0,0.0,False,False,0.0,0.0,False,False,0.0,0.0,False,False,0.0,0.0
409828_2018-11-06_14-02-59_filtered_2026-04-09_04-59-00,3,35,False,False,0.0,0.0,False,False,0.0,0.0,False,False,0.0,0.0,False,False,0.0,0.0
409828_2018-11-06_14-02-59_filtered_2026-04-09_04-59-00,3,36,True,True,86.49000000000001,1.0,True,True,86.49000000000001,1.0,True,True,86.49000000000001,1.0,True,True,86.49000000000001,1.0
409828_2018-11-06_14-02-59_filtered_2026-04-09_04-59-00,3,37,False,False,0.0,0.0,False,False,0.0,0.0,False,False,0.0,0.0,False,False,0.0,0.0
409828_2018-11-06_14-02-59_filtered_2026-04-09_04-59-00,3,38,True,True,86.49000000000001,1.0,False,False,0.0,0.0,False,False,0.0,0.0,False,False,0.0,0.0
409828_2018-11-06_14-02-59_filtered_2026-04-09_04-59-00,3,39,False,False,0.0,0.0,False,False,0.0,0.0,False,False,0.0,0.0,False,False,0.0,0.0
409828_2018-11-06_14-02-59_filtered_2026-04-09_04-59-00,3,40,False,False,0.0,0.0,False,False,0.0,0.0,False,False,0.0,0.0,False,False,0.0,0.0
409828_2018-11-06_14-02-59_filtered_2026-04-09_04-59-00,3,41,True,False,4065.0300000000007,0.6595744680851063,True,True,86.49000000000001,1.0,True,True,86.49000000000001,1.0,True,True,86.49000000000001,1.0
409828_2018-11-06_14-02-59_filtered_2026-04-09_04-59-00,3,42,False,False,0.0,0.0,True,True,86.49000000000001,1.0,False,False,0.0,0.0,False,False,0.0,0.0
409828_2018-11-06_14-02-59_filtered_2026-04-09_04-59-00,3,43,False,False,0.0,0.0,True,True,86.49000000000001,1.0,True,True,86.49000000000001,1.0,True,True,86.49000000000001,1.0
409828_2018-11-06_14-02-59_filtered_2026-04-09_04-59-00,3,44,False,False,0.0,0.0,False,False,0.0,0.0,False,False,0.0,0.0,False,False,0.0,0.0
409828_2018-11-06_14-02-59_filtered_2026-04-09_04-59-00,3,45,False,False,0.0,0.0,False,False,0.0,0.0,False,False,0.0,0.0,False,False,0.0,0.0
409828_2018-11-06_14-02-59_filtered_2026-04-09_04-59-00,3,46,False,False,0.0,0.0,False,False,0.0,0.0,False,False,0.0,0.0,False,False,0.0,0.0
409828_2018-11-06_14-02-59_filtered_2026-04-09_04-59-00,3,47,False,False,0.0,0.0,False,False,0.0,0.0,False,False,0.0,0.0,False,False,0.0,0.0
409828_2018-11-06_14-02-59_filtered_2026-04-09_04-59-00,3,48,False,False,0.0,0.0,False,False,0.0,0.0,False,False,0.0,0.0,False,False,0.0,0.0
409828_2018-11-06_14-02-59_filtered_2026-04-09_04-59-00,3,49,False,False,0.0,0.0,False,False,0.0,0.0,False,False,0.0,0.0,False,False,0.0,0.0
409828_2018-11-06_14-02-59_filtered_2026-04-09_04-59-00,3,50,False,False,0.0,0.0,False,False,0.0,0.0,False,False,0.0,0.0,False,False,0.0,0.0
409828_2018-11-06_14-02-59_filtered_2026-04-09_04-59-00,3,51,False,False,0.0,0.0,False,False,0.0,0.0,False,False,0.0,0.0,False,False,0.0,0.0
409828_2018-11-06_14-02-59_filtered_2026-04-09_04-59-00,3,52,False,False,0.0,0.0,False,False,0.0,0.0,False,False,0.0,0.0,False,False,0.0,0.0
409828_2018-11-06_14-02-59_filtered_2026-04-09_04-59-00,3,53,True,False,172.98000000000002,0.5,True,True,86.49000000000001,1.0,False,False,0.0,0.0,False,False,0.0,0.0
409828_2018-11-06_14-02-59_filtered_2026-04-09_04-59-00,3,54,False,False,0.0,0.0,False,False,0.0,0.0,False,False,0.0,0.0,False,False,0.0,0.0
409828_2018-11-06_14-02-59_filtered_2026-04-09_04-59-00,3,56,False,False,0.0,0.0,False,False,0.0,0.0,False,False,0.0,0.0,False,False,0.0,0.0
409828_2018-11-06_14-02-59_filtered_2026-04-09_04-59-00,3,57,False,False,0.0,0.0,False,False,0.0,0.0,False,False,0.0,0.0,False,False,0.0,0.0
409828_2018-11-06_14-02-59_filtered_2026-04-09_04-59-00,3,58,False,False,0.0,0.0,False,False,0.0,0.0,False,False,0.0,0.0,False,False,0.0,0.0
409828_2018-11-06_14-02-59_filtered_2026-04-09_04-59-00,3,59,False,False,0.0,0.0,False,False,0.0,0.0,False,False,0.0,0.0,False,False,0.0,0.0
409828_2018-11-06_14-02-59_filtered_2026-04-09_04-59-00,3,60,False,False,0.0,0.0,False,False,0.0,0.0,False,False,0.0,0.0,False,False,0.0,0.0
409828_2018-11-06_14-02-59_filtered_2026-04-09_04-59-00,3,61,False,False,0.0,0.0,False,False,0.0,0.0,False,False,0.0,0.0,False,False,0.0,0.0
409828_2018-11-06_14-02-59_filtered_2026-04-09_04-59-00,3,62,False,False,0.0,0.0,False,False,0.0,0.0,False,False,0.0,0.0,False,False,0.0,0.0
409828_2018-11-06_14-02-59_filtered_2026-04-09_04-59-00,3,63,False,False,0.0,0.0,False,False,0.0,0.0,False,False,0.0,0.0,False,False,0.0,0.0
409828_2018-11-06_14-02-59_filtered_2026-04-09_04-59-00,3,65,False,False,0.0,0.0,False,False,0.0,0.0,False,False,0.0,0.0,False,False,0.0,0.0
409828_2018-11-06_14-02-59_filtered_2026-04-09_04-59-00,3,66,False,False,0.0,0.0,False,False,0.0,0.0,False,False,0.0,0.0,False,False,0.0,0.0
409828_2018-11-06_14-02-59_filtered_2026-04-09_04-59-00,3,67,False,False,0.0,0.0,False,False,0.0,0.0,False,False,0.0,0.0,False,False,0.0,0.0
409828_2018-11-06_14-02-59_filtered_2026-04-09_04-59-00,3,68,False,False,0.0,0.0,False,False,0.0,0.0,False,False,0.0,0.0,False,False,0.0,0.0
409828_2018-11-06_14-02-59_filtered_2026-04-09_04-59-00,3,69,True,False,432.45000000000005,0.6,True,True,259.47,1.0,True,True,259.47,1.0,True,True,259.47,1.0
409828_2018-11-06_14-02-59_filtered_2026-04-09_04-59-00,3,70,True,False,691.9200000000001,0.25,False,False,0.0,0.0,False,False,0.0,0.0,False,False,0.0,0.0
409828_2018-11-06_14-02-59_filtered_2026-04-09_04-59-00,3,71,False,False,0.0,0.0,False,False,0.0,0.0,False,False,0.0,0.0,False,False,0.0,0.0
409828_2018-11-06_14-02-59_filtered_2026-04-09_04-59-00,3,72,False,False,0.0,0.0,False,False,0.0,0.0,False,False,0.0,0.0,False,False,0.0,0.0
409828_2018-11-06_14-02-59_filtered_2026-04-09_04-59-00,3,73,True,True,86.49000000000001,1.0,False,False,0.0,0.0,False,False,0.0,0.0,False,False,0.0,0.0
409828_2018-11-06_14-02-59_filtered_2026-04-09_04-59-00,3,74,False,False,0.0,0.0,False,False,0.0,0.0,False,False,0.0,0.0,False,False,0.0,0.0
409828_2018-11-06_14-02-59_filtered_2026-04-09_04-59-00,3,75,False,False,0.0,0.0,False,False,0.0,0.0,False,False,0.0,0.0,False,False,0.0,0.0
409828_2018-11-06_14-02-59_filtered_2026-04-09_04-59-00,3,76,True,False,6140.790000000001,0.6619718309859155,True,True,172.98000000000002,1.0,True,True,172.98000000000002,1.0,True,True,172.98000000000002,1.0
409828_2018-11-06_14-02-59_filtered_2026-04-09_04-59-00,3,77,False,False,0.0,0.0,True,True,86.49000000000001,1.0,False,False,0.0,0.0,False,False,0.0,0.0
409828_2018-11-06_14-02-59_filtered_2026-04-09_04-59-00,3,78,True,True,86.49000000000001,1.0,False,False,0.0,0.0,False,False,0.0,0.0,False,False,0.0,0.0
409828_2018-11-06_14-02-59_filtered_2026-04-09_04-59-00,3,80,True,False,605.4300000000002,0.2857142857142857,True,True,86.49000000000001,1.0,True,True,86.49000000000001,1.0,True,True,86.49000000000001,1.0
409828_2018-11-06_14-02-59_filtered_2026-04-09_04-59-00,3,82,False,False,0.0,0.0,False,False,0.0,0.0,False,False,0.0,0.0,False,False,0.0,0.0
409828_2018-11-06_14-02-59_filtered_2026-04-09_04-59-00,3,83,True,False,6140.790000000001,0.49295774647887325,False,False,0.0,0.0,False,False,0.0,0.0,False,False,0.0,0.0
409828_2018-11-06_14-02-59_filtered_2026-04-09_04-59-00,3,84,True,True,86.49000000000001,1.0,True,True,86.49000000000001,1.0,True,True,86.49000000000001,1.0,True,True,86.49000000000001,1.0
409828_2018-11-06_14-02-59_filtered_2026-04-09_04-59-00,3,85,False,False,0.0,0.0,False,False,0.0,0.0,False,False,0.0,0.0,False,False,0.0,0.0
409828_2018-11-06_14-02-59_filtered_2026-04-09_04-59-00,3,86,True,False,259.47,0.6666666666666666,True,True,172.98000000000002,1.0,True,True,172.98000000000002,1.0,True,True,172.98000000000002,1.0
409828_2018-11-06_14-02-59_filtered_2026-04-09_04-59-00,3,87,False,False,0.0,0.0,False,False,0.0,0.0,False,False,0.0,0.0,False,False,0.0,0.0
409828_2018-11-06_14-02-59_filtered_2026-04-09_04-59-00,3,88,True,False,518.94,0.16666666666666666,True,True,86.49000000000001,1.0,True,True,86.49000000000001,1.0,True,True,86.49000000000001,1.0
409828_2018-11-06_14-02-59_filtered_2026-04-09_04-59-00,3,90,True,True,9600.390000000003,1.0,True,False,259.47,0.6666666666666666,True,False,259.47,0.6666666666666666,True,False,259.47,0.6666666666666666
409828_2018-11-06_14-02-59_filtered_2026-04-09_04-59-00,3,91,False,False,0.0,0.0,False,False,0.0,0.0,False,False,0.0,0.0,False,False,0.0,0.0
409828_2018-11-06_14-02-59_filtered_2026-04-09_04-59-00,3,92,True,True,86.49000000000001,1.0,True,False,172.98000000000002,0.5,True,False,172.98000000000002,0.5,True,False,172.98000000000002,0.5
409828_2018-11-06_14-02-59_filtered_2026-04-09_04-59-00,3,93,True,True,86.49000000000001,1.0,True,True,86.49000000000001,1.0,True,True,86.49000000000001,1.0,True,True,86.49000000000001,1.0
409828_2018-11-06_14-02-59_filtered_2026-04-09_04-59-00,3,94,True,True,86.49000000000001,1.0,True,True,86.49000000000001,1.0,True,True,86.49000000000001,1.0,True,True,86.49000000000001,1.0
409828_2018-11-06_14-02-59_filtered_2026-04-09_04-59-00,3,95,False,False,0.0,0.0,False,False,0.0,0.0,False,False,0.0,0.0,False,False,0.0,0.0
409828_2018-11-06_14-02-59_filtered_2026-04-09_04-59-00,3,96,False,False,0.0,0.0,False,False,0.0,0.0,False,False,0.0,0.0,False,False,0.0,0.0
409828_2018-11-06_14-02-59_filtered_2026-04-09_04-59-00,3,98,True,False,1210.8600000000004,0.5714285714285714,True,True,86.49000000000001,1.0,True,True,86.49000000000001,1.0,True,True,86.49000000000001,1.0
409828_2018-11-06_14-02-59_filtered_2026-04-09_04-59-00,3,99,True,True,86.49000000000001,1.0,True,True,86.49000000000001,1.0,True,True,86.49000000000001,1.0,True,True,86.49000000000001,1.0
409828_2018-11-06_14-02-59_filtered_2026-04-09_04-59-00,3,100,False,False,0.0,0.0,False,False,0.0,0.0,False,False,0.0,0.0,False,False,0.0,0.0
409828_2018-11-06_14-02-59_filtered_2026-04-09_04-59-00,3,101,True,True,86.49000000000001,1.0,True,True,86.49000000000001,1.0,True,True,86.49000000000001,1.0,True,True,86.49000000000001,1.0
409828_2018-11-06_14-02-59_filtered_2026-04-09_04-59-00,3,102,False,False,0.0,0.0,False,False,0.0,0.0,False,False,0.0,0.0,False,False,0.0,0.0
409828_2018-11-06_14-02-59_filtered_2026-04-09_04-59-00,3,103,False,False,0.0,0.0,True,True,86.49000000000001,1.0,True,True,86.49000000000001,1.0,True,True,86.49000000000001,1.0
409828_2018-11-06_14-02-59_filtered_2026-04-09_04-59-00,3,104,False,False,0.0,0.0,False,False,0.0,0.0,False,False,0.0,0.0,False,False,0.0,0.0
409828_2018-11-06_14-02-59_filtered_2026-04-09_04-59-00,3,105,False,False,0.0,0.0,False,False,0.0,0.0,False,False,0.0,0.0,False,False,0.0,0.0
409828_2018-11-06_14-02-59_filtered_2026-04-09_04-59-00,3,106,False,False,0.0,0.0,True,True,86.49000000000001,1.0,True,True,86.49000000000001,1.0,True,True,86.49000000000001,1.0
409828_2018-11-06_14-02-59_filtered_2026-04-09_04-59-00,3,107,False,False,0.0,0.0,False,False,0.0,0.0,False,False,0.0,0.0,False,False,0.0,0.0
409828_2018-11-06_14-02-59_filtered_2026-04-09_04-59-00,3,109,False,False,0.0,0.0,False,False,0.0,0.0,False,False,0.0,0.0,False,False,0.0,0.0
409828_2018-11-06_14-02-59_filtered_2026-04-09_04-59-00,3,111,False,False,0.0,0.0,False,False,0.0,0.0,False,False,0.0,0.0,False,False,0.0,0.0
409828_2018-11-06_14-02-59_filtered_2026-04-09_04-59-00,3,112,False,False,0.0,0.0,False,False,0.0,0.0,False,False,0.0,0.0,False,False,0.0,0.0
409828_2018-11-06_14-02-59_filtered_2026-04-09_04-59-00,3,113,False,False,0.0,0.0,False,False,0.0,0.0,False,False,0.0,0.0,False,False,0.0,0.0
409828_2018-11-06_14-02-59_filtered_2026-04-09_04-59-00,3,114,False,False,0.0,0.0,False,False,0.0,0.0,False,False,0.0,0.0,False,False,0.0,0.0
409828_2018-11-06_14-02-59_filtered_2026-04-09_04-59-00,3,115,False,False,0.0,0.0,False,False,0.0,0.0,False,False,0.0,0.0,False,False,0.0,0.0
409828_2018-11-06_14-02-59_filtered_2026-04-09_04-59-00,3,116,True,False,259.47,0.6666666666666666,True,True,86.49000000000001,1.0,True,True,86.49000000000001,1.0,True,True,86.49000000000001,1.0
409828_2018-11-06_14-02-59_filtered_2026-04-09_04-59-00,3,117,False,False,0.0,0.0,False,False,0.0,0.0,False,False,0.0,0.0,False,False,0.0,0.0
409828_2018-11-06_14-02-59_filtered_2026-04-09_04-59-00,3,118,False,False,0.0,0.0,False,False,0.0,0.0,False,False,0.0,0.0,False,False,0.0,0.0
409828_2018-11-06_14-02-59_filtered_2026-04-09_04-59-00,3,119,False,False,0.0,0.0,False,False,0.0,0.0,False,False,0.0,0.0,False,False,0.0,0.0
409828_2018-11-06_14-02-59_filtered_2026-04-09_04-59-00,3,120,False,False,0.0,0.0,False,False,0.0,0.0,False,False,0.0,0.0,False,False,0.0,0.0
409828_2018-11-06_14-02-59_filtered_2026-04-09_04-59-00,3,121,False,False,0.0,0.0,False,False,0.0,0.0,False,False,0.0,0.0,False,False,0.0,0.0
409828_2018-11-06_14-02-59_filtered_2026-04-09_04-59-00,3,122,False,False,0.0,0.0,False,False,0.0,0.0,False,False,0.0,0.0,False,False,0.0,0.0
409828_2018-11-06_14-02-59_filtered_2026-04-09_04-59-00,3,124,True,True,172.98000000000002,1.0,True,True,172.98000000000002,1.0,True,True,86.49000000000001,1.0,True,True,86.49000000000001,1.0
409828_2018-11-06_14-02-59_filtered_2026-04-09_04-59-00,3,126,False,False,0.0,0.0,False,False,0.0,0.0,False,False,0.0,0.0,False,False,0.0,0.0
409828_2018-11-06_14-02-59_filtered_2026-04-09_04-59-00,3,128,False,False,0.0,0.0,False,False,0.0,0.0,False,False,0.0,0.0,False,False,0.0,0.0
409828_2018-11-06_14-02-59_filtered_2026-04-09_04-59-00,3,130,True,False,2335.2300000000005,0.25925925925925924,True,False,432.45000000000005,0.6,True,False,345.96000000000004,0.75,True,False,345.96000000000004,0.75
409828_2018-11-06_14-02-59_filtered_2026-04-09_04-59-00,3,131,True,True,172.98000000000002,1.0,True,True,172.98000000000002,1.0,True,True,172.98000000000002,1.0,True,True,172.98000000000002,1.0
409828_2018-11-06_14-02-59_filtered_2026-04-09_04-59-00,3,132,False,False,0.0,0.0,False,False,0.0,0.0,False,False,0.0,0.0,False,False,0.0,0.0
409828_2018-11-06_14-02-59_filtered_2026-04-09_04-59-00,3,133,False,False,0.0,0.0,False,False,0.0,0.0,False,False,0.0,0.0,False,False,0.0,0.0
409828_2018-11-06_14-02-59_filtered_2026-04-09_04-59-00,3,134,True,True,86.49000000000001,1.0,False,False,0.0,0.0,False,False,0.0,0.0,False,False,0.0,0.0
409828_2018-11-06_14-02-59_filtered_2026-04-09_04-59-00,3,135,False,False,0.0,0.0,False,False,0.0,0.0,False,False,0.0,0.0,False,False,0.0,0.0
409828_2018-11-06_14-02-59_filtered_2026-04-09_04-59-00,3,138,True,False,172.98000000000002,0.5,False,False,0.0,0.0,False,False,0.0,0.0,False,False,0.0,0.0
409828_2018-11-06_14-02-59_filtered_2026-04-09_04-59-00,3,143,False,False,0.0,0.0,True,True,86.49000000000001,1.0,True,True,86.49000000000001,1.0,True,True,86.49000000000001,1.0
409828_2018-11-06_14-02-59_filtered_2026-04-09_04-59-00,3,144,False,False,0.0,0.0,True,True,86.49000000000001,1.0,False,False,0.0,0.0,False,False,0.0,0.0
409828_2018-11-06_14-02-59_filtered_2026-04-09_04-59-00,3,147,False,False,0.0,0.0,False,False,0.0,0.0,False,False,0.0,0.0,False,False,0.0,0.0
409828_2018-11-06_14-02-59_filtered_2026-04-09_04-59-00,3,148,False,False,0.0,0.0,False,False,0.0,0.0,False,False,0.0,0.0,False,False,0.0,0.0
409828_2018-11-06_14-02-59_filtered_2026-04-09_04-59-00,3,149,False,False,0.0,0.0,False,False,0.0,0.0,False,False,0.0,0.0,False,False,0.0,0.0
409828_2018-11-06_14-02-59_filtered_2026-04-09_04-59-00,3,150,True,False,432.45000000000005,0.4,False,False,0.0,0.0,False,False,0.0,0.0,False,False,0.0,0.0
409828_2018-11-06_14-02-59_filtered_2026-04-09_04-59-00,3,154,False,False,0.0,0.0,False,False,0.0,0.0,False,False,0.0,0.0,False,False,0.0,0.0
409828_2018-11-06_14-02-59_filtered_2026-04-09_04-59-00,3,155,False,False,0.0,0.0,False,False,0.0,0.0,False,False,0.0,0.0,False,False,0.0,0.0
409828_2018-11-06_14-02-59_filtered_2026-04-09_04-59-00,3,156,True,True,172.98000000000002,1.0,True,True,86.49000000000001,1.0,True,True,86.49000000000001,1.0,True,True,86.49000000000001,1.0
409828_2018-11-06_14-02-59_filtered_2026-04-09_04-59-00,3,157,True,False,259.47,0.3333333333333333,True,True,86.49000000000001,1.0,False,False,0.0,0.0,False,False,0.0,0.0
409828_2018-11-06_14-02-59_filtered_2026-04-09_04-59-00,3,159,False,False,0.0,0.0,False,False,0.0,0.0,False,False,0.0,0.0,False,False,0.0,0.0
409828_2018-11-06_14-02-59_filtered_2026-04-09_04-59-00,3,160,False,False,0.0,0.0,False,False,0.0,0.0,False,False,0.0,0.0,False,False,0.0,0.0
409828_2018-11-06_14-02-59_filtered_2026-04-09_04-59-00,3,161,True,False,1556.8200000000002,0.16666666666666666,True,True,172.98000000000002,1.0,True,True,172.98000000000002,1.0,True,True,172.98000000000002,1.0
409828_2018-11-06_14-02-59_filtered_2026-04-09_04-59-00,3,162,False,False,0.0,0.0,False,False,0.0,0.0,False,False,0.0,0.0,False,False,0.0,0.0
409828_2018-11-06_14-02-59_filtered_2026-04-09_04-59-00,3,164,False,False,0.0,0.0,False,False,0.0,0.0,False,False,0.0,0.0,False,False,0.0,0.0
409828_2018-11-06_14-02-59_filtered_2026-04-09_04-59-00,3,165,False,False,0.0,0.0,False,False,0.0,0.0,False,False,0.0,0.0,False,False,0.0,0.0
409828_2018-11-06_14-02-59_filtered_2026-04-09_04-59-00,3,167,True,False,1297.3500000000001,0.3333333333333333,True,True,259.47,1.0,True,True,259.47,1.0,True,True,259.47,1.0
409828_2018-11-06_14-02-59_filtered_2026-04-09_04-59-00,3,174,False,False,0.0,0.0,False,False,0.0,0.0,False,False,0.0,0.0,False,False,0.0,0.0
409828_2018-11-06_14-02-59_filtered_2026-04-09_04-59-00,3,175,False,False,0.0,0.0,False,False,0.0,0.0,False,False,0.0,0.0,False,False,0.0,0.0
409828_2018-11-06_14-02-59_filtered_2026-04-09_04-59-00,3,181,False,False,0.0,0.0,False,False,0.0,0.0,False,False,0.0,0.0,False,False,0.0,0.0
409828_2018-11-06_14-02-59_filtered_2026-04-09_04-59-00,3,183,True,True,86.49000000000001,1.0,True,True,86.49000000000001,1.0,True,True,86.49000000000001,1.0,True,True,86.49000000000001,1.0
409828_2018-11-06_14-02-59_filtered_2026-04-09_04-59-00,3,184,False,False,0.0,0.0,True,True,86.49000000000001,1.0,True,True,86.49000000000001,1.0,True,True,86.49000000000001,1.0
409828_2018-11-06_14-02-59_filtered_2026-04-09_04-59-00,3,189,False,False,0.0,0.0,False,False,0.0,0.0,False,False,0.0,0.0,False,False,0.0,0.0
409828_2018-11-06_14-02-59_filtered_2026-04-09_04-59-00,3,195,False,False,0.0,0.0,False,False,0.0,0.0,False,False,0.0,0.0,False,False,0.0,0.0
409828_2018-11-06_14-02-59_filtered_2026-04-09_04-59-00,3,197,True,False,1037.88,0.25,True,True,172.98000000000002,1.0,True,True,172.98000000000002,1.0,True,True,172.98000000000002,1.0
409828_2018-11-06_14-02-59_filtered_2026-04-09_04-59-00,3,202,False,False,0.0,0.0,False,False,0.0,0.0,False,False,0.0,0.0,False,False,0.0,0.0
409828_2018-11-06_14-02-59_filtered_2026-04-09_04-59-00,3,205,False,False,0.0,0.0,False,False,0.0,0.0,False,False,0.0,0.0,False,False,0.0,0.0
409828_2018-11-06_14-02-59_filtered_2026-04-09_04-59-00,3,231,True,True,86.49000000000001,1.0,True,True,86.49000000000001,1.0,False,False,0.0,0.0,False,False,0.0,0.0
409828_2018-11-06_14-02-59_filtered_2026-04-09_04-59-00,3,240,True,True,172.98000000000002,1.0,True,False,259.47,0.6666666666666666,True,False,259.47,0.6666666666666666,True,False,259.47,0.6666666666666666
409828_2018-11-06_14-02-59_filtered_2026-04-09_04-59-00,3,245,False,False,0.0,0.0,False,False,0.0,0.0,False,False,0.0,0.0,False,False,0.0,0.0
409828_2018-11-06_14-02-59_filtered_2026-04-09_04-59-00,3,259,True,True,86.49000000000001,1.0,True,True,86.49000000000001,1.0,True,True,86.49000000000001,1.0,True,True,86.49000000000001,1.0
409828_2018-11-06_14-02-59_filtered_2026-04-09_04-59-00,3,272,False,False,0.0,0.0,False,False,0.0,0.0,False,False,0.0,0.0,False,False,0.0,0.0
409828_2018-11-06_14-02-59_filtered_2026-04-09_04-59-00,3,276,False,False,0.0,0.0,False,False,0.0,0.0,False,False,0.0,0.0,False,False,0.0,0.0
409828_2018-11-06_14-02-59_filtered_2026-04-09_04-59-00,3,282,False,False,0.0,0.0,False,False,0.0,0.0,False,False,0.0,0.0,False,False,0.0,0.0
409828_2018-11-06_14-02-59_filtered_2026-04-09_04-59-00,3,317,False,False,0.0,0.0,False,False,0.0,0.0,False,False,0.0,0.0,False,False,0.0,0.0
409828_2018-11-06_14-02-59_filtered_2026-04-09_04-59-00,3,324,False,False,0.0,0.0,False,False,0.0,0.0,False,False,0.0,0.0,False,False,0.0,0.0
409828_2018-11-06_14-02-59_filtered_2026-04-09_04-59-00,3,326,False,False,0.0,0.0,False,False,0.0,0.0,False,False,0.0,0.0,False,False,0.0,0.0
409828_2018-11-06_14-02-59_filtered_2026-04-09_04-59-00,3,353,True,True,172.98000000000002,1.0,True,True,172.98000000000002,1.0,True,True,172.98000000000002,1.0,True,True,172.98000000000002,1.0
409828_2018-11-06_14-02-59_filtered_2026-04-09_04-59-00,3,435,False,False,0.0,0.0,False,False,0.0,0.0,False,False,0.0,0.0,False,False,0.0,0.0
409828_2018-11-06_14-02-59_filtered_2026-04-09_04-59-00,3,464,True,True,86.49000000000001,1.0,True,True,86.49000000000001,1.0,True,True,86.49000000000001,1.0,True,True,86.49000000000001,1.0
409828_2018-11-06_14-02-59_filtered_2026-04-09_04-59-00,3,498,False,False,0.0,0.0,False,False,0.0,0.0,False,False,0.0,0.0,False,False,0.0,0.0
409828_2018-11-06_14-02-59_filtered_2026-04-09_04-59-00,3,516,True,True,86.49000000000001,1.0,True,True,86.49000000000001,1.0,True,True,86.49000000000001,1.0,True,True,86.49000000000001,1.0
409828_2018-11-06_14-02-59_filtered_2026-04-09_04-59-00,4,0,False,False,0.0,0.0,False,False,0.0,0.0,False,False,0.0,0.0,False,False,0.0,0.0
409828_2018-11-06_14-02-59_filtered_2026-04-09_04-59-00,4,1,False,False,0.0,0.0,False,False,0.0,0.0,False,False,0.0,0.0,False,False,0.0,0.0
409828_2018-11-06_14-02-59_filtered_2026-04-09_04-59-00,4,2,False,False,0.0,0.0,False,False,0.0,0.0,False,False,0.0,0.0,False,False,0.0,0.0
409828_2018-11-06_14-02-59_filtered_2026-04-09_04-59-00,4,3,False,False,0.0,0.0,False,False,0.0,0.0,False,False,0.0,0.0,False,False,0.0,0.0
409828_2018-11-06_14-02-59_filtered_2026-04-09_04-59-00,4,4,False,False,0.0,0.0,False,False,0.0,0.0,False,False,0.0,0.0,False,False,0.0,0.0
409828_2018-11-06_14-02-59_filtered_2026-04-09_04-59-00,4,5,False,False,0.0,0.0,False,False,0.0,0.0,False,False,0.0,0.0,False,False,0.0,0.0
409828_2018-11-06_14-02-59_filtered_2026-04-09_04-59-00,4,6,False,False,0.0,0.0,False,False,0.0,0.0,False,False,0.0,0.0,False,False,0.0,0.0
409828_2018-11-06_14-02-59_filtered_2026-04-09_04-59-00,4,7,False,False,0.0,0.0,False,False,0.0,0.0,False,False,0.0,0.0,False,False,0.0,0.0
409828_2018-11-06_14-02-59_filtered_2026-04-09_04-59-00,4,8,True,True,86.49000000000001,1.0,True,True,86.49000000000001,1.0,True,True,86.49000000000001,1.0,True,True,86.49000000000001,1.0
409828_2018-11-06_14-02-59_filtered_2026-04-09_04-59-00,4,9,False,False,0.0,0.0,False,False,0.0,0.0,False,False,0.0,0.0,False,False,0.0,0.0
409828_2018-11-06_14-02-59_filtered_2026-04-09_04-59-00,4,10,False,False,0.0,0.0,False,False,0.0,0.0,False,False,0.0,0.0,False,False,0.0,0.0
409828_2018-11-06_14-02-59_filtered_2026-04-09_04-59-00,4,11,False,False,0.0,0.0,False,False,0.0,0.0,False,False,0.0,0.0,False,False,0.0,0.0
409828_2018-11-06_14-02-59_filtered_2026-04-09_04-59-00,4,12,False,False,0.0,0.0,False,False,0.0,0.0,False,False,0.0,0.0,False,False,0.0,0.0
409828_2018-11-06_14-02-59_filtered_2026-04-09_04-59-00,4,13,False,False,0.0,0.0,False,False,0.0,0.0,False,False,0.0,0.0,False,False,0.0,0.0
409828_2018-11-06_14-02-59_filtered_2026-04-09_04-59-00,4,14,False,False,0.0,0.0,False,False,0.0,0.0,False,False,0.0,0.0,False,False,0.0,0.0
409828_2018-11-06_14-02-59_filtered_2026-04-09_04-59-00,4,15,False,False,0.0,0.0,False,False,0.0,0.0,False,False,0.0,0.0,False,False,0.0,0.0
409828_2018-11-06_14-02-59_filtered_2026-04-09_04-59-00,4,16,False,False,0.0,0.0,False,False,0.0,0.0,False,False,0.0,0.0,False,False,0.0,0.0
409828_2018-11-06_14-02-59_filtered_2026-04-09_04-59-00,4,17,False,False,0.0,0.0,False,False,0.0,0.0,False,False,0.0,0.0,False,False,0.0,0.0
409828_2018-11-06_14-02-59_filtered_2026-04-09_04-59-00,4,18,False,False,0.0,0.0,False,False,0.0,0.0,False,False,0.0,0.0,False,False,0.0,0.0
409828_2018-11-06_14-02-59_filtered_2026-04-09_04-59-00,4,19,False,False,0.0,0.0,True,True,86.49000000000001,1.0,True,True,86.49000000000001,1.0,True,True,86.49000000000001,1.0
409828_2018-11-06_14-02-59_filtered_2026-04-09_04-59-00,4,20,False,False,0.0,0.0,False,False,0.0,0.0,False,False,0.0,0.0,False,False,0.0,0.0
409828_2018-11-06_14-02-59_filtered_2026-04-09_04-59-00,4,21,False,False,0.0,0.0,False,False,0.0,0.0,False,False,0.0,0.0,False,False,0.0,0.0
409828_2018-11-06_14-02-59_filtered_2026-04-09_04-59-00,4,22,False,False,0.0,0.0,False,False,0.0,0.0,False,False,0.0,0.0,False,False,0.0,0.0
409828_2018-11-06_14-02-59_filtered_2026-04-09_04-59-00,4,23,False,False,0.0,0.0,False,False,0.0,0.0,False,False,0.0,0.0,False,False,0.0,0.0
409828_2018-11-06_14-02-59_filtered_2026-04-09_04-59-00,4,24,False,False,0.0,0.0,True,True,86.49000000000001,1.0,False,False,0.0,0.0,False,False,0.0,0.0
409828_2018-11-06_14-02-59_filtered_2026-04-09_04-59-00,4,25,False,False,0.0,0.0,False,False,0.0,0.0,False,False,0.0,0.0,False,False,0.0,0.0
409828_2018-11-06_14-02-59_filtered_2026-04-09_04-59-00,4,26,False,False,0.0,0.0,False,False,0.0,0.0,False,False,0.0,0.0,False,False,0.0,0.0
409828_2018-11-06_14-02-59_filtered_2026-04-09_04-59-00,4,27,False,False,0.0,0.0,False,False,0.0,0.0,False,False,0.0,0.0,False,False,0.0,0.0
409828_2018-11-06_14-02-59_filtered_2026-04-09_04-59-00,4,28,False,False,0.0,0.0,False,False,0.0,0.0,False,False,0.0,0.0,False,False,0.0,0.0
409828_2018-11-06_14-02-59_filtered_2026-04-09_04-59-00,4,29,False,False,0.0,0.0,False,False,0.0,0.0,False,False,0.0,0.0,False,False,0.0,0.0
409828_2018-11-06_14-02-59_filtered_2026-04-09_04-59-00,4,30,False,False,0.0,0.0,False,False,0.0,0.0,False,False,0.0,0.0,False,False,0.0,0.0
409828_2018-11-06_14-02-59_filtered_2026-04-09_04-59-00,4,31,True,True,86.49000000000001,1.0,True,True,86.49000000000001,1.0,True,True,86.49000000000001,1.0,True,True,86.49000000000001,1.0
409828_2018-11-06_14-02-59_filtered_2026-04-09_04-59-00,4,32,False,False,0.0,0.0,False,False,0.0,0.0,False,False,0.0,0.0,False,False,0.0,0.0
409828_2018-11-06_14-02-59_filtered_2026-04-09_04-59-00,4,33,False,False,0.0,0.0,False,False,0.0,0.0,False,False,0.0,0.0,False,False,0.0,0.0
409828_2018-11-06_14-02-59_filtered_2026-04-09_04-59-00,4,34,False,False,0.0,0.0,False,False,0.0,0.0,False,False,0.0,0.0,False,False,0.0,0.0
409828_2018-11-06_14-02-59_filtered_2026-04-09_04-59-00,4,35,False,False,0.0,0.0,False,False,0.0,0.0,False,False,0.0,0.0,False,False,0.0,0.0
409828_2018-11-06_14-02-59_filtered_2026-04-09_04-59-00,4,36,False,False,0.0,0.0,True,True,86.49000000000001,1.0,False,False,0.0,0.0,False,False,0.0,0.0
409828_2018-11-06_14-02-59_filtered_2026-04-09_04-59-00,4,37,False,False,0.0,0.0,False,False,0.0,0.0,False,False,0.0,0.0,False,False,0.0,0.0
409828_2018-11-06_14-02-59_filtered_2026-04-09_04-59-00,4,38,False,False,0.0,0.0,False,False,0.0,0.0,False,False,0.0,0.0,False,False,0.0,0.0
409828_2018-11-06_14-02-59_filtered_2026-04-09_04-59-00,4,39,False,False,0.0,0.0,False,False,0.0,0.0,False,False,0.0,0.0,False,False,0.0,0.0
409828_2018-11-06_14-02-59_filtered_2026-04-09_04-59-00,4,40,False,False,0.0,0.0,False,False,0.0,0.0,False,False,0.0,0.0,False,False,0.0,0.0
409828_2018-11-06_14-02-59_filtered_2026-04-09_04-59-00,4,41,False,False,0.0,0.0,False,False,0.0,0.0,False,False,0.0,0.0,False,False,0.0,0.0
409828_2018-11-06_14-02-59_filtered_2026-04-09_04-59-00,4,42,False,False,0.0,0.0,False,False,0.0,0.0,False,False,0.0,0.0,False,False,0.0,0.0
409828_2018-11-06_14-02-59_filtered_2026-04-09_04-59-00,4,43,False,False,0.0,0.0,False,False,0.0,0.0,False,False,0.0,0.0,False,False,0.0,0.0
409828_2018-11-06_14-02-59_filtered_2026-04-09_04-59-00,4,44,False,False,0.0,0.0,False,False,0.0,0.0,False,False,0.0,0.0,False,False,0.0,0.0
409828_2018-11-06_14-02-59_filtered_2026-04-09_04-59-00,4,45,False,False,0.0,0.0,False,False,0.0,0.0,False,False,0.0,0.0,False,False,0.0,0.0
409828_2018-11-06_14-02-59_filtered_2026-04-09_04-59-00,4,46,False,False,0.0,0.0,False,False,0.0,0.0,False,False,0.0,0.0,False,False,0.0,0.0
409828_2018-11-06_14-02-59_filtered_2026-04-09_04-59-00,4,47,False,False,0.0,0.0,False,False,0.0,0.0,False,False,0.0,0.0,False,False,0.0,0.0
409828_2018-11-06_14-02-59_filtered_2026-04-09_04-59-00,4,48,False,False,0.0,0.0,False,False,0.0,0.0,False,False,0.0,0.0,False,False,0.0,0.0
409828_2018-11-06_14-02-59_filtered_2026-04-09_04-59-00,4,49,False,False,0.0,0.0,True,True,86.49000000000001,1.0,False,False,0.0,0.0,False,False,0.0,0.0
409828_2018-11-06_14-02-59_filtered_2026-04-09_04-59-00,4,50,False,False,0.0,0.0,False,False,0.0,0.0,False,False,0.0,0.0,False,False,0.0,0.0
409828_2018-11-06_14-02-59_filtered_2026-04-09_04-59-00,4,51,False,False,0.0,0.0,False,False,0.0,0.0,False,False,0.0,0.0,False,False,0.0,0.0
409828_2018-11-06_14-02-59_filtered_2026-04-09_04-59-00,4,52,False,False,0.0,0.0,False,False,0.0,0.0,False,False,0.0,0.0,False,False,0.0,0.0
409828_2018-11-06_14-02-59_filtered_2026-04-09_04-59-00,4,53,False,False,0.0,0.0,False,False,0.0,0.0,False,False,0.0,0.0,False,False,0.0,0.0
409828_2018-11-06_14-02-59_filtered_2026-04-09_04-59-00,4,54,False,False,0.0,0.0,False,False,0.0,0.0,False,False,0.0,0.0,False,False,0.0,0.0
409828_2018-11-06_14-02-59_filtered_2026-04-09_04-59-00,4,55,False,False,0.0,0.0,False,False,0.0,0.0,False,False,0.0,0.0,False,False,0.0,0.0
409828_2018-11-06_14-02-59_filtered_2026-04-09_04-59-00,4,56,False,False,0.0,0.0,False,False,0.0,0.0,False,False,0.0,0.0,False,False,0.0,0.0
409828_2018-11-06_14-02-59_filtered_2026-04-09_04-59-00,4,57,False,False,0.0,0.0,False,False,0.0,0.0,False,False,0.0,0.0,False,False,0.0,0.0
409828_2018-11-06_14-02-59_filtered_2026-04-09_04-59-00,4,58,True,True,86.49000000000001,1.0,True,True,86.49000000000001,1.0,True,True,86.49000000000001,1.0,True,True,86.49000000000001,1.0
409828_2018-11-06_14-02-59_filtered_2026-04-09_04-59-00,4,59,False,False,0.0,0.0,False,False,0.0,0.0,False,False,0.0,0.0,False,False,0.0,0.0
409828_2018-11-06_14-02-59_filtered_2026-04-09_04-59-00,4,60,False,False,0.0,0.0,False,False,0.0,0.0,False,False,0.0,0.0,False,False,0.0,0.0
409828_2018-11-06_14-02-59_filtered_2026-04-09_04-59-00,4,61,False,False,0.0,0.0,False,False,0.0,0.0,False,False,0.0,0.0,False,False,0.0,0.0
409828_2018-11-06_14-02-59_filtered_2026-04-09_04-59-00,4,62,False,False,0.0,0.0,True,True,86.49000000000001,1.0,True,True,86.49000000000001,1.0,True,True,86.49000000000001,1.0
409828_2018-11-06_14-02-59_filtered_2026-04-09_04-59-00,4,63,False,False,0.0,0.0,False,False,0.0,0.0,False,False,0.0,0.0,False,False,0.0,0.0
409828_2018-11-06_14-02-59_filtered_2026-04-09_04-59-00,4,64,False,False,0.0,0.0,False,False,0.0,0.0,False,False,0.0,0.0,False,False,0.0,0.0
409828_2018-11-06_14-02-59_filtered_2026-04-09_04-59-00,4,65,True,True,86.49000000000001,1.0,True,True,86.49000000000001,1.0,True,True,86.49000000000001,1.0,True,True,86.49000000000001,1.0
409828_2018-11-06_14-02-59_filtered_2026-04-09_04-59-00,4,66,False,False,0.0,0.0,False,False,0.0,0.0,False,False,0.0,0.0,False,False,0.0,0.0
409828_2018-11-06_14-02-59_filtered_2026-04-09_04-59-00,4,67,False,False,0.0,0.0,False,False,0.0,0.0,False,False,0.0,0.0,False,False,0.0,0.0
409828_2018-11-06_14-02-59_filtered_2026-04-09_04-59-00,4,68,False,False,0.0,0.0,False,False,0.0,0.0,False,False,0.0,0.0,False,False,0.0,0.0
409828_2018-11-06_14-02-59_filtered_2026-04-09_04-59-00,4,69,False,False,0.0,0.0,False,False,0.0,0.0,False,False,0.0,0.0,False,False,0.0,0.0
409828_2018-11-06_14-02-59_filtered_2026-04-09_04-59-00,4,70,False,False,0.0,0.0,False,False,0.0,0.0,False,False,0.0,0.0,False,False,0.0,0.0
409828_2018-11-06_14-02-59_filtered_2026-04-09_04-59-00,4,71,False,False,0.0,0.0,False,False,0.0,0.0,False,False,0.0,0.0,False,False,0.0,0.0
409828_2018-11-06_14-02-59_filtered_2026-04-09_04-59-00,4,72,False,False,0.0,0.0,False,False,0.0,0.0,False,False,0.0,0.0,False,False,0.0,0.0
409828_2018-11-06_14-02-59_filtered_2026-04-09_04-59-00,4,73,False,False,0.0,0.0,False,False,0.0,0.0,False,False,0.0,0.0,False,False,0.0,0.0
409828_2018-11-06_14-02-59_filtered_2026-04-09_04-59-00,4,74,False,False,0.0,0.0,False,False,0.0,0.0,False,False,0.0,0.0,False,False,0.0,0.0
409828_2018-11-06_14-02-59_filtered_2026-04-09_04-59-00,4,75,True,False,778.4100000000001,0.4444444444444444,True,True,172.98000000000002,1.0,True,True,172.98000000000002,1.0,True,True,172.98000000000002,1.0
409828_2018-11-06_14-02-59_filtered_2026-04-09_04-59-00,4,76,False,False,0.0,0.0,False,False,0.0,0.0,False,False,0.0,0.0,False,False,0.0,0.0
409828_2018-11-06_14-02-59_filtered_2026-04-09_04-59-00,4,77,False,False,0.0,0.0,False,False,0.0,0.0,False,False,0.0,0.0,False,False,0.0,0.0
409828_2018-11-06_14-02-59_filtered_2026-04-09_04-59-00,4,78,True,False,1383.8400000000001,0.1875,True,True,86.49000000000001,1.0,True,True,86.49000000000001,1.0,True,True,86.49000000000001,1.0
409828_2018-11-06_14-02-59_filtered_2026-04-09_04-59-00,4,79,False,False,0.0,0.0,False,False,0.0,0.0,False,False,0.0,0.0,False,False,0.0,0.0
409828_2018-11-06_14-02-59_filtered_2026-04-09_04-59-00,4,81,False,False,0.0,0.0,False,False,0.0,0.0,False,False,0.0,0.0,False,False,0.0,0.0
409828_2018-11-06_14-02-59_filtered_2026-04-09_04-59-00,4,82,False,False,0.0,0.0,True,True,86.49000000000001,1.0,True,True,86.49000000000001,1.0,True,True,86.49000000000001,1.0
409828_2018-11-06_14-02-59_filtered_2026-04-09_04-59-00,4,83,False,False,0.0,0.0,True,True,86.49000000000001,1.0,True,True,86.49000000000001,1.0,True,True,86.49000000000001,1.0
409828_2018-11-06_14-02-59_filtered_2026-04-09_04-59-00,4,84,False,False,0.0,0.0,False,False,0.0,0.0,False,False,0.0,0.0,False,False,0.0,0.0
409828_2018-11-06_14-02-59_filtered_2026-04-09_04-59-00,4,85,False,False,0.0,0.0,False,False,0.0,0.0,False,False,0.0,0.0,False,False,0.0,0.0
409828_2018-11-06_14-02-59_filtered_2026-04-09_04-59-00,4,86,False,False,0.0,0.0,False,False,0.0,0.0,False,False,0.0,0.0,False,False,0.0,0.0
409828_2018-11-06_14-02-59_filtered_2026-04-09_04-59-00,4,87,False,False,0.0,0.0,True,True,86.49000000000001,1.0,True,True,86.49000000000001,1.0,True,True,86.49000000000001,1.0
409828_2018-11-06_14-02-59_filtered_2026-04-09_04-59-00,4,88,False,False,0.0,0.0,False,False,0.0,0.0,False,False,0.0,0.0,False,False,0.0,0.0
409828_2018-11-06_14-02-59_filtered_2026-04-09_04-59-00,4,89,False,False,0.0,0.0,False,False,0.0,0.0,False,False,0.0,0.0,False,False,0.0,0.0
409828_2018-11-06_14-02-59_filtered_2026-04-09_04-59-00,4,90,False,False,0.0,0.0,False,False,0.0,0.0,False,False,0.0,0.0,False,False,0.0,0.0
409828_2018-11-06_14-02-59_filtered_2026-04-09_04-59-00,4,91,False,False,0.0,0.0,False,False,0.0,0.0,False,False,0.0,0.0,False,False,0.0,0.0
409828_2018-11-06_14-02-59_filtered_2026-04-09_04-59-00,4,92,False,False,0.0,0.0,False,False,0.0,0.0,False,False,0.0,0.0,False,False,0.0,0.0
409828_2018-11-06_14-02-59_filtered_2026-04-09_04-59-00,4,93,False,False,0.0,0.0,False,False,0.0,0.0,False,False,0.0,0.0,False,False,0.0,0.0
409828_2018-11-06_14-02-59_filtered_2026-04-09_04-59-00,4,94,False,False,0.0,0.0,False,False,0.0,0.0,False,False,0.0,0.0,False,False,0.0,0.0
409828_2018-11-06_14-02-59_filtered_2026-04-09_04-59-00,4,95,True,True,86.49000000000001,1.0,True,True,86.49000000000001,1.0,True,True,86.49000000000001,1.0,True,True,86.49000000000001,1.0
409828_2018-11-06_14-02-59_filtered_2026-04-09_04-59-00,4,96,False,False,0.0,0.0,False,False,0.0,0.0,False,False,0.0,0.0,False,False,0.0,0.0
409828_2018-11-06_14-02-59_filtered_2026-04-09_04-59-00,4,97,False,False,0.0,0.0,False,False,0.0,0.0,False,False,0.0,0.0,False,False,0.0,0.0
409828_2018-11-06_14-02-59_filtered_2026-04-09_04-59-00,4,99,False,False,0.0,0.0,False,False,0.0,0.0,False,False,0.0,0.0,False,False,0.0,0.0
409828_2018-11-06_14-02-59_filtered_2026-04-09_04-59-00,4,100,False,False,0.0,0.0,False,False,0.0,0.0,False,False,0.0,0.0,False,False,0.0,0.0
409828_2018-11-06_14-02-59_filtered_2026-04-09_04-59-00,4,101,False,False,0.0,0.0,False,False,0.0,0.0,False,False,0.0,0.0,False,False,0.0,0.0
409828_2018-11-06_14-02-59_filtered_2026-04-09_04-59-00,4,102,True,False,1643.3100000000002,0.21052631578947367,True,True,86.49000000000001,1.0,True,True,86.49000000000001,1.0,True,True,86.49000000000001,1.0
409828_2018-11-06_14-02-59_filtered_2026-04-09_04-59-00,4,103,True,True,259.47,1.0,True,True,86.49000000000001,1.0,True,True,86.49000000000001,1.0,True,True,86.49000000000001,1.0
409828_2018-11-06_14-02-59_filtered_2026-04-09_04-59-00,4,104,False,False,0.0,0.0,False,False,0.0,0.0,False,False,0.0,0.0,False,False,0.0,0.0
409828_2018-11-06_14-02-59_filtered_2026-04-09_04-59-00,4,105,True,True,86.49000000000001,1.0,True,False,172.98000000000002,0.5,False,False,0.0,0.0,False,False,0.0,0.0
409828_2018-11-06_14-02-59_filtered_2026-04-09_04-59-00,4,106,False,False,0.0,0.0,False,False,0.0,0.0,False,False,0.0,0.0,False,False,0.0,0.0
409828_2018-11-06_14-02-59_filtered_2026-04-09_04-59-00,4,107,False,False,0.0,0.0,False,False,0.0,0.0,False,False,0.0,0.0,False,False,0.0,0.0
409828_2018-11-06_14-02-59_filtered_2026-04-09_04-59-00,4,108,False,False,0.0,0.0,False,False,0.0,0.0,False,False,0.0,0.0,False,False,0.0,0.0
409828_2018-11-06_14-02-59_filtered_2026-04-09_04-59-00,4,109,False,False,0.0,0.0,True,True,86.49000000000001,1.0,False,False,0.0,0.0,False,False,0.0,0.0
409828_2018-11-06_14-02-59_filtered_2026-04-09_04-59-00,4,110,False,False,0.0,0.0,False,False,0.0,0.0,False,False,0.0,0.0,False,False,0.0,0.0
409828_2018-11-06_14-02-59_filtered_2026-04-09_04-59-00,4,111,False,False,0.0,0.0,False,False,0.0,0.0,False,False,0.0,0.0,False,False,0.0,0.0
409828_2018-11-06_14-02-59_filtered_2026-04-09_04-59-00,4,112,False,False,0.0,0.0,False,False,0.0,0.0,False,False,0.0,0.0,False,False,0.0,0.0
409828_2018-11-06_14-02-59_filtered_2026-04-09_04-59-00,4,113,False,False,0.0,0.0,False,False,0.0,0.0,False,False,0.0,0.0,False,False,0.0,0.0
409828_2018-11-06_14-02-59_filtered_2026-04-09_04-59-00,4,114,True,True,86.49000000000001,1.0,True,True,86.49000000000001,1.0,True,True,86.49000000000001,1.0,True,True,86.49000000000001,1.0
409828_2018-11-06_14-02-59_filtered_2026-04-09_04-59-00,4,115,False,False,0.0,0.0,False,False,0.0,0.0,False,False,0.0,0.0,False,False,0.0,0.0
409828_2018-11-06_14-02-59_filtered_2026-04-09_04-59-00,4,116,True,True,259.47,1.0,True,True,86.49000000000001,1.0,True,True,86.49000000000001,1.0,True,True,86.49000000000001,1.0
409828_2018-11-06_14-02-59_filtered_2026-04-09_04-59-00,4,117,False,False,0.0,0.0,False,False,0.0,0.0,False,False,0.0,0.0,False,False,0.0,0.0
409828_2018-11-06_14-02-59_filtered_2026-04-09_04-59-00,4,119,False,False,0.0,0.0,False,False,0.0,0.0,False,False,0.0,0.0,False,False,0.0,0.0
409828_2018-11-06_14-02-59_filtered_2026-04-09_04-59-00,4,120,False,False,0.0,0.0,True,True,86.49000000000001,1.0,False,False,0.0,0.0,False,False,0.0,0.0
409828_2018-11-06_14-02-59_filtered_2026-04-09_04-59-00,4,122,False,False,0.0,0.0,True,True,86.49000000000001,1.0,False,False,0.0,0.0,False,False,0.0,0.0
409828_2018-11-06_14-02-59_filtered_2026-04-09_04-59-00,4,123,False,False,0.0,0.0,False,False,0.0,0.0,False,False,0.0,0.0,False,False,0.0,0.0
409828_2018-11-06_14-02-59_filtered_2026-04-09_04-59-00,4,124,False,False,0.0,0.0,True,True,86.49000000000001,1.0,False,False,0.0,0.0,False,False,0.0,0.0
409828_2018-11-06_14-02-59_filtered_2026-04-09_04-59-00,4,125,False,False,0.0,0.0,False,False,0.0,0.0,False,False,0.0,0.0,False,False,0.0,0.0
409828_2018-11-06_14-02-59_filtered_2026-04-09_04-59-00,4,127,True,True,345.96000000000004,1.0,True,True,259.47,1.0,True,True,259.47,1.0,True,True,259.47,1.0
409828_2018-11-06_14-02-59_filtered_2026-04-09_04-59-00,4,128,False,False,0.0,0.0,True,True,86.49000000000001,1.0,False,False,0.0,0.0,False,False,0.0,0.0
409828_2018-11-06_14-02-59_filtered_2026-04-09_04-59-00,4,129,False,False,0.0,0.0,False,False,0.0,0.0,False,False,0.0,0.0,False,False,0.0,0.0
409828_2018-11-06_14-02-59_filtered_2026-04-09_04-59-00,4,130,False,False,0.0,0.0,False,False,0.0,0.0,False,False,0.0,0.0,False,False,0.0,0.0
409828_2018-11-06_14-02-59_filtered_2026-04-09_04-59-00,4,131,False,False,0.0,0.0,False,False,0.0,0.0,False,False,0.0,0.0,False,False,0.0,0.0
409828_2018-11-06_14-02-59_filtered_2026-04-09_04-59-00,4,132,True,True,86.49000000000001,1.0,True,True,86.49000000000001,1.0,True,True,86.49000000000001,1.0,True,True,86.49000000000001,1.0
409828_2018-11-06_14-02-59_filtered_2026-04-09_04-59-00,4,133,False,False,0.0,0.0,False,False,0.0,0.0,False,False,0.0,0.0,False,False,0.0,0.0
409828_2018-11-06_14-02-59_filtered_2026-04-09_04-59-00,4,134,False,False,0.0,0.0,False,False,0.0,0.0,False,False,0.0,0.0,False,False,0.0,0.0
409828_2018-11-06_14-02-59_filtered_2026-04-09_04-59-00,4,135,False,False,0.0,0.0,False,False,0.0,0.0,False,False,0.0,0.0,False,False,0.0,0.0
409828_2018-11-06_14-02-59_filtered_2026-04-09_04-59-00,4,136,False,False,0.0,0.0,False,False,0.0,0.0,False,False,0.0,0.0,False,False,0.0,0.0
409828_2018-11-06_14-02-59_filtered_2026-04-09_04-59-00,4,137,False,False,0.0,0.0,False,False,0.0,0.0,False,False,0.0,0.0,False,False,0.0,0.0
409828_2018-11-06_14-02-59_filtered_2026-04-09_04-59-00,4,138,False,False,0.0,0.0,False,False,0.0,0.0,False,False,0.0,0.0,False,False,0.0,0.0
409828_2018-11-06_14-02-59_filtered_2026-04-09_04-59-00,4,139,False,False,0.0,0.0,False,False,0.0,0.0,False,False,0.0,0.0,False,False,0.0,0.0
409828_2018-11-06_14-02-59_filtered_2026-04-09_04-59-00,4,140,False,False,0.0,0.0,False,False,0.0,0.0,False,False,0.0,0.0,False,False,0.0,0.0
409828_2018-11-06_14-02-59_filtered_2026-04-09_04-59-00,4,141,False,False,0.0,0.0,False,False,0.0,0.0,False,False,0.0,0.0,False,False,0.0,0.0
409828_2018-11-06_14-02-59_filtered_2026-04-09_04-59-00,4,142,False,False,0.0,0.0,False,False,0.0,0.0,False,False,0.0,0.0,False,False,0.0,0.0
409828_2018-11-06_14-02-59_filtered_2026-04-09_04-59-00,4,143,False,False,0.0,0.0,False,False,0.0,0.0,False,False,0.0,0.0,False,False,0.0,0.0
409828_2018-11-06_14-02-59_filtered_2026-04-09_04-59-00,4,144,False,False,0.0,0.0,False,False,0.0,0.0,False,False,0.0,0.0,False,False,0.0,0.0
409828_2018-11-06_14-02-59_filtered_2026-04-09_04-59-00,4,145,False,False,0.0,0.0,False,False,0.0,0.0,False,False,0.0,0.0,False,False,0.0,0.0
409828_2018-11-06_14-02-59_filtered_2026-04-09_04-59-00,4,147,False,False,0.0,0.0,False,False,0.0,0.0,False,False,0.0,0.0,False,False,0.0,0.0
409828_2018-11-06_14-02-59_filtered_2026-04-09_04-59-00,4,149,False,False,0.0,0.0,True,True,86.49000000000001,1.0,True,True,86.49000000000001,1.0,True,True,86.49000000000001,1.0
409828_2018-11-06_14-02-59_filtered_2026-04-09_04-59-00,4,150,False,False,0.0,0.0,False,False,0.0,0.0,False,False,0.0,0.0,False,False,0.0,0.0
409828_2018-11-06_14-02-59_filtered_2026-04-09_04-59-00,4,151,True,False,4756.950000000001,0.45454545454545453,True,False,259.47,0.6666666666666666,True,True,172.98000000000002,1.0,True,True,172.98000000000002,1.0
409828_2018-11-06_14-02-59_filtered_2026-04-09_04-59-00,4,152,True,True,86.49000000000001,1.0,True,True,86.49000000000001,1.0,False,False,0.0,0.0,False,False,0.0,0.0
409828_2018-11-06_14-02-59_filtered_2026-04-09_04-59-00,4,153,False,False,0.0,0.0,False,False,0.0,0.0,False,False,0.0,0.0,False,False,0.0,0.0
409828_2018-11-06_14-02-59_filtered_2026-04-09_04-59-00,4,154,False,False,0.0,0.0,False,False,0.0,0.0,False,False,0.0,0.0,False,False,0.0,0.0
409828_2018-11-06_14-02-59_filtered_2026-04-09_04-59-00,4,155,False,False,0.0,0.0,False,False,0.0,0.0,False,False,0.0,0.0,False,False,0.0,0.0
409828_2018-11-06_14-02-59_filtered_2026-04-09_04-59-00,4,156,False,False,0.0,0.0,False,False,0.0,0.0,False,False,0.0,0.0,False,False,0.0,0.0
409828_2018-11-06_14-02-59_filtered_2026-04-09_04-59-00,4,157,True,False,345.96000000000004,0.75,True,True,172.98000000000002,1.0,True,True,172.98000000000002,1.0,True,True,172.98000000000002,1.0
409828_2018-11-06_14-02-59_filtered_2026-04-09_04-59-00,4,158,False,False,0.0,0.0,False,False,0.0,0.0,False,False,0.0,0.0,False,False,0.0,0.0
409828_2018-11-06_14-02-59_filtered_2026-04-09_04-59-00,4,159,False,False,0.0,0.0,False,False,0.0,0.0,False,False,0.0,0.0,False,False,0.0,0.0
409828_2018-11-06_14-02-59_filtered_2026-04-09_04-59-00,4,160,False,False,0.0,0.0,False,False,0.0,0.0,False,False,0.0,0.0,False,False,0.0,0.0
409828_2018-11-06_14-02-59_filtered_2026-04-09_04-59-00,4,161,True,False,605.4300000000002,0.2857142857142857,True,True,172.98000000000002,1.0,True,True,172.98000000000002,1.0,True,True,172.98000000000002,1.0
409828_2018-11-06_14-02-59_filtered_2026-04-09_04-59-00,4,162,False,False,0.0,0.0,False,False,0.0,0.0,False,False,0.0,0.0,False,False,0.0,0.0
409828_2018-11-06_14-02-59_filtered_2026-04-09_04-59-00,4,163,True,True,86.49000000000001,1.0,False,False,0.0,0.0,False,False,0.0,0.0,False,False,0.0,0.0
409828_2018-11-06_14-02-59_filtered_2026-04-09_04-59-00,4,164,False,False,0.0,0.0,True,True,86.49000000000001,1.0,False,False,0.0,0.0,False,False,0.0,0.0
409828_2018-11-06_14-02-59_filtered_2026-04-09_04-59-00,4,165,False,False,0.0,0.0,False,False,0.0,0.0,False,False,0.0,0.0,False,False,0.0,0.0
409828_2018-11-06_14-02-59_filtered_2026-04-09_04-59-00,4,166,False,False,0.0,0.0,False,False,0.0,0.0,False,False,0.0,0.0,False,False,0.0,0.0
409828_2018-11-06_14-02-59_filtered_2026-04-09_04-59-00,4,167,False,False,0.0,0.0,True,True,86.49000000000001,1.0,False,False,0.0,0.0,False,False,0.0,0.0
409828_2018-11-06_14-02-59_filtered_2026-04-09_04-59-00,4,168,False,False,0.0,0.0,False,False,0.0,0.0,False,False,0.0,0.0,False,False,0.0,0.0
409828_2018-11-06_14-02-59_filtered_2026-04-09_04-59-00,4,169,False,False,0.0,0.0,True,True,86.49000000000001,1.0,False,False,0.0,0.0,False,False,0.0,0.0
409828_2018-11-06_14-02-59_filtered_2026-04-09_04-59-00,4,170,True,False,3546.0900000000006,0.1951219512195122,True,True,86.49000000000001,1.0,True,True,86.49000000000001,1.0,True,True,86.49000000000001,1.0
409828_2018-11-06_14-02-59_filtered_2026-04-09_04-59-00,4,171,False,False,0.0,0.0,False,False,0.0,0.0,False,False,0.0,0.0,False,False,0.0,0.0
409828_2018-11-06_14-02-59_filtered_2026-04-09_04-59-00,4,172,False,False,0.0,0.0,False,False,0.0,0.0,False,False,0.0,0.0,False,False,0.0,0.0
409828_2018-11-06_14-02-59_filtered_2026-04-09_04-59-00,4,173,False,False,0.0,0.0,False,False,0.0,0.0,False,False,0.0,0.0,False,False,0.0,0.0
409828_2018-11-06_14-02-59_filtered_2026-04-09_04-59-00,4,174,False,False,0.0,0.0,False,False,0.0,0.0,False,False,0.0,0.0,False,False,0.0,0.0
409828_2018-11-06_14-02-59_filtered_2026-04-09_04-59-00,4,175,False,False,0.0,0.0,False,False,0.0,0.0,False,False,0.0,0.0,False,False,0.0,0.0
409828_2018-11-06_14-02-59_filtered_2026-04-09_04-59-00,4,176,True,True,86.49000000000001,1.0,True,True,86.49000000000001,1.0,True,True,86.49000000000001,1.0,True,True,86.49000000000001,1.0
409828_2018-11-06_14-02-59_filtered_2026-04-09_04-59-00,4,177,False,False,0.0,0.0,False,False,0.0,0.0,False,False,0.0,0.0,False,False,0.0,0.0
409828_2018-11-06_14-02-59_filtered_2026-04-09_04-59-00,4,178,False,False,0.0,0.0,False,False,0.0,0.0,False,False,0.0,0.0,False,False,0.0,0.0
409828_2018-11-06_14-02-59_filtered_2026-04-09_04-59-00,4,180,True,True,86.49000000000001,1.0,True,True,86.49000000000001,1.0,True,True,86.49000000000001,1.0,True,True,86.49000000000001,1.0
409828_2018-11-06_14-02-59_filtered_2026-04-09_04-59-00,4,181,False,False,0.0,0.0,False,False,0.0,0.0,False,False,0.0,0.0,False,False,0.0,0.0
409828_2018-11-06_14-02-59_filtered_2026-04-09_04-59-00,4,182,False,False,0.0,0.0,False,False,0.0,0.0,False,False,0.0,0.0,False,False,0.0,0.0
409828_2018-11-06_14-02-59_filtered_2026-04-09_04-59-00,4,183,False,False,0.0,0.0,False,False,0.0,0.0,False,False,0.0,0.0,False,False,0.0,0.0
409828_2018-11-06_14-02-59_filtered_2026-04-09_04-59-00,4,186,True,True,172.98000000000002,1.0,True,True,172.98000000000002,1.0,True,True,172.98000000000002,1.0,True,True,172.98000000000002,1.0
409828_2018-11-06_14-02-59_filtered_2026-04-09_04-59-00,4,188,False,False,0.0,0.0,False,False,0.0,0.0,False,False,0.0,0.0,False,False,0.0,0.0
409828_2018-11-06_14-02-59_filtered_2026-04-09_04-59-00,4,189,False,False,0.0,0.0,False,False,0.0,0.0,False,False,0.0,0.0,False,False,0.0,0.0
409828_2018-11-06_14-02-59_filtered_2026-04-09_04-59-00,4,191,False,False,0.0,0.0,False,False,0.0,0.0,False,False,0.0,0.0,False,False,0.0,0.0
409828_2018-11-06_14-02-59_filtered_2026-04-09_04-59-00,4,192,False,False,0.0,0.0,False,False,0.0,0.0,False,False,0.0,0.0,False,False,0.0,0.0
409828_2018-11-06_14-02-59_filtered_2026-04-09_04-59-00,4,193,False,False,0.0,0.0,False,False,0.0,0.0,False,False,0.0,0.0,False,False,0.0,0.0
409828_2018-11-06_14-02-59_filtered_2026-04-09_04-59-00,4,194,False,False,0.0,0.0,True,True,86.49000000000001,1.0,True,True,86.49000000000001,1.0,True,True,86.49000000000001,1.0
409828_2018-11-06_14-02-59_filtered_2026-04-09_04-59-00,4,197,False,False,0.0,0.0,False,False,0.0,0.0,False,False,0.0,0.0,False,False,0.0,0.0
409828_2018-11-06_14-02-59_filtered_2026-04-09_04-59-00,4,198,False,False,0.0,0.0,False,False,0.0,0.0,False,False,0.0,0.0,False,False,0.0,0.0
409828_2018-11-06_14-02-59_filtered_2026-04-09_04-59-00,4,199,False,False,0.0,0.0,False,False,0.0,0.0,False,False,0.0,0.0,False,False,0.0,0.0
409828_2018-11-06_14-02-59_filtered_2026-04-09_04-59-00,4,202,False,False,0.0,0.0,False,False,0.0,0.0,False,False,0.0,0.0,False,False,0.0,0.0
409828_2018-11-06_14-02-59_filtered_2026-04-09_04-59-00,4,203,False,False,0.0,0.0,False,False,0.0,0.0,False,False,0.0,0.0,False,False,0.0,0.0
409828_2018-11-06_14-02-59_filtered_2026-04-09_04-59-00,4,205,False,False,0.0,0.0,False,False,0.0,0.0,False,False,0.0,0.0,False,False,0.0,0.0
409828_2018-11-06_14-02-59_filtered_2026-04-09_04-59-00,4,206,False,False,0.0,0.0,False,False,0.0,0.0,False,False,0.0,0.0,False,False,0.0,0.0
409828_2018-11-06_14-02-59_filtered_2026-04-09_04-59-00,4,209,False,False,0.0,0.0,False,False,0.0,0.0,False,False,0.0,0.0,False,False,0.0,0.0
409828_2018-11-06_14-02-59_filtered_2026-04-09_04-59-00,4,210,False,False,0.0,0.0,False,False,0.0,0.0,False,False,0.0,0.0,False,False,0.0,0.0
409828_2018-11-06_14-02-59_filtered_2026-04-09_04-59-00,4,211,False,False,0.0,0.0,False,False,0.0,0.0,False,False,0.0,0.0,False,False,0.0,0.0
409828_2018-11-06_14-02-59_filtered_2026-04-09_04-59-00,4,212,False,False,0.0,0.0,True,True,86.49000000000001,1.0,False,False,0.0,0.0,False,False,0.0,0.0
409828_2018-11-06_14-02-59_filtered_2026-04-09_04-59-00,4,213,False,False,0.0,0.0,False,False,0.0,0.0,False,False,0.0,0.0,False,False,0.0,0.0
409828_2018-11-06_14-02-59_filtered_2026-04-09_04-59-00,4,215,False,False,0.0,0.0,False,False,0.0,0.0,False,False,0.0,0.0,False,False,0.0,0.0
409828_2018-11-06_14-02-59_filtered_2026-04-09_04-59-00,4,219,False,False,0.0,0.0,True,True,86.49000000000001,1.0,True,True,86.49000000000001,1.0,True,True,86.49000000000001,1.0
409828_2018-11-06_14-02-59_filtered_2026-04-09_04-59-00,4,220,False,False,0.0,0.0,False,False,0.0,0.0,False,False,0.0,0.0,False,False,0.0,0.0
409828_2018-11-06_14-02-59_filtered_2026-04-09_04-59-00,4,221,False,False,0.0,0.0,True,False,172.98000000000002,0.5,True,True,86.49000000000001,1.0,True,True,86.49000000000001,1.0
409828_2018-11-06_14-02-59_filtered_2026-04-09_04-59-00,4,222,True,True,86.49000000000001,1.0,True,True,86.49000000000001,1.0,True,True,86.49000000000001,1.0,True,True,86.49000000000001,1.0
409828_2018-11-06_14-02-59_filtered_2026-04-09_04-59-00,4,223,False,False,0.0,0.0,False,False,0.0,0.0,False,False,0.0,0.0,False,False,0.0,0.0
409828_2018-11-06_14-02-59_filtered_2026-04-09_04-59-00,4,226,False,False,0.0,0.0,False,False,0.0,0.0,False,False,0.0,0.0,False,False,0.0,0.0
409828_2018-11-06_14-02-59_filtered_2026-04-09_04-59-00,4,227,True,True,86.49000000000001,1.0,False,False,0.0,0.0,False,False,0.0,0.0,False,False,0.0,0.0
409828_2018-11-06_14-02-59_filtered_2026-04-09_04-59-00,4,228,True,True,86.49000000000001,1.0,True,False,172.98000000000002,0.5,True,True,86.49000000000001,1.0,True,True,86.49000000000001,1.0
409828_2018-11-06_14-02-59_filtered_2026-04-09_04-59-00,4,230,False,False,0.0,0.0,False,False,0.0,0.0,False,False,0.0,0.0,False,False,0.0,0.0
409828_2018-11-06_14-02-59_filtered_2026-04-09_04-59-00,4,231,False,False,0.0,0.0,False,False,0.0,0.0,False,False,0.0,0.0,False,False,0.0,0.0
409828_2018-11-06_14-02-59_filtered_2026-04-09_04-59-00,4,232,False,False,0.0,0.0,False,False,0.0,0.0,False,False,0.0,0.0,False,False,0.0,0.0
409828_2018-11-06_14-02-59_filtered_2026-04-09_04-59-00,4,233,False,False,0.0,0.0,False,False,0.0,0.0,False,False,0.0,0.0,False,False,0.0,0.0
409828_2018-11-06_14-02-59_filtered_2026-04-09_04-59-00,4,234,True,True,86.49000000000001,1.0,True,True,86.49000000000001,1.0,True,True,86.49000000000001,1.0,True,True,86.49000000000001,1.0
409828_2018-11-06_14-02-59_filtered_2026-04-09_04-59-00,4,235,False,False,0.0,0.0,False,False,0.0,0.0,False,False,0.0,0.0,False,False,0.0,0.0
409828_2018-11-06_14-02-59_filtered_2026-04-09_04-59-00,4,236,False,False,0.0,0.0,False,False,0.0,0.0,False,False,0.0,0.0,False,False,0.0,0.0
409828_2018-11-06_14-02-59_filtered_2026-04-09_04-59-00,4,237,False,False,0.0,0.0,False,False,0.0,0.0,False,False,0.0,0.0,False,False,0.0,0.0
409828_2018-11-06_14-02-59_filtered_2026-04-09_04-59-00,4,239,False,False,0.0,0.0,False,False,0.0,0.0,False,False,0.0,0.0,False,False,0.0,0.0
409828_2018-11-06_14-02-59_filtered_2026-04-09_04-59-00,4,244,True,True,86.49000000000001,1.0,False,False,0.0,0.0,False,False,0.0,0.0,False,False,0.0,0.0
409828_2018-11-06_14-02-59_filtered_2026-04-09_04-59-00,4,245,False,False,0.0,0.0,False,False,0.0,0.0,False,False,0.0,0.0,False,False,0.0,0.0
409828_2018-11-06_14-02-59_filtered_2026-04-09_04-59-00,4,246,False,False,0.0,0.0,False,False,0.0,0.0,False,False,0.0,0.0,False,False,0.0,0.0
409828_2018-11-06_14-02-59_filtered_2026-04-09_04-59-00,4,251,False,False,0.0,0.0,False,False,0.0,0.0,False,False,0.0,0.0,False,False,0.0,0.0
409828_2018-11-06_14-02-59_filtered_2026-04-09_04-59-00,4,252,False,False,0.0,0.0,False,False,0.0,0.0,False,False,0.0,0.0,False,False,0.0,0.0
409828_2018-11-06_14-02-59_filtered_2026-04-09_04-59-00,4,254,False,False,0.0,0.0,False,False,0.0,0.0,False,False,0.0,0.0,False,False,0.0,0.0
409828_2018-11-06_14-02-59_filtered_2026-04-09_04-59-00,4,255,False,False,0.0,0.0,False,False,0.0,0.0,False,False,0.0,0.0,False,False,0.0,0.0
409828_2018-11-06_14-02-59_filtered_2026-04-09_04-59-00,4,256,True,False,259.47,0.6666666666666666,True,True,172.98000000000002,1.0,True,True,172.98000000000002,1.0,True,True,172.98000000000002,1.0
409828_2018-11-06_14-02-59_filtered_2026-04-09_04-59-00,4,257,True,True,172.98000000000002,1.0,True,True,172.98000000000002,1.0,True,True,172.98000000000002,1.0,True,True,172.98000000000002,1.0
409828_2018-11-06_14-02-59_filtered_2026-04-09_04-59-00,4,259,False,False,0.0,0.0,False,False,0.0,0.0,False,False,0.0,0.0,False,False,0.0,0.0
409828_2018-11-06_14-02-59_filtered_2026-04-09_04-59-00,4,260,False,False,0.0,0.0,False,False,0.0,0.0,False,False,0.0,0.0,False,False,0.0,0.0
409828_2018-11-06_14-02-59_filtered_2026-04-09_04-59-00,4,263,False,False,0.0,0.0,False,False,0.0,0.0,False,False,0.0,0.0,False,False,0.0,0.0
409828_2018-11-06_14-02-59_filtered_2026-04-09_04-59-00,4,265,False,False,0.0,0.0,False,False,0.0,0.0,False,False,0.0,0.0,False,False,0.0,0.0
409828_2018-11-06_14-02-59_filtered_2026-04-09_04-59-00,4,266,True,True,172.98000000000002,1.0,True,True,172.98000000000002,1.0,True,True,172.98000000000002,1.0,True,True,172.98000000000002,1.0
409828_2018-11-06_14-02-59_filtered_2026-04-09_04-59-00,4,268,True,True,86.49000000000001,1.0,True,True,86.49000000000001,1.0,True,True,86.49000000000001,1.0,True,True,86.49000000000001,1.0
409828_2018-11-06_14-02-59_filtered_2026-04-09_04-59-00,4,270,False,False,0.0,0.0,False,False,0.0,0.0,False,False,0.0,0.0,False,False,0.0,0.0
409828_2018-11-06_14-02-59_filtered_2026-04-09_04-59-00,4,272,False,False,0.0,0.0,False,False,0.0,0.0,False,False,0.0,0.0,False,False,0.0,0.0
409828_2018-11-06_14-02-59_filtered_2026-04-09_04-59-00,4,273,False,False,0.0,0.0,False,False,0.0,0.0,False,False,0.0,0.0,False,False,0.0,0.0
409828_2018-11-06_14-02-59_filtered_2026-04-09_04-59-00,4,274,False,False,0.0,0.0,False,False,0.0,0.0,False,False,0.0,0.0,False,False,0.0,0.0
409828_2018-11-06_14-02-59_filtered_2026-04-09_04-59-00,4,275,True,True,86.49000000000001,1.0,False,False,0.0,0.0,False,False,0.0,0.0,False,False,0.0,0.0
409828_2018-11-06_14-02-59_filtered_2026-04-09_04-59-00,4,277,False,False,0.0,0.0,False,False,0.0,0.0,False,False,0.0,0.0,False,False,0.0,0.0
409828_2018-11-06_14-02-59_filtered_2026-04-09_04-59-00,4,278,False,False,0.0,0.0,False,False,0.0,0.0,False,False,0.0,0.0,False,False,0.0,0.0
409828_2018-11-06_14-02-59_filtered_2026-04-09_04-59-00,4,279,False,False,0.0,0.0,False,False,0.0,0.0,False,False,0.0,0.0,False,False,0.0,0.0
409828_2018-11-06_14-02-59_filtered_2026-04-09_04-59-00,4,280,True,False,172.98000000000002,0.5,False,False,0.0,0.0,False,False,0.0,0.0,False,False,0.0,0.0
409828_2018-11-06_14-02-59_filtered_2026-04-09_04-59-00,4,281,False,False,0.0,0.0,False,False,0.0,0.0,False,False,0.0,0.0,False,False,0.0,0.0
409828_2018-11-06_14-02-59_filtered_2026-04-09_04-59-00,4,283,False,False,0.0,0.0,False,False,0.0,0.0,False,False,0.0,0.0,False,False,0.0,0.0
409828_2018-11-06_14-02-59_filtered_2026-04-09_04-59-00,4,284,False,False,0.0,0.0,False,False,0.0,0.0,False,False,0.0,0.0,False,False,0.0,0.0
409828_2018-11-06_14-02-59_filtered_2026-04-09_04-59-00,4,288,False,False,0.0,0.0,False,False,0.0,0.0,False,False,0.0,0.0,False,False,0.0,0.0
409828_2018-11-06_14-02-59_filtered_2026-04-09_04-59-00,4,293,False,False,0.0,0.0,False,False,0.0,0.0,False,False,0.0,0.0,False,False,0.0,0.0
409828_2018-11-06_14-02-59_filtered_2026-04-09_04-59-00,4,296,False,False,0.0,0.0,False,False,0.0,0.0,False,False,0.0,0.0,False,False,0.0,0.0
409828_2018-11-06_14-02-59_filtered_2026-04-09_04-59-00,4,297,False,False,0.0,0.0,False,False,0.0,0.0,False,False,0.0,0.0,False,False,0.0,0.0
409828_2018-11-06_14-02-59_filtered_2026-04-09_04-59-00,4,298,False,False,0.0,0.0,False,False,0.0,0.0,False,False,0.0,0.0,False,False,0.0,0.0
409828_2018-11-06_14-02-59_filtered_2026-04-09_04-59-00,4,300,False,False,0.0,0.0,False,False,0.0,0.0,False,False,0.0,0.0,False,False,0.0,0.0
409828_2018-11-06_14-02-59_filtered_2026-04-09_04-59-00,4,303,False,False,0.0,0.0,False,False,0.0,0.0,False,False,0.0,0.0,False,False,0.0,0.0
409828_2018-11-06_14-02-59_filtered_2026-04-09_04-59-00,4,306,False,False,0.0,0.0,False,False,0.0,0.0,False,False,0.0,0.0,False,False,0.0,0.0
409828_2018-11-06_14-02-59_filtered_2026-04-09_04-59-00,4,307,False,False,0.0,0.0,False,False,0.0,0.0,False,False,0.0,0.0,False,False,0.0,0.0
409828_2018-11-06_14-02-59_filtered_2026-04-09_04-59-00,4,309,False,False,0.0,0.0,True,True,86.49000000000001,1.0,False,False,0.0,0.0,False,False,0.0,0.0
409828_2018-11-06_14-02-59_filtered_2026-04-09_04-59-00,4,311,False,False,0.0,0.0,False,False,0.0,0.0,False,False,0.0,0.0,False,False,0.0,0.0
409828_2018-11-06_14-02-59_filtered_2026-04-09_04-59-00,4,312,False,False,0.0,0.0,False,False,0.0,0.0,False,False,0.0,0.0,False,False,0.0,0.0
409828_2018-11-06_14-02-59_filtered_2026-04-09_04-59-00,4,313,False,False,0.0,0.0,False,False,0.0,0.0,False,False,0.0,0.0,False,False,0.0,0.0
409828_2018-11-06_14-02-59_filtered_2026-04-09_04-59-00,4,314,True,True,172.98000000000002,1.0,True,True,172.98000000000002,1.0,True,True,172.98000000000002,1.0,True,True,172.98000000000002,1.0
409828_2018-11-06_14-02-59_filtered_2026-04-09_04-59-00,4,317,True,True,259.47,1.0,True,True,172.98000000000002,1.0,True,True,172.98000000000002,1.0,True,True,172.98000000000002,1.0
409828_2018-11-06_14-02-59_filtered_2026-04-09_04-59-00,4,318,False,False,0.0,0.0,False,False,0.0,0.0,False,False,0.0,0.0,False,False,0.0,0.0
409828_2018-11-06_14-02-59_filtered_2026-04-09_04-59-00,4,323,False,False,0.0,0.0,False,False,0.0,0.0,False,False,0.0,0.0,False,False,0.0,0.0
409828_2018-11-06_14-02-59_filtered_2026-04-09_04-59-00,4,324,False,False,0.0,0.0,False,False,0.0,0.0,False,False,0.0,0.0,False,False,0.0,0.0
409828_2018-11-06_14-02-59_filtered_2026-04-09_04-59-00,4,325,False,False,0.0,0.0,False,False,0.0,0.0,False,False,0.0,0.0,False,False,0.0,0.0
409828_2018-11-06_14-02-59_filtered_2026-04-09_04-59-00,4,326,False,False,0.0,0.0,True,True,86.49000000000001,1.0,False,False,0.0,0.0,False,False,0.0,0.0
409828_2018-11-06_14-02-59_filtered_2026-04-09_04-59-00,4,327,False,False,0.0,0.0,False,False,0.0,0.0,False,False,0.0,0.0,False,False,0.0,0.0
409828_2018-11-06_14-02-59_filtered_2026-04-09_04-59-00,4,329,False,False,0.0,0.0,False,False,0.0,0.0,False,False,0.0,0.0,False,False,0.0,0.0
409828_2018-11-06_14-02-59_filtered_2026-04-09_04-59-00,4,331,False,False,0.0,0.0,False,False,0.0,0.0,False,False,0.0,0.0,False,False,0.0,0.0
409828_2018-11-06_14-02-59_filtered_2026-04-09_04-59-00,4,334,True,False,259.47,0.3333333333333333,True,True,86.49000000000001,1.0,False,False,0.0,0.0,False,False,0.0,0.0
409828_2018-11-06_14-02-59_filtered_2026-04-09_04-59-00,4,335,True,True,172.98000000000002,1.0,True,True,172.98000000000002,1.0,True,True,172.98000000000002,1.0,True,True,172.98000000000002,1.0
409828_2018-11-06_14-02-59_filtered_2026-04-09_04-59-00,4,339,True,True,172.98000000000002,1.0,True,True,259.47,1.0,True,True,259.47,1.0,True,True,259.47,1.0
409828_2018-11-06_14-02-59_filtered_2026-04-09_04-59-00,4,342,True,True,86.49000000000001,1.0,True,True,86.49000000000001,1.0,True,True,86.49000000000001,1.0,True,True,86.49000000000001,1.0
409828_2018-11-06_14-02-59_filtered_2026-04-09_04-59-00,4,346,False,False,0.0,0.0,False,False,0.0,0.0,False,False,0.0,0.0,False,False,0.0,0.0
409828_2018-11-06_14-02-59_filtered_2026-04-09_04-59-00,4,348,False,False,0.0,0.0,False,False,0.0,0.0,False,False,0.0,0.0,False,False,0.0,0.0
409828_2018-11-06_14-02-59_filtered_2026-04-09_04-59-00,4,349,False,False,0.0,0.0,False,False,0.0,0.0,False,False,0.0,0.0,False,False,0.0,0.0
409828_2018-11-06_14-02-59_filtered_2026-04-09_04-59-00,4,350,False,False,0.0,0.0,False,False,0.0,0.0,False,False,0.0,0.0,False,False,0.0,0.0
409828_2018-11-06_14-02-59_filtered_2026-04-09_04-59-00,4,353,False,False,0.0,0.0,False,False,0.0,0.0,False,False,0.0,0.0,False,False,0.0,0.0
409828_2018-11-06_14-02-59_filtered_2026-04-09_04-59-00,4,355,True,True,86.49000000000001,1.0,False,False,0.0,0.0,False,False,0.0,0.0,False,False,0.0,0.0
409828_2018-11-06_14-02-59_filtered_2026-04-09_04-59-00,4,363,False,False,0.0,0.0,True,True,86.49000000000001,1.0,True,True,86.49000000000001,1.0,True,True,86.49000000000001,1.0
409828_2018-11-06_14-02-59_filtered_2026-04-09_04-59-00,4,367,False,False,0.0,0.0,True,True,86.49000000000001,1.0,False,False,0.0,0.0,False,False,0.0,0.0
409828_2018-11-06_14-02-59_filtered_2026-04-09_04-59-00,4,369,False,False,0.0,0.0,False,False,0.0,0.0,False,False,0.0,0.0,False,False,0.0,0.0
409828_2018-11-06_14-02-59_filtered_2026-04-09_04-59-00,4,372,False,False,0.0,0.0,False,False,0.0,0.0,False,False,0.0,0.0,False,False,0.0,0.0
409828_2018-11-06_14-02-59_filtered_2026-04-09_04-59-00,4,373,False,False,0.0,0.0,False,False,0.0,0.0,False,False,0.0,0.0,False,False,0.0,0.0
409828_2018-11-06_14-02-59_filtered_2026-04-09_04-59-00,4,386,False,False,0.0,0.0,False,False,0.0,0.0,False,False,0.0,0.0,False,False,0.0,0.0
409828_2018-11-06_14-02-59_filtered_2026-04-09_04-59-00,4,387,True,True,86.49000000000001,1.0,True,True,86.49000000000001,1.0,True,True,86.49000000000001,1.0,True,True,86.49000000000001,1.0
409828_2018-11-06_14-02-59_filtered_2026-04-09_04-59-00,4,389,False,False,0.0,0.0,False,False,0.0,0.0,False,False,0.0,0.0,False,False,0.0,0.0
409828_2018-11-06_14-02-59_filtered_2026-04-09_04-59-00,4,392,False,False,0.0,0.0,False,False,0.0,0.0,False,False,0.0,0.0,False,False,0.0,0.0
409828_2018-11-06_14-02-59_filtered_2026-04-09_04-59-00,4,396,False,False,0.0,0.0,False,False,0.0,0.0,False,False,0.0,0.0,False,False,0.0,0.0
409828_2018-11-06_14-02-59_filtered_2026-04-09_04-59-00,4,398,False,False,0.0,0.0,False,False,0.0,0.0,False,False,0.0,0.0,False,False,0.0,0.0
409828_2018-11-06_14-02-59_filtered_2026-04-09_04-59-00,4,399,False,False,0.0,0.0,False,False,0.0,0.0,False,False,0.0,0.0,False,False,0.0,0.0
409828_2018-11-06_14-02-59_filtered_2026-04-09_04-59-00,4,400,False,False,0.0,0.0,False,False,0.0,0.0,False,False,0.0,0.0,False,False,0.0,0.0
409828_2018-11-06_14-02-59_filtered_2026-04-09_04-59-00,4,401,True,True,172.98000000000002,1.0,True,True,172.98000000000002,1.0,True,True,172.98000000000002,1.0,True,True,172.98000000000002,1.0
409828_2018-11-06_14-02-59_filtered_2026-04-09_04-59-00,4,406,False,False,0.0,0.0,False,False,0.0,0.0,False,False,0.0,0.0,False,False,0.0,0.0
409828_2018-11-06_14-02-59_filtered_2026-04-09_04-59-00,4,418,False,False,0.0,0.0,False,False,0.0,0.0,False,False,0.0,0.0,False,False,0.0,0.0
409828_2018-11-06_14-02-59_filtered_2026-04-09_04-59-00,4,423,False,False,0.0,0.0,False,False,0.0,0.0,False,False,0.0,0.0,False,False,0.0,0.0
409828_2018-11-06_14-02-59_filtered_2026-04-09_04-59-00,4,430,False,False,0.0,0.0,False,False,0.0,0.0,False,False,0.0,0.0,False,False,0.0,0.0
409828_2018-11-06_14-02-59_filtered_2026-04-09_04-59-00,4,431,False,False,0.0,0.0,False,False,0.0,0.0,False,False,0.0,0.0,False,False,0.0,0.0
409828_2018-11-06_14-02-59_filtered_2026-04-09_04-59-00,4,432,False,False,0.0,0.0,False,False,0.0,0.0,False,False,0.0,0.0,False,False,0.0,0.0
409828_2018-11-06_14-02-59_filtered_2026-04-09_04-59-00,4,433,False,False,0.0,0.0,False,False,0.0,0.0,False,False,0.0,0.0,False,False,0.0,0.0
409828_2018-11-06_14-02-59_filtered_2026-04-09_04-59-00,4,453,True,True,86.49000000000001,1.0,True,True,172.98000000000002,1.0,True,True,172.98000000000002,1.0,True,True,172.98000000000002,1.0
409828_2018-11-06_14-02-59_filtered_2026-04-09_04-59-00,4,456,False,False,0.0,0.0,True,True,86.49000000000001,1.0,False,False,0.0,0.0,False,False,0.0,0.0
409828_2018-11-06_14-02-59_filtered_2026-04-09_04-59-00,4,458,False,False,0.0,0.0,False,False,0.0,0.0,False,False,0.0,0.0,False,False,0.0,0.0
409828_2018-11-06_14-02-59_filtered_2026-04-09_04-59-00,4,461,True,True,86.49000000000001,1.0,True,True,86.49000000000001,1.0,True,True,86.49000000000001,1.0,True,True,86.49000000000001,1.0
409828_2018-11-06_14-02-59_filtered_2026-04-09_04-59-00,4,462,False,False,0.0,0.0,False,False,0.0,0.0,False,False,0.0,0.0,False,False,0.0,0.0
409828_2018-11-06_14-02-59_filtered_2026-04-09_04-59-00,4,470,False,False,0.0,0.0,False,False,0.0,0.0,False,False,0.0,0.0,False,False,0.0,0.0
409828_2018-11-06_14-02-59_filtered_2026-04-09_04-59-00,4,474,False,False,0.0,0.0,False,False,0.0,0.0,False,False,0.0,0.0,False,False,0.0,0.0
409828_2018-11-06_14-02-59_filtered_2026-04-09_04-59-00,4,509,True,False,432.45000000000005,0.8,True,True,86.49000000000001,1.0,False,False,0.0,0.0,False,False,0.0,0.0
409828_2018-11-06_14-02-59_filtered_2026-04-09_04-59-00,4,515,False,False,0.0,0.0,False,False,0.0,0.0,False,False,0.0,0.0,False,False,0.0,0.0
409828_2018-11-06_14-02-59_filtered_2026-04-09_04-59-00,4,527,False,False,0.0,0.0,False,False,0.0,0.0,False,False,0.0,0.0,False,False,0.0,0.0
409828_2018-11-06_14-02-59_filtered_2026-04-09_04-59-00,4,531,False,False,0.0,0.0,True,True,86.49000000000001,1.0,False,False,0.0,0.0,False,False,0.0,0.0
409828_2018-11-06_14-02-59_filtered_2026-04-09_04-59-00,4,532,True,False,259.47,0.6666666666666666,True,True,86.49000000000001,1.0,True,True,86.49000000000001,1.0,True,True,86.49000000000001,1.0
409828_2018-11-06_14-02-59_filtered_2026-04-09_04-59-00,4,554,True,True,86.49000000000001,1.0,True,True,86.49000000000001,1.0,True,True,86.49000000000001,1.0,True,True,86.49000000000001,1.0
409828_2018-11-06_14-02-59_filtered_2026-04-09_04-59-00,4,556,False,False,0.0,0.0,False,False,0.0,0.0,False,False,0.0,0.0,False,False,0.0,0.0
409828_2018-11-06_14-02-59_filtered_2026-04-09_04-59-00,4,557,False,False,0.0,0.0,False,False,0.0,0.0,False,False,0.0,0.0,False,False,0.0,0.0
409828_2018-11-06_14-02-59_filtered_2026-04-09_04-59-00,4,570,False,False,0.0,0.0,False,False,0.0,0.0,False,False,0.0,0.0,False,False,0.0,0.0
409828_2018-11-06_14-02-59_filtered_2026-04-09_04-59-00,4,578,False,False,0.0,0.0,False,False,0.0,0.0,False,False,0.0,0.0,False,False,0.0,0.0
409828_2018-11-06_14-02-59_filtered_2026-04-09_04-59-00,4,581,True,True,86.49000000000001,1.0,False,False,0.0,0.0,False,False,0.0,0.0,False,False,0.0,0.0
409828_2018-11-06_14-02-59_filtered_2026-04-09_04-59-00,4,591,False,False,0.0,0.0,False,False,0.0,0.0,False,False,0.0,0.0,False,False,0.0,0.0
409828_2018-11-06_14-02-59_filtered_2026-04-09_04-59-00,4,607,False,False,0.0,0.0,False,False,0.0,0.0,False,False,0.0,0.0,False,False,0.0,0.0
409828_2018-11-06_14-02-59_filtered_2026-04-09_04-59-00,4,618,False,False,0.0,0.0,False,False,0.0,0.0,False,False,0.0,0.0,False,False,0.0,0.0
409828_2018-11-06_14-02-59_filtered_2026-04-09_04-59-00,4,629,False,False,0.0,0.0,False,False,0.0,0.0,False,False,0.0,0.0,False,False,0.0,0.0
409828_2018-11-06_14-02-59_filtered_2026-04-09_04-59-00,4,687,False,False,0.0,0.0,False,False,0.0,0.0,False,False,0.0,0.0,False,False,0.0,0.0
409828_2018-11-06_14-02-59_filtered_2026-04-09_04-59-00,4,692,False,False,0.0,0.0,False,False,0.0,0.0,False,False,0.0,0.0,False,False,0.0,0.0
409828_2018-11-06_14-02-59_filtered_2026-04-09_04-59-00,4,693,False,False,0.0,0.0,True,True,86.49000000000001,1.0,False,False,0.0,0.0,False,False,0.0,0.0
409828_2018-11-06_14-02-59_filtered_2026-04-09_04-59-00,4,758,False,False,0.0,0.0,False,False,0.0,0.0,False,False,0.0,0.0,False,False,0.0,0.0
409828_2018-11-06_14-02-59_filtered_2026-04-09_04-59-00,4,770,False,False,0.0,0.0,False,False,0.0,0.0,False,False,0.0,0.0,False,False,0.0,0.0
409828_2018-11-06_14-02-59_filtered_2026-04-09_04-59-00,4,816,False,False,0.0,0.0,False,False,0.0,0.0,False,False,0.0,0.0,False,False,0.0,0.0
409828_2018-11-06_14-02-59_filtered_2026-04-09_04-59-00,4,825,False,False,0.0,0.0,True,True,86.49000000000001,1.0,False,False,0.0,0.0,False,False,0.0,0.0
409828_2018-11-06_14-02-59_filtered_2026-04-09_04-59-00,4,828,False,False,0.0,0.0,False,False,0.0,0.0,False,False,0.0,0.0,False,False,0.0,0.0
409828_2018-11-06_14-02-59_filtered_2026-04-09_04-59-00,4,949,False,False,0.0,0.0,False,False,0.0,0.0,False,False,0.0,0.0,False,False,0.0,0.0
409828_2018-11-06_14-02-59_filtered_2026-04-09_04-59-00,5,0,False,False,0.0,0.0,False,False,0.0,0.0,False,False,0.0,0.0,False,False,0.0,0.0
409828_2018-11-06_14-02-59_filtered_2026-04-09_04-59-00,5,1,False,False,0.0,0.0,False,False,0.0,0.0,False,False,0.0,0.0,False,False,0.0,0.0
409828_2018-11-06_14-02-59_filtered_2026-04-09_04-59-00,5,2,False,False,0.0,0.0,False,False,0.0,0.0,False,False,0.0,0.0,False,False,0.0,0.0
409828_2018-11-06_14-02-59_filtered_2026-04-09_04-59-00,5,3,False,False,0.0,0.0,False,False,0.0,0.0,False,False,0.0,0.0,False,False,0.0,0.0
409828_2018-11-06_14-02-59_filtered_2026-04-09_04-59-00,5,4,False,False,0.0,0.0,False,False,0.0,0.0,False,False,0.0,0.0,False,False,0.0,0.0
409828_2018-11-06_14-02-59_filtered_2026-04-09_04-59-00,5,5,False,False,0.0,0.0,False,False,0.0,0.0,False,False,0.0,0.0,False,False,0.0,0.0
409828_2018-11-06_14-02-59_filtered_2026-04-09_04-59-00,5,6,False,False,0.0,0.0,False,False,0.0,0.0,False,False,0.0,0.0,False,False,0.0,0.0
409828_2018-11-06_14-02-59_filtered_2026-04-09_04-59-00,5,7,False,False,0.0,0.0,False,False,0.0,0.0,False,False,0.0,0.0,False,False,0.0,0.0
409828_2018-11-06_14-02-59_filtered_2026-04-09_04-59-00,5,8,False,False,0.0,0.0,False,False,0.0,0.0,False,False,0.0,0.0,False,False,0.0,0.0
409828_2018-11-06_14-02-59_filtered_2026-04-09_04-59-00,5,9,False,False,0.0,0.0,False,False,0.0,0.0,False,False,0.0,0.0,False,False,0.0,0.0
409828_2018-11-06_14-02-59_filtered_2026-04-09_04-59-00,5,10,False,False,0.0,0.0,False,False,0.0,0.0,False,False,0.0,0.0,False,False,0.0,0.0
409828_2018-11-06_14-02-59_filtered_2026-04-09_04-59-00,5,11,False,False,0.0,0.0,True,True,86.49000000000001,1.0,False,False,0.0,0.0,False,False,0.0,0.0
409828_2018-11-06_14-02-59_filtered_2026-04-09_04-59-00,5,12,False,False,0.0,0.0,False,False,0.0,0.0,False,False,0.0,0.0,False,False,0.0,0.0
409828_2018-11-06_14-02-59_filtered_2026-04-09_04-59-00,5,13,False,False,0.0,0.0,False,False,0.0,0.0,False,False,0.0,0.0,False,False,0.0,0.0
409828_2018-11-06_14-02-59_filtered_2026-04-09_04-59-00,5,14,False,False,0.0,0.0,False,False,0.0,0.0,False,False,0.0,0.0,False,False,0.0,0.0
409828_2018-11-06_14-02-59_filtered_2026-04-09_04-59-00,5,15,False,False,0.0,0.0,False,False,0.0,0.0,False,False,0.0,0.0,False,False,0.0,0.0
409828_2018-11-06_14-02-59_filtered_2026-04-09_04-59-00,5,16,False,False,0.0,0.0,False,False,0.0,0.0,False,False,0.0,0.0,False,False,0.0,0.0
409828_2018-11-06_14-02-59_filtered_2026-04-09_04-59-00,5,17,False,False,0.0,0.0,False,False,0.0,0.0,False,False,0.0,0.0,False,False,0.0,0.0
409828_2018-11-06_14-02-59_filtered_2026-04-09_04-59-00,5,18,False,False,0.0,0.0,False,False,0.0,0.0,False,False,0.0,0.0,False,False,0.0,0.0
409828_2018-11-06_14-02-59_filtered_2026-04-09_04-59-00,5,19,False,False,0.0,0.0,False,False,0.0,0.0,False,False,0.0,0.0,False,False,0.0,0.0
409828_2018-11-06_14-02-59_filtered_2026-04-09_04-59-00,5,20,False,False,0.0,0.0,False,False,0.0,0.0,False,False,0.0,0.0,False,False,0.0,0.0
409828_2018-11-06_14-02-59_filtered_2026-04-09_04-59-00,5,21,False,False,0.0,0.0,False,False,0.0,0.0,False,False,0.0,0.0,False,False,0.0,0.0
409828_2018-11-06_14-02-59_filtered_2026-04-09_04-59-00,5,22,False,False,0.0,0.0,False,False,0.0,0.0,False,False,0.0,0.0,False,False,0.0,0.0
409828_2018-11-06_14-02-59_filtered_2026-04-09_04-59-00,5,23,False,False,0.0,0.0,False,False,0.0,0.0,False,False,0.0,0.0,False,False,0.0,0.0
409828_2018-11-06_14-02-59_filtered_2026-04-09_04-59-00,5,24,False,False,0.0,0.0,False,False,0.0,0.0,False,False,0.0,0.0,False,False,0.0,0.0
409828_2018-11-06_14-02-59_filtered_2026-04-09_04-59-00,5,25,False,False,0.0,0.0,False,False,0.0,0.0,False,False,0.0,0.0,False,False,0.0,0.0
409828_2018-11-06_14-02-59_filtered_2026-04-09_04-59-00,5,26,False,False,0.0,0.0,False,False,0.0,0.0,False,False,0.0,0.0,False,False,0.0,0.0
409828_2018-11-06_14-02-59_filtered_2026-04-09_04-59-00,5,27,True,True,86.49000000000001,1.0,False,False,0.0,0.0,False,False,0.0,0.0,False,False,0.0,0.0
409828_2018-11-06_14-02-59_filtered_2026-04-09_04-59-00,5,29,False,False,0.0,0.0,False,False,0.0,0.0,False,False,0.0,0.0,False,False,0.0,0.0
409828_2018-11-06_14-02-59_filtered_2026-04-09_04-59-00,5,30,False,False,0.0,0.0,False,False,0.0,0.0,False,False,0.0,0.0,False,False,0.0,0.0
409828_2018-11-06_14-02-59_filtered_2026-04-09_04-59-00,5,31,False,False,0.0,0.0,False,False,0.0,0.0,False,False,0.0,0.0,False,False,0.0,0.0
409828_2018-11-06_14-02-59_filtered_2026-04-09_04-59-00,5,32,False,False,0.0,0.0,False,False,0.0,0.0,False,False,0.0,0.0,False,False,0.0,0.0
409828_2018-11-06_14-02-59_filtered_2026-04-09_04-59-00,5,33,False,False,0.0,0.0,False,False,0.0,0.0,False,False,0.0,0.0,False,False,0.0,0.0
409828_2018-11-06_14-02-59_filtered_2026-04-09_04-59-00,5,34,False,False,0.0,0.0,True,True,86.49000000000001,1.0,True,True,86.49000000000001,1.0,True,True,86.49000000000001,1.0
409828_2018-11-06_14-02-59_filtered_2026-04-09_04-59-00,5,35,False,False,0.0,0.0,False,False,0.0,0.0,False,False,0.0,0.0,False,False,0.0,0.0
409828_2018-11-06_14-02-59_filtered_2026-04-09_04-59-00,5,36,False,False,0.0,0.0,False,False,0.0,0.0,False,False,0.0,0.0,False,False,0.0,0.0
409828_2018-11-06_14-02-59_filtered_2026-04-09_04-59-00,5,37,False,False,0.0,0.0,False,False,0.0,0.0,False,False,0.0,0.0,False,False,0.0,0.0
409828_2018-11-06_14-02-59_filtered_2026-04-09_04-59-00,5,38,False,False,0.0,0.0,False,False,0.0,0.0,False,False,0.0,0.0,False,False,0.0,0.0
409828_2018-11-06_14-02-59_filtered_2026-04-09_04-59-00,5,39,False,False,0.0,0.0,False,False,0.0,0.0,False,False,0.0,0.0,False,False,0.0,0.0
409828_2018-11-06_14-02-59_filtered_2026-04-09_04-59-00,5,40,True,True,86.49000000000001,1.0,True,True,86.49000000000001,1.0,True,True,86.49000000000001,1.0,True,True,86.49000000000001,1.0
409828_2018-11-06_14-02-59_filtered_2026-04-09_04-59-00,5,41,False,False,0.0,0.0,False,False,0.0,0.0,False,False,0.0,0.0,False,False,0.0,0.0
409828_2018-11-06_14-02-59_filtered_2026-04-09_04-59-00,5,42,False,False,0.0,0.0,False,False,0.0,0.0,False,False,0.0,0.0,False,False,0.0,0.0
409828_2018-11-06_14-02-59_filtered_2026-04-09_04-59-00,5,43,False,False,0.0,0.0,False,False,0.0,0.0,False,False,0.0,0.0,False,False,0.0,0.0
409828_2018-11-06_14-02-59_filtered_2026-04-09_04-59-00,5,44,False,False,0.0,0.0,False,False,0.0,0.0,False,False,0.0,0.0,False,False,0.0,0.0
409828_2018-11-06_14-02-59_filtered_2026-04-09_04-59-00,5,46,False,False,0.0,0.0,False,False,0.0,0.0,False,False,0.0,0.0,False,False,0.0,0.0
409828_2018-11-06_14-02-59_filtered_2026-04-09_04-59-00,5,47,False,False,0.0,0.0,False,False,0.0,0.0,False,False,0.0,0.0,False,False,0.0,0.0
409828_2018-11-06_14-02-59_filtered_2026-04-09_04-59-00,5,48,False,False,0.0,0.0,False,False,0.0,0.0,False,False,0.0,0.0,False,False,0.0,0.0
409828_2018-11-06_14-02-59_filtered_2026-04-09_04-59-00,5,49,False,False,0.0,0.0,False,False,0.0,0.0,False,False,0.0,0.0,False,False,0.0,0.0
409828_2018-11-06_14-02-59_filtered_2026-04-09_04-59-00,5,50,False,False,0.0,0.0,False,False,0.0,0.0,False,False,0.0,0.0,False,False,0.0,0.0
409828_2018-11-06_14-02-59_filtered_2026-04-09_04-59-00,5,51,False,False,0.0,0.0,False,False,0.0,0.0,False,False,0.0,0.0,False,False,0.0,0.0
409828_2018-11-06_14-02-59_filtered_2026-04-09_04-59-00,5,52,False,False,0.0,0.0,False,False,0.0,0.0,False,False,0.0,0.0,False,False,0.0,0.0
409828_2018-11-06_14-02-59_filtered_2026-04-09_04-59-00,5,53,True,True,172.98000000000002,1.0,True,True,172.98000000000002,1.0,True,True,172.98000000000002,1.0,True,True,172.98000000000002,1.0
409828_2018-11-06_14-02-59_filtered_2026-04-09_04-59-00,5,54,False,False,0.0,0.0,False,False,0.0,0.0,False,False,0.0,0.0,False,False,0.0,0.0
409828_2018-11-06_14-02-59_filtered_2026-04-09_04-59-00,5,55,False,False,0.0,0.0,False,False,0.0,0.0,False,False,0.0,0.0,False,False,0.0,0.0
409828_2018-11-06_14-02-59_filtered_2026-04-09_04-59-00,5,56,False,False,0.0,0.0,False,False,0.0,0.0,False,False,0.0,0.0,False,False,0.0,0.0
409828_2018-11-06_14-02-59_filtered_2026-04-09_04-59-00,5,57,False,False,0.0,0.0,False,False,0.0,0.0,False,False,0.0,0.0,False,False,0.0,0.0
409828_2018-11-06_14-02-59_filtered_2026-04-09_04-59-00,5,58,False,False,0.0,0.0,False,False,0.0,0.0,False,False,0.0,0.0,False,False,0.0,0.0
409828_2018-11-06_14-02-59_filtered_2026-04-09_04-59-00,5,59,False,False,0.0,0.0,False,False,0.0,0.0,False,False,0.0,0.0,False,False,0.0,0.0
409828_2018-11-06_14-02-59_filtered_2026-04-09_04-59-00,5,60,True,True,86.49000000000001,1.0,False,False,0.0,0.0,False,False,0.0,0.0,False,False,0.0,0.0
409828_2018-11-06_14-02-59_filtered_2026-04-09_04-59-00,5,61,False,False,0.0,0.0,False,False,0.0,0.0,False,False,0.0,0.0,False,False,0.0,0.0
409828_2018-11-06_14-02-59_filtered_2026-04-09_04-59-00,5,62,False,False,0.0,0.0,False,False,0.0,0.0,False,False,0.0,0.0,False,False,0.0,0.0
409828_2018-11-06_14-02-59_filtered_2026-04-09_04-59-00,5,63,False,False,0.0,0.0,False,False,0.0,0.0,False,False,0.0,0.0,False,False,0.0,0.0
409828_2018-11-06_14-02-59_filtered_2026-04-09_04-59-00,5,64,False,False,0.0,0.0,False,False,0.0,0.0,False,False,0.0,0.0,False,False,0.0,0.0
409828_2018-11-06_14-02-59_filtered_2026-04-09_04-59-00,5,65,False,False,0.0,0.0,False,False,0.0,0.0,False,False,0.0,0.0,False,False,0.0,0.0
409828_2018-11-06_14-02-59_filtered_2026-04-09_04-59-00,5,66,False,False,0.0,0.0,False,False,0.0,0.0,False,False,0.0,0.0,False,False,0.0,0.0
409828_2018-11-06_14-02-59_filtered_2026-04-09_04-59-00,5,67,False,False,0.0,0.0,False,False,0.0,0.0,False,False,0.0,0.0,False,False,0.0,0.0
409828_2018-11-06_14-02-59_filtered_2026-04-09_04-59-00,5,68,False,False,0.0,0.0,False,False,0.0,0.0,False,False,0.0,0.0,False,False,0.0,0.0
409828_2018-11-06_14-02-59_filtered_2026-04-09_04-59-00,5,69,False,False,0.0,0.0,False,False,0.0,0.0,False,False,0.0,0.0,False,False,0.0,0.0
409828_2018-11-06_14-02-59_filtered_2026-04-09_04-59-00,5,70,False,False,0.0,0.0,False,False,0.0,0.0,False,False,0.0,0.0,False,False,0.0,0.0
409828_2018-11-06_14-02-59_filtered_2026-04-09_04-59-00,5,71,False,False,0.0,0.0,False,False,0.0,0.0,False,False,0.0,0.0,False,False,0.0,0.0
409828_2018-11-06_14-02-59_filtered_2026-04-09_04-59-00,5,72,False,False,0.0,0.0,False,False,0.0,0.0,False,False,0.0,0.0,False,False,0.0,0.0
409828_2018-11-06_14-02-59_filtered_2026-04-09_04-59-00,5,73,False,False,0.0,0.0,False,False,0.0,0.0,False,False,0.0,0.0,False,False,0.0,0.0
409828_2018-11-06_14-02-59_filtered_2026-04-09_04-59-00,5,74,True,True,86.49000000000001,1.0,True,True,86.49000000000001,1.0,False,False,0.0,0.0,False,False,0.0,0.0
409828_2018-11-06_14-02-59_filtered_2026-04-09_04-59-00,5,75,False,False,0.0,0.0,False,False,0.0,0.0,False,False,0.0,0.0,False,False,0.0,0.0
409828_2018-11-06_14-02-59_filtered_2026-04-09_04-59-00,5,76,False,False,0.0,0.0,False,False,0.0,0.0,False,False,0.0,0.0,False,False,0.0,0.0
409828_2018-11-06_14-02-59_filtered_2026-04-09_04-59-00,5,77,False,False,0.0,0.0,False,False,0.0,0.0,False,False,0.0,0.0,False,False,0.0,0.0
409828_2018-11-06_14-02-59_filtered_2026-04-09_04-59-00,5,78,False,False,0.0,0.0,False,False,0.0,0.0,False,False,0.0,0.0,False,False,0.0,0.0
409828_2018-11-06_14-02-59_filtered_2026-04-09_04-59-00,5,79,False,False,0.0,0.0,True,True,86.49000000000001,1.0,False,False,0.0,0.0,False,False,0.0,0.0
409828_2018-11-06_14-02-59_filtered_2026-04-09_04-59-00,5,80,False,False,0.0,0.0,False,False,0.0,0.0,False,False,0.0,0.0,False,False,0.0,0.0
409828_2018-11-06_14-02-59_filtered_2026-04-09_04-59-00,5,81,False,False,0.0,0.0,False,False,0.0,0.0,False,False,0.0,0.0,False,False,0.0,0.0
409828_2018-11-06_14-02-59_filtered_2026-04-09_04-59-00,5,82,False,False,0.0,0.0,False,False,0.0,0.0,False,False,0.0,0.0,False,False,0.0,0.0
409828_2018-11-06_14-02-59_filtered_2026-04-09_04-59-00,5,83,False,False,0.0,0.0,False,False,0.0,0.0,False,False,0.0,0.0,False,False,0.0,0.0
409828_2018-11-06_14-02-59_filtered_2026-04-09_04-59-00,5,84,False,False,0.0,0.0,False,False,0.0,0.0,False,False,0.0,0.0,False,False,0.0,0.0
409828_2018-11-06_14-02-59_filtered_2026-04-09_04-59-00,5,85,False,False,0.0,0.0,False,False,0.0,0.0,False,False,0.0,0.0,False,False,0.0,0.0
409828_2018-11-06_14-02-59_filtered_2026-04-09_04-59-00,5,86,False,False,0.0,0.0,False,False,0.0,0.0,False,False,0.0,0.0,False,False,0.0,0.0
409828_2018-11-06_14-02-59_filtered_2026-04-09_04-59-00,5,87,False,False,0.0,0.0,False,False,0.0,0.0,False,False,0.0,0.0,False,False,0.0,0.0
409828_2018-11-06_14-02-59_filtered_2026-04-09_04-59-00,5,88,False,False,0.0,0.0,False,False,0.0,0.0,False,False,0.0,0.0,False,False,0.0,0.0
409828_2018-11-06_14-02-59_filtered_2026-04-09_04-59-00,5,89,False,False,0.0,0.0,False,False,0.0,0.0,False,False,0.0,0.0,False,False,0.0,0.0
409828_2018-11-06_14-02-59_filtered_2026-04-09_04-59-00,5,90,False,False,0.0,0.0,True,True,86.49000000000001,1.0,False,False,0.0,0.0,False,False,0.0,0.0
409828_2018-11-06_14-02-59_filtered_2026-04-09_04-59-00,5,91,False,False,0.0,0.0,False,False,0.0,0.0,False,False,0.0,0.0,False,False,0.0,0.0
409828_2018-11-06_14-02-59_filtered_2026-04-09_04-59-00,5,92,False,False,0.0,0.0,False,False,0.0,0.0,False,False,0.0,0.0,False,False,0.0,0.0
409828_2018-11-06_14-02-59_filtered_2026-04-09_04-59-00,5,93,False,False,0.0,0.0,False,False,0.0,0.0,False,False,0.0,0.0,False,False,0.0,0.0
409828_2018-11-06_14-02-59_filtered_2026-04-09_04-59-00,5,94,False,False,0.0,0.0,False,False,0.0,0.0,False,False,0.0,0.0,False,False,0.0,0.0
409828_2018-11-06_14-02-59_filtered_2026-04-09_04-59-00,5,95,True,True,172.98000000000002,1.0,True,True,172.98000000000002,1.0,True,True,172.98000000000002,1.0,True,True,172.98000000000002,1.0
409828_2018-11-06_14-02-59_filtered_2026-04-09_04-59-00,5,96,False,False,0.0,0.0,False,False,0.0,0.0,False,False,0.0,0.0,False,False,0.0,0.0
409828_2018-11-06_14-02-59_filtered_2026-04-09_04-59-00,5,97,False,False,0.0,0.0,False,False,0.0,0.0,False,False,0.0,0.0,False,False,0.0,0.0
409828_2018-11-06_14-02-59_filtered_2026-04-09_04-59-00,5,98,False,False,0.0,0.0,False,False,0.0,0.0,False,False,0.0,0.0,False,False,0.0,0.0
409828_2018-11-06_14-02-59_filtered_2026-04-09_04-59-00,5,99,False,False,0.0,0.0,False,False,0.0,0.0,False,False,0.0,0.0,False,False,0.0,0.0
409828_2018-11-06_14-02-59_filtered_2026-04-09_04-59-00,5,100,False,False,0.0,0.0,False,False,0.0,0.0,False,False,0.0,0.0,False,False,0.0,0.0
409828_2018-11-06_14-02-59_filtered_2026-04-09_04-59-00,5,101,False,False,0.0,0.0,True,True,86.49000000000001,1.0,True,True,86.49000000000001,1.0,True,True,86.49000000000001,1.0
409828_2018-11-06_14-02-59_filtered_2026-04-09_04-59-00,5,102,False,False,0.0,0.0,False,False,0.0,0.0,False,False,0.0,0.0,False,False,0.0,0.0
409828_2018-11-06_14-02-59_filtered_2026-04-09_04-59-00,5,103,True,True,172.98000000000002,1.0,True,True,172.98000000000002,1.0,True,True,172.98000000000002,1.0,True,True,172.98000000000002,1.0
409828_2018-11-06_14-02-59_filtered_2026-04-09_04-59-00,5,104,False,False,0.0,0.0,False,False,0.0,0.0,False,False,0.0,0.0,False,False,0.0,0.0
409828_2018-11-06_14-02-59_filtered_2026-04-09_04-59-00,5,105,False,False,0.0,0.0,False,False,0.0,0.0,False,False,0.0,0.0,False,False,0.0,0.0
409828_2018-11-06_14-02-59_filtered_2026-04-09_04-59-00,5,106,False,False,0.0,0.0,False,False,0.0,0.0,False,False,0.0,0.0,False,False,0.0,0.0
409828_2018-11-06_14-02-59_filtered_2026-04-09_04-59-00,5,107,False,False,0.0,0.0,False,False,0.0,0.0,False,False,0.0,0.0,False,False,0.0,0.0
409828_2018-11-06_14-02-59_filtered_2026-04-09_04-59-00,5,108,False,False,0.0,0.0,False,False,0.0,0.0,False,False,0.0,0.0,False,False,0.0,0.0
409828_2018-11-06_14-02-59_filtered_2026-04-09_04-59-00,5,109,False,False,0.0,0.0,False,False,0.0,0.0,False,False,0.0,0.0,False,False,0.0,0.0
409828_2018-11-06_14-02-59_filtered_2026-04-09_04-59-00,5,111,True,False,1383.8400000000001,0.125,False,False,0.0,0.0,False,False,0.0,0.0,False,False,0.0,0.0
409828_2018-11-06_14-02-59_filtered_2026-04-09_04-59-00,5,112,False,False,0.0,0.0,True,True,86.49000000000001,1.0,True,True,86.49000000000001,1.0,True,True,86.49000000000001,1.0
409828_2018-11-06_14-02-59_filtered_2026-04-09_04-59-00,5,113,True,True,86.49000000000001,1.0,True,True,86.49000000000001,1.0,True,True,86.49000000000001,1.0,True,True,86.49000000000001,1.0
409828_2018-11-06_14-02-59_filtered_2026-04-09_04-59-00,5,114,False,False,0.0,0.0,False,False,0.0,0.0,False,False,0.0,0.0,False,False,0.0,0.0
409828_2018-11-06_14-02-59_filtered_2026-04-09_04-59-00,5,115,False,False,0.0,0.0,False,False,0.0,0.0,False,False,0.0,0.0,False,False,0.0,0.0
409828_2018-11-06_14-02-59_filtered_2026-04-09_04-59-00,5,116,False,False,0.0,0.0,False,False,0.0,0.0,False,False,0.0,0.0,False,False,0.0,0.0
409828_2018-11-06_14-02-59_filtered_2026-04-09_04-59-00,5,117,False,False,0.0,0.0,False,False,0.0,0.0,False,False,0.0,0.0,False,False,0.0,0.0
409828_2018-11-06_14-02-59_filtered_2026-04-09_04-59-00,5,118,False,False,0.0,0.0,False,False,0.0,0.0,False,False,0.0,0.0,False,False,0.0,0.0
409828_2018-11-06_14-02-59_filtered_2026-04-09_04-59-00,5,119,True,False,8649.000000000002,0.99,True,True,172.98000000000002,1.0,True,True,172.98000000000002,1.0,True,True,172.98000000000002,1.0
409828_2018-11-06_14-02-59_filtered_2026-04-09_04-59-00,5,120,False,False,0.0,0.0,False,False,0.0,0.0,False,False,0.0,0.0,False,False,0.0,0.0
409828_2018-11-06_14-02-59_filtered_2026-04-09_04-59-00,5,121,False,False,0.0,0.0,False,False,0.0,0.0,False,False,0.0,0.0,False,False,0.0,0.0
409828_2018-11-06_14-02-59_filtered_2026-04-09_04-59-00,5,122,False,False,0.0,0.0,False,False,0.0,0.0,False,False,0.0,0.0,False,False,0.0,0.0
409828_2018-11-06_14-02-59_filtered_2026-04-09_04-59-00,5,123,True,True,86.49000000000001,1.0,True,True,86.49000000000001,1.0,False,False,0.0,0.0,False,False,0.0,0.0
409828_2018-11-06_14-02-59_filtered_2026-04-09_04-59-00,5,124,False,False,0.0,0.0,False,False,0.0,0.0,False,False,0.0,0.0,False,False,0.0,0.0
409828_2018-11-06_14-02-59_filtered_2026-04-09_04-59-00,5,125,True,True,172.98000000000002,1.0,True,True,86.49000000000001,1.0,True,True,86.49000000000001,1.0,True,True,86.49000000000001,1.0
409828_2018-11-06_14-02-59_filtered_2026-04-09_04-59-00,5,126,False,False,0.0,0.0,False,False,0.0,0.0,False,False,0.0,0.0,False,False,0.0,0.0
409828_2018-11-06_14-02-59_filtered_2026-04-09_04-59-00,5,127,False,False,0.0,0.0,False,False,0.0,0.0,False,False,0.0,0.0,False,False,0.0,0.0
409828_2018-11-06_14-02-59_filtered_2026-04-09_04-59-00,5,128,False,False,0.0,0.0,False,False,0.0,0.0,False,False,0.0,0.0,False,False,0.0,0.0
409828_2018-11-06_14-02-59_filtered_2026-04-09_04-59-00,5,129,False,False,0.0,0.0,True,True,86.49000000000001,1.0,False,False,0.0,0.0,False,False,0.0,0.0
409828_2018-11-06_14-02-59_filtered_2026-04-09_04-59-00,5,130,False,False,0.0,0.0,False,False,0.0,0.0,False,False,0.0,0.0,False,False,0.0,0.0
409828_2018-11-06_14-02-59_filtered_2026-04-09_04-59-00,5,131,False,False,0.0,0.0,False,False,0.0,0.0,False,False,0.0,0.0,False,False,0.0,0.0
409828_2018-11-06_14-02-59_filtered_2026-04-09_04-59-00,5,132,True,True,86.49000000000001,1.0,True,True,86.49000000000001,1.0,False,False,0.0,0.0,False,False,0.0,0.0
409828_2018-11-06_14-02-59_filtered_2026-04-09_04-59-00,5,134,False,False,0.0,0.0,False,False,0.0,0.0,False,False,0.0,0.0,False,False,0.0,0.0
409828_2018-11-06_14-02-59_filtered_2026-04-09_04-59-00,5,135,False,False,0.0,0.0,False,False,0.0,0.0,False,False,0.0,0.0,False,False,0.0,0.0
409828_2018-11-06_14-02-59_filtered_2026-04-09_04-59-00,5,136,False,False,0.0,0.0,False,False,0.0,0.0,False,False,0.0,0.0,False,False,0.0,0.0
409828_2018-11-06_14-02-59_filtered_2026-04-09_04-59-00,5,137,False,False,0.0,0.0,False,False,0.0,0.0,False,False,0.0,0.0,False,False,0.0,0.0
409828_2018-11-06_14-02-59_filtered_2026-04-09_04-59-00,5,138,False,False,0.0,0.0,False,False,0.0,0.0,False,False,0.0,0.0,False,False,0.0,0.0
409828_2018-11-06_14-02-59_filtered_2026-04-09_04-59-00,5,139,False,False,0.0,0.0,False,False,0.0,0.0,False,False,0.0,0.0,False,False,0.0,0.0
409828_2018-11-06_14-02-59_filtered_2026-04-09_04-59-00,5,140,False,False,0.0,0.0,False,False,0.0,0.0,False,False,0.0,0.0,False,False,0.0,0.0
409828_2018-11-06_14-02-59_filtered_2026-04-09_04-59-00,5,141,False,False,0.0,0.0,False,False,0.0,0.0,False,False,0.0,0.0,False,False,0.0,0.0
409828_2018-11-06_14-02-59_filtered_2026-04-09_04-59-00,5,142,False,False,0.0,0.0,False,False,0.0,0.0,False,False,0.0,0.0,False,False,0.0,0.0
409828_2018-11-06_14-02-59_filtered_2026-04-09_04-59-00,5,143,False,False,0.0,0.0,False,False,0.0,0.0,False,False,0.0,0.0,False,False,0.0,0.0
409828_2018-11-06_14-02-59_filtered_2026-04-09_04-59-00,5,144,False,False,0.0,0.0,False,False,0.0,0.0,False,False,0.0,0.0,False,False,0.0,0.0
409828_2018-11-06_14-02-59_filtered_2026-04-09_04-59-00,5,145,False,False,0.0,0.0,False,False,0.0,0.0,False,False,0.0,0.0,False,False,0.0,0.0
409828_2018-11-06_14-02-59_filtered_2026-04-09_04-59-00,5,146,False,False,0.0,0.0,False,False,0.0,0.0,False,False,0.0,0.0,False,False,0.0,0.0
409828_2018-11-06_14-02-59_filtered_2026-04-09_04-59-00,5,147,True,True,86.49000000000001,1.0,True,False,172.98000000000002,0.5,True,True,86.49000000000001,1.0,True,True,86.49000000000001,1.0
409828_2018-11-06_14-02-59_filtered_2026-04-09_04-59-00,5,148,False,False,0.0,0.0,False,False,0.0,0.0,False,False,0.0,0.0,False,False,0.0,0.0
409828_2018-11-06_14-02-59_filtered_2026-04-09_04-59-00,5,149,False,False,0.0,0.0,False,False,0.0,0.0,False,False,0.0,0.0,False,False,0.0,0.0
409828_2018-11-06_14-02-59_filtered_2026-04-09_04-59-00,5,150,False,False,0.0,0.0,True,True,86.49000000000001,1.0,False,False,0.0,0.0,False,False,0.0,0.0
409828_2018-11-06_14-02-59_filtered_2026-04-09_04-59-00,5,151,False,False,0.0,0.0,False,False,0.0,0.0,False,False,0.0,0.0,False,False,0.0,0.0
409828_2018-11-06_14-02-59_filtered_2026-04-09_04-59-00,5,152,False,False,0.0,0.0,False,False,0.0,0.0,False,False,0.0,0.0,False,False,0.0,0.0
409828_2018-11-06_14-02-59_filtered_2026-04-09_04-59-00,5,153,False,False,0.0,0.0,False,False,0.0,0.0,False,False,0.0,0.0,False,False,0.0,0.0
409828_2018-11-06_14-02-59_filtered_2026-04-09_04-59-00,5,154,False,False,0.0,0.0,False,False,0.0,0.0,False,False,0.0,0.0,False,False,0.0,0.0
409828_2018-11-06_14-02-59_filtered_2026-04-09_04-59-00,5,155,False,False,0.0,0.0,False,False,0.0,0.0,False,False,0.0,0.0,False,False,0.0,0.0
409828_2018-11-06_14-02-59_filtered_2026-04-09_04-59-00,5,156,False,False,0.0,0.0,False,False,0.0,0.0,False,False,0.0,0.0,False,False,0.0,0.0
409828_2018-11-06_14-02-59_filtered_2026-04-09_04-59-00,5,157,True,False,1470.3300000000004,0.29411764705882354,True,True,172.98000000000002,1.0,True,True,172.98000000000002,1.0,True,True,172.98000000000002,1.0
409828_2018-11-06_14-02-59_filtered_2026-04-09_04-59-00,5,158,False,False,0.0,0.0,False,False,0.0,0.0,False,False,0.0,0.0,False,False,0.0,0.0
409828_2018-11-06_14-02-59_filtered_2026-04-09_04-59-00,5,159,False,False,0.0,0.0,True,True,86.49000000000001,1.0,True,True,86.49000000000001,1.0,True,True,86.49000000000001,1.0
409828_2018-11-06_14-02-59_filtered_2026-04-09_04-59-00,5,160,True,False,2162.2500000000005,0.16,True,True,86.49000000000001,1.0,False,False,0.0,0.0,False,False,0.0,0.0
409828_2018-11-06_14-02-59_filtered_2026-04-09_04-59-00,5,161,True,False,1902.7800000000004,0.5454545454545454,False,False,0.0,0.0,False,False,0.0,0.0,False,False,0.0,0.0
409828_2018-11-06_14-02-59_filtered_2026-04-09_04-59-00,5,162,False,False,0.0,0.0,False,False,0.0,0.0,False,False,0.0,0.0,False,False,0.0,0.0
409828_2018-11-06_14-02-59_filtered_2026-04-09_04-59-00,5,164,False,False,0.0,0.0,False,False,0.0,0.0,False,False,0.0,0.0,False,False,0.0,0.0
409828_2018-11-06_14-02-59_filtered_2026-04-09_04-59-00,5,165,False,False,0.0,0.0,False,False,0.0,0.0,False,False,0.0,0.0,False,False,0.0,0.0
409828_2018-11-06_14-02-59_filtered_2026-04-09_04-59-00,5,166,False,False,0.0,0.0,False,False,0.0,0.0,False,False,0.0,0.0,False,False,0.0,0.0
409828_2018-11-06_14-02-59_filtered_2026-04-09_04-59-00,5,167,False,False,0.0,0.0,False,False,0.0,0.0,False,False,0.0,0.0,False,False,0.0,0.0
409828_2018-11-06_14-02-59_filtered_2026-04-09_04-59-00,5,168,False,False,0.0,0.0,False,False,0.0,0.0,False,False,0.0,0.0,False,False,0.0,0.0
409828_2018-11-06_14-02-59_filtered_2026-04-09_04-59-00,5,169,True,True,86.49000000000001,1.0,True,True,86.49000000000001,1.0,True,True,86.49000000000001,1.0,True,True,86.49000000000001,1.0
409828_2018-11-06_14-02-59_filtered_2026-04-09_04-59-00,5,170,False,False,0.0,0.0,False,False,0.0,0.0,False,False,0.0,0.0,False,False,0.0,0.0
409828_2018-11-06_14-02-59_filtered_2026-04-09_04-59-00,5,171,False,False,0.0,0.0,False,False,0.0,0.0,False,False,0.0,0.0,False,False,0.0,0.0
409828_2018-11-06_14-02-59_filtered_2026-04-09_04-59-00,5,172,False,False,0.0,0.0,True,False,172.98000000000002,0.5,True,True,86.49000000000001,1.0,True,True,86.49000000000001,1.0
409828_2018-11-06_14-02-59_filtered_2026-04-09_04-59-00,5,173,False,False,0.0,0.0,True,True,86.49000000000001,1.0,False,False,0.0,0.0,False,False,0.0,0.0
409828_2018-11-06_14-02-59_filtered_2026-04-09_04-59-00,5,174,False,False,0.0,0.0,False,False,0.0,0.0,False,False,0.0,0.0,False,False,0.0,0.0
409828_2018-11-06_14-02-59_filtered_2026-04-09_04-59-00,5,175,True,True,86.49000000000001,1.0,True,True,86.49000000000001,1.0,False,False,0.0,0.0,False,False,0.0,0.0
409828_2018-11-06_14-02-59_filtered_2026-04-09_04-59-00,5,177,False,False,0.0,0.0,False,False,0.0,0.0,False,False,0.0,0.0,False,False,0.0,0.0
409828_2018-11-06_14-02-59_filtered_2026-04-09_04-59-00,5,178,False,False,0.0,0.0,False,False,0.0,0.0,False,False,0.0,0.0,False,False,0.0,0.0
409828_2018-11-06_14-02-59_filtered_2026-04-09_04-59-00,5,180,False,False,0.0,0.0,False,False,0.0,0.0,False,False,0.0,0.0,False,False,0.0,0.0
409828_2018-11-06_14-02-59_filtered_2026-04-09_04-59-00,5,181,True,True,86.49000000000001,1.0,False,False,0.0,0.0,False,False,0.0,0.0,False,False,0.0,0.0
409828_2018-11-06_14-02-59_filtered_2026-04-09_04-59-00,5,182,True,False,518.94,0.5,False,False,0.0,0.0,False,False,0.0,0.0,False,False,0.0,0.0
409828_2018-11-06_14-02-59_filtered_2026-04-09_04-59-00,5,183,False,False,0.0,0.0,False,False,0.0,0.0,False,False,0.0,0.0,False,False,0.0,0.0
409828_2018-11-06_14-02-59_filtered_2026-04-09_04-59-00,5,184,False,False,0.0,0.0,False,False,0.0,0.0,False,False,0.0,0.0,False,False,0.0,0.0
409828_2018-11-06_14-02-59_filtered_2026-04-09_04-59-00,5,185,False,False,0.0,0.0,False,False,0.0,0.0,False,False,0.0,0.0,False,False,0.0,0.0
409828_2018-11-06_14-02-59_filtered_2026-04-09_04-59-00,5,186,False,False,0.0,0.0,False,False,0.0,0.0,False,False,0.0,0.0,False,False,0.0,0.0
409828_2018-11-06_14-02-59_filtered_2026-04-09_04-59-00,5,187,False,False,0.0,0.0,False,False,0.0,0.0,False,False,0.0,0.0,False,False,0.0,0.0
409828_2018-11-06_14-02-59_filtered_2026-04-09_04-59-00,5,188,False,False,0.0,0.0,False,False,0.0,0.0,False,False,0.0,0.0,False,False,0.0,0.0
409828_2018-11-06_14-02-59_filtered_2026-04-09_04-59-00,5,189,False,False,0.0,0.0,False,False,0.0,0.0,False,False,0.0,0.0,False,False,0.0,0.0
409828_2018-11-06_14-02-59_filtered_2026-04-09_04-59-00,5,190,False,False,0.0,0.0,False,False,0.0,0.0,False,False,0.0,0.0,False,False,0.0,0.0
409828_2018-11-06_14-02-59_filtered_2026-04-09_04-59-00,5,193,False,False,0.0,0.0,False,False,0.0,0.0,False,False,0.0,0.0,False,False,0.0,0.0
409828_2018-11-06_14-02-59_filtered_2026-04-09_04-59-00,5,194,True,False,6659.7300000000005,0.7662337662337663,True,True,86.49000000000001,1.0,True,True,86.49000000000001,1.0,True,True,86.49000000000001,1.0
409828_2018-11-06_14-02-59_filtered_2026-04-09_04-59-00,5,195,False,False,0.0,0.0,False,False,0.0,0.0,False,False,0.0,0.0,False,False,0.0,0.0
409828_2018-11-06_14-02-59_filtered_2026-04-09_04-59-00,5,196,False,False,0.0,0.0,False,False,0.0,0.0,False,False,0.0,0.0,False,False,0.0,0.0
409828_2018-11-06_14-02-59_filtered_2026-04-09_04-59-00,5,198,True,True,86.49000000000001,1.0,False,False,0.0,0.0,False,False,0.0,0.0,False,False,0.0,0.0
409828_2018-11-06_14-02-59_filtered_2026-04-09_04-59-00,5,199,False,False,0.0,0.0,False,False,0.0,0.0,False,False,0.0,0.0,False,False,0.0,0.0
409828_2018-11-06_14-02-59_filtered_2026-04-09_04-59-00,5,200,False,False,0.0,0.0,True,True,86.49000000000001,1.0,True,True,86.49000000000001,1.0,True,True,86.49000000000001,1.0
409828_2018-11-06_14-02-59_filtered_2026-04-09_04-59-00,5,201,False,False,0.0,0.0,False,False,0.0,0.0,False,False,0.0,0.0,False,False,0.0,0.0
409828_2018-11-06_14-02-59_filtered_2026-04-09_04-59-00,5,202,False,False,0.0,0.0,False,False,0.0,0.0,False,False,0.0,0.0,False,False,0.0,0.0
409828_2018-11-06_14-02-59_filtered_2026-04-09_04-59-00,5,203,True,False,345.96000000000004,0.75,True,True,86.49000000000001,1.0,True,True,86.49000000000001,1.0,True,True,86.49000000000001,1.0
409828_2018-11-06_14-02-59_filtered_2026-04-09_04-59-00,5,204,False,False,0.0,0.0,False,False,0.0,0.0,False,False,0.0,0.0,False,False,0.0,0.0
409828_2018-11-06_14-02-59_filtered_2026-04-09_04-59-00,5,206,True,False,4410.990000000001,0.2549019607843137,True,False,432.45000000000005,0.8,True,True,345.96000000000004,1.0,True,True,345.96000000000004,1.0
409828_2018-11-06_14-02-59_filtered_2026-04-09_04-59-00,5,208,False,False,0.0,0.0,False,False,0.0,0.0,False,False,0.0,0.0,False,False,0.0,0.0
409828_2018-11-06_14-02-59_filtered_2026-04-09_04-59-00,5,209,False,False,0.0,0.0,True,True,86.49000000000001,1.0,True,True,86.49000000000001,1.0,True,True,86.49000000000001,1.0
409828_2018-11-06_14-02-59_filtered_2026-04-09_04-59-00,5,210,True,False,1383.8400000000001,0.25,True,True,86.49000000000001,1.0,True,True,86.49000000000001,1.0,True,True,86.49000000000001,1.0
409828_2018-11-06_14-02-59_filtered_2026-04-09_04-59-00,5,211,False,False,0.0,0.0,False,False,0.0,0.0,False,False,0.0,0.0,False,False,0.0,0.0
409828_2018-11-06_14-02-59_filtered_2026-04-09_04-59-00,5,212,False,False,0.0,0.0,False,False,0.0,0.0,False,False,0.0,0.0,False,False,0.0,0.0
409828_2018-11-06_14-02-59_filtered_2026-04-09_04-59-00,5,213,False,False,0.0,0.0,False,False,0.0,0.0,False,False,0.0,0.0,False,False,0.0,0.0
409828_2018-11-06_14-02-59_filtered_2026-04-09_04-59-00,5,215,False,False,0.0,0.0,False,False,0.0,0.0,False,False,0.0,0.0,False,False,0.0,0.0
409828_2018-11-06_14-02-59_filtered_2026-04-09_04-59-00,5,217,False,False,0.0,0.0,False,False,0.0,0.0,False,False,0.0,0.0,False,False,0.0,0.0
409828_2018-11-06_14-02-59_filtered_2026-04-09_04-59-00,5,218,False,False,0.0,0.0,False,False,0.0,0.0,False,False,0.0,0.0,False,False,0.0,0.0
409828_2018-11-06_14-02-59_filtered_2026-04-09_04-59-00,5,220,True,True,86.49000000000001,1.0,False,False,0.0,0.0,False,False,0.0,0.0,False,False,0.0,0.0
409828_2018-11-06_14-02-59_filtered_2026-04-09_04-59-00,5,222,False,False,0.0,0.0,False,False,0.0,0.0,False,False,0.0,0.0,False,False,0.0,0.0
409828_2018-11-06_14-02-59_filtered_2026-04-09_04-59-00,5,224,False,False,0.0,0.0,False,False,0.0,0.0,False,False,0.0,0.0,False,False,0.0,0.0
409828_2018-11-06_14-02-59_filtered_2026-04-09_04-59-00,5,225,False,False,0.0,0.0,False,False,0.0,0.0,False,False,0.0,0.0,False,False,0.0,0.0
409828_2018-11-06_14-02-59_filtered_2026-04-09_04-59-00,5,227,False,False,0.0,0.0,True,True,86.49000000000001,1.0,False,False,0.0,0.0,False,False,0.0,0.0
409828_2018-11-06_14-02-59_filtered_2026-04-09_04-59-00,5,229,False,False,0.0,0.0,False,False,0.0,0.0,False,False,0.0,0.0,False,False,0.0,0.0
409828_2018-11-06_14-02-59_filtered_2026-04-09_04-59-00,5,230,True,False,518.94,0.3333333333333333,False,False,0.0,0.0,False,False,0.0,0.0,False,False,0.0,0.0
409828_2018-11-06_14-02-59_filtered_2026-04-09_04-59-00,5,231,False,False,0.0,0.0,False,False,0.0,0.0,False,False,0.0,0.0,False,False,0.0,0.0
409828_2018-11-06_14-02-59_filtered_2026-04-09_04-59-00,5,232,False,False,0.0,0.0,False,False,0.0,0.0,False,False,0.0,0.0,False,False,0.0,0.0
409828_2018-11-06_14-02-59_filtered_2026-04-09_04-59-00,5,233,True,True,172.98000000000002,1.0,False,False,0.0,0.0,False,False,0.0,0.0,False,False,0.0,0.0
409828_2018-11-06_14-02-59_filtered_2026-04-09_04-59-00,5,234,False,False,0.0,0.0,False,False,0.0,0.0,False,False,0.0,0.0,False,False,0.0,0.0
409828_2018-11-06_14-02-59_filtered_2026-04-09_04-59-00,5,235,False,False,0.0,0.0,False,False,0.0,0.0,False,False,0.0,0.0,False,False,0.0,0.0
409828_2018-11-06_14-02-59_filtered_2026-04-09_04-59-00,5,236,True,False,8476.020000000002,0.8877551020408163,True,True,172.98000000000002,1.0,True,True,172.98000000000002,1.0,True,True,172.98000000000002,1.0
409828_2018-11-06_14-02-59_filtered_2026-04-09_04-59-00,5,237,True,True,9513.900000000001,1.0,True,True,172.98000000000002,1.0,True,True,172.98000000000002,1.0,True,True,172.98000000000002,1.0
409828_2018-11-06_14-02-59_filtered_2026-04-09_04-59-00,5,241,False,False,0.0,0.0,False,False,0.0,0.0,False,False,0.0,0.0,False,False,0.0,0.0
409828_2018-11-06_14-02-59_filtered_2026-04-09_04-59-00,5,242,True,False,605.4300000000002,0.14285714285714285,False,False,0.0,0.0,False,False,0.0,0.0,False,False,0.0,0.0
409828_2018-11-06_14-02-59_filtered_2026-04-09_04-59-00,5,244,True,True,86.49000000000001,1.0,True,True,86.49000000000001,1.0,True,True,86.49000000000001,1.0,True,True,86.49000000000001,1.0
409828_2018-11-06_14-02-59_filtered_2026-04-09_04-59-00,5,245,True,False,172.98000000000002,0.5,False,False,0.0,0.0,False,False,0.0,0.0,False,False,0.0,0.0
409828_2018-11-06_14-02-59_filtered_2026-04-09_04-59-00,5,246,False,False,0.0,0.0,False,False,0.0,0.0,False,False,0.0,0.0,False,False,0.0,0.0
409828_2018-11-06_14-02-59_filtered_2026-04-09_04-59-00,5,248,False,False,0.0,0.0,False,False,0.0,0.0,False,False,0.0,0.0,False,False,0.0,0.0
409828_2018-11-06_14-02-59_filtered_2026-04-09_04-59-00,5,249,False,False,0.0,0.0,False,False,0.0,0.0,False,False,0.0,0.0,False,False,0.0,0.0
409828_2018-11-06_14-02-59_filtered_2026-04-09_04-59-00,5,250,False,False,0.0,0.0,False,False,0.0,0.0,False,False,0.0,0.0,False,False,0.0,0.0
409828_2018-11-06_14-02-59_filtered_2026-04-09_04-59-00,5,251,False,False,0.0,0.0,False,False,0.0,0.0,False,False,0.0,0.0,False,False,0.0,0.0
409828_2018-11-06_14-02-59_filtered_2026-04-09_04-59-00,5,253,False,False,0.0,0.0,False,False,0.0,0.0,False,False,0.0,0.0,False,False,0.0,0.0
409828_2018-11-06_14-02-59_filtered_2026-04-09_04-59-00,5,255,False,False,0.0,0.0,False,False,0.0,0.0,False,False,0.0,0.0,False,False,0.0,0.0
409828_2018-11-06_14-02-59_filtered_2026-04-09_04-59-00,5,256,False,False,0.0,0.0,False,False,0.0,0.0,False,False,0.0,0.0,False,False,0.0,0.0
409828_2018-11-06_14-02-59_filtered_2026-04-09_04-59-00,5,260,False,False,0.0,0.0,False,False,0.0,0.0,False,False,0.0,0.0,False,False,0.0,0.0
409828_2018-11-06_14-02-59_filtered_2026-04-09_04-59-00,5,262,False,False,0.0,0.0,False,False,0.0,0.0,False,False,0.0,0.0,False,False,0.0,0.0
409828_2018-11-06_14-02-59_filtered_2026-04-09_04-59-00,5,263,False,False,0.0,0.0,True,True,86.49000000000001,1.0,False,False,0.0,0.0,False,False,0.0,0.0
409828_2018-11-06_14-02-59_filtered_2026-04-09_04-59-00,5,264,False,False,0.0,0.0,True,True,86.49000000000001,1.0,True,True,86.49000000000001,1.0,True,True,86.49000000000001,1.0
409828_2018-11-06_14-02-59_filtered_2026-04-09_04-59-00,5,265,False,False,0.0,0.0,False,False,0.0,0.0,False,False,0.0,0.0,False,False,0.0,0.0
409828_2018-11-06_14-02-59_filtered_2026-04-09_04-59-00,5,266,False,False,0.0,0.0,False,False,0.0,0.0,False,False,0.0,0.0,False,False,0.0,0.0
409828_2018-11-06_14-02-59_filtered_2026-04-09_04-59-00,5,267,False,False,0.0,0.0,False,False,0.0,0.0,False,False,0.0,0.0,False,False,0.0,0.0
409828_2018-11-06_14-02-59_filtered_2026-04-09_04-59-00,5,268,False,False,0.0,0.0,False,False,0.0,0.0,False,False,0.0,0.0,False,False,0.0,0.0
409828_2018-11-06_14-02-59_filtered_2026-04-09_04-59-00,5,270,False,False,0.0,0.0,False,False,0.0,0.0,False,False,0.0,0.0,False,False,0.0,0.0
409828_2018-11-06_14-02-59_filtered_2026-04-09_04-59-00,5,271,False,False,0.0,0.0,False,False,0.0,0.0,False,False,0.0,0.0,False,False,0.0,0.0
409828_2018-11-06_14-02-59_filtered_2026-04-09_04-59-00,5,272,False,False,0.0,0.0,True,True,86.49000000000001,1.0,True,True,86.49000000000001,1.0,True,True,86.49000000000001,1.0
409828_2018-11-06_14-02-59_filtered_2026-04-09_04-59-00,5,273,True,True,86.49000000000001,1.0,True,True,86.49000000000001,1.0,True,True,86.49000000000001,1.0,True,True,86.49000000000001,1.0
409828_2018-11-06_14-02-59_filtered_2026-04-09_04-59-00,5,274,False,False,0.0,0.0,False,False,0.0,0.0,False,False,0.0,0.0,False,False,0.0,0.0
409828_2018-11-06_14-02-59_filtered_2026-04-09_04-59-00,5,275,False,False,0.0,0.0,False,False,0.0,0.0,False,False,0.0,0.0,False,False,0.0,0.0
409828_2018-11-06_14-02-59_filtered_2026-04-09_04-59-00,5,276,False,False,0.0,0.0,False,False,0.0,0.0,False,False,0.0,0.0,False,False,0.0,0.0
409828_2018-11-06_14-02-59_filtered_2026-04-09_04-59-00,5,277,False,False,0.0,0.0,False,False,0.0,0.0,False,False,0.0,0.0,False,False,0.0,0.0
409828_2018-11-06_14-02-59_filtered_2026-04-09_04-59-00,5,278,False,False,0.0,0.0,True,True,86.49000000000001,1.0,False,False,0.0,0.0,False,False,0.0,0.0
409828_2018-11-06_14-02-59_filtered_2026-04-09_04-59-00,5,281,False,False,0.0,0.0,False,False,0.0,0.0,False,False,0.0,0.0,False,False,0.0,0.0
409828_2018-11-06_14-02-59_filtered_2026-04-09_04-59-00,5,285,False,False,0.0,0.0,False,False,0.0,0.0,False,False,0.0,0.0,False,False,0.0,0.0
409828_2018-11-06_14-02-59_filtered_2026-04-09_04-59-00,5,286,False,False,0.0,0.0,False,False,0.0,0.0,False,False,0.0,0.0,False,False,0.0,0.0
409828_2018-11-06_14-02-59_filtered_2026-04-09_04-59-00,5,288,True,True,86.49000000000001,1.0,True,True,172.98000000000002,1.0,True,True,86.49000000000001,1.0,True,True,86.49000000000001,1.0
409828_2018-11-06_14-02-59_filtered_2026-04-09_04-59-00,5,289,False,False,0.0,0.0,False,False,0.0,0.0,False,False,0.0,0.0,False,False,0.0,0.0
409828_2018-11-06_14-02-59_filtered_2026-04-09_04-59-00,5,290,False,False,0.0,0.0,True,True,86.49000000000001,1.0,True,True,86.49000000000001,1.0,True,True,86.49000000000001,1.0
409828_2018-11-06_14-02-59_filtered_2026-04-09_04-59-00,5,291,False,False,0.0,0.0,False,False,0.0,0.0,False,False,0.0,0.0,False,False,0.0,0.0
409828_2018-11-06_14-02-59_filtered_2026-04-09_04-59-00,5,292,True,False,1383.8400000000001,0.125,False,False,0.0,0.0,False,False,0.0,0.0,False,False,0.0,0.0
409828_2018-11-06_14-02-59_filtered_2026-04-09_04-59-00,5,293,False,False,0.0,0.0,False,False,0.0,0.0,False,False,0.0,0.0,False,False,0.0,0.0
409828_2018-11-06_14-02-59_filtered_2026-04-09_04-59-00,5,294,False,False,0.0,0.0,False,False,0.0,0.0,False,False,0.0,0.0,False,False,0.0,0.0
409828_2018-11-06_14-02-59_filtered_2026-04-09_04-59-00,5,296,False,False,0.0,0.0,False,False,0.0,0.0,False,False,0.0,0.0,False,False,0.0,0.0
409828_2018-11-06_14-02-59_filtered_2026-04-09_04-59-00,5,297,True,False,6313.770000000001,0.4794520547945205,True,True,86.49000000000001,1.0,True,True,86.49000000000001,1.0,True,True,86.49000000000001,1.0
409828_2018-11-06_14-02-59_filtered_2026-04-09_04-59-00,5,300,True,True,172.98000000000002,1.0,True,True,86.49000000000001,1.0,True,True,86.49000000000001,1.0,True,True,86.49000000000001,1.0
409828_2018-11-06_14-02-59_filtered_2026-04-09_04-59-00,5,302,False,False,0.0,0.0,False,False,0.0,0.0,False,False,0.0,0.0,False,False,0.0,0.0
409828_2018-11-06_14-02-59_filtered_2026-04-09_04-59-00,5,303,False,False,0.0,0.0,True,True,86.49000000000001,1.0,False,False,0.0,0.0,False,False,0.0,0.0
409828_2018-11-06_14-02-59_filtered_2026-04-09_04-59-00,5,304,True,False,432.45000000000005,0.8,True,True,172.98000000000002,1.0,True,True,172.98000000000002,1.0,True,True,172.98000000000002,1.0
409828_2018-11-06_14-02-59_filtered_2026-04-09_04-59-00,5,306,False,False,0.0,0.0,False,False,0.0,0.0,False,False,0.0,0.0,False,False,0.0,0.0
409828_2018-11-06_14-02-59_filtered_2026-04-09_04-59-00,5,307,True,True,86.49000000000001,1.0,False,False,0.0,0.0,False,False,0.0,0.0,False,False,0.0,0.0
409828_2018-11-06_14-02-59_filtered_2026-04-09_04-59-00,5,311,True,False,432.45000000000005,0.6,True,True,86.49000000000001,1.0,True,True,86.49000000000001,1.0,True,True,86.49000000000001,1.0
409828_2018-11-06_14-02-59_filtered_2026-04-09_04-59-00,5,312,False,False,0.0,0.0,False,False,0.0,0.0,False,False,0.0,0.0,False,False,0.0,0.0
409828_2018-11-06_14-02-59_filtered_2026-04-09_04-59-00,5,313,False,False,0.0,0.0,False,False,0.0,0.0,False,False,0.0,0.0,False,False,0.0,0.0
409828_2018-11-06_14-02-59_filtered_2026-04-09_04-59-00,5,314,False,False,0.0,0.0,False,False,0.0,0.0,False,False,0.0,0.0,False,False,0.0,0.0
409828_2018-11-06_14-02-59_filtered_2026-04-09_04-59-00,5,315,False,False,0.0,0.0,False,False,0.0,0.0,False,False,0.0,0.0,False,False,0.0,0.0
409828_2018-11-06_14-02-59_filtered_2026-04-09_04-59-00,5,316,False,False,0.0,0.0,False,False,0.0,0.0,False,False,0.0,0.0,False,False,0.0,0.0
409828_2018-11-06_14-02-59_filtered_2026-04-09_04-59-00,5,321,False,False,0.0,0.0,False,False,0.0,0.0,False,False,0.0,0.0,False,False,0.0,0.0
409828_2018-11-06_14-02-59_filtered_2026-04-09_04-59-00,5,323,True,False,432.45000000000005,0.4,True,True,86.49000000000001,1.0,True,True,86.49000000000001,1.0,True,True,86.49000000000001,1.0
409828_2018-11-06_14-02-59_filtered_2026-04-09_04-59-00,5,325,False,False,0.0,0.0,False,False,0.0,0.0,False,False,0.0,0.0,False,False,0.0,0.0
409828_2018-11-06_14-02-59_filtered_2026-04-09_04-59-00,5,326,True,True,86.49000000000001,1.0,False,False,0.0,0.0,False,False,0.0,0.0,False,False,0.0,0.0
409828_2018-11-06_14-02-59_filtered_2026-04-09_04-59-00,5,327,False,False,0.0,0.0,False,False,0.0,0.0,False,False,0.0,0.0,False,False,0.0,0.0
409828_2018-11-06_14-02-59_filtered_2026-04-09_04-59-00,5,329,False,False,0.0,0.0,False,False,0.0,0.0,False,False,0.0,0.0,False,False,0.0,0.0
409828_2018-11-06_14-02-59_filtered_2026-04-09_04-59-00,5,331,False,False,0.0,0.0,False,False,0.0,0.0,False,False,0.0,0.0,False,False,0.0,0.0
409828_2018-11-06_14-02-59_filtered_2026-04-09_04-59-00,5,334,False,False,0.0,0.0,False,False,0.0,0.0,False,False,0.0,0.0,False,False,0.0,0.0
409828_2018-11-06_14-02-59_filtered_2026-04-09_04-59-00,5,336,False,False,0.0,0.0,False,False,0.0,0.0,False,False,0.0,0.0,False,False,0.0,0.0
409828_2018-11-06_14-02-59_filtered_2026-04-09_04-59-00,5,340,False,False,0.0,0.0,False,False,0.0,0.0,False,False,0.0,0.0,False,False,0.0,0.0
409828_2018-11-06_14-02-59_filtered_2026-04-09_04-59-00,5,342,False,False,0.0,0.0,False,False,0.0,0.0,False,False,0.0,0.0,False,False,0.0,0.0
409828_2018-11-06_14-02-59_filtered_2026-04-09_04-59-00,5,343,False,False,0.0,0.0,False,False,0.0,0.0,False,False,0.0,0.0,False,False,0.0,0.0
409828_2018-11-06_14-02-59_filtered_2026-04-09_04-59-00,5,345,True,True,86.49000000000001,1.0,True,True,86.49000000000001,1.0,True,True,86.49000000000001,1.0,True,True,86.49000000000001,1.0
409828_2018-11-06_14-02-59_filtered_2026-04-09_04-59-00,5,347,False,False,0.0,0.0,False,False,0.0,0.0,False,False,0.0,0.0,False,False,0.0,0.0
409828_2018-11-06_14-02-59_filtered_2026-04-09_04-59-00,5,348,True,True,172.98000000000002,1.0,True,True,172.98000000000002,1.0,True,True,86.49000000000001,1.0,True,True,86.49000000000001,1.0
409828_2018-11-06_14-02-59_filtered_2026-04-09_04-59-00,5,352,False,False,0.0,0.0,False,False,0.0,0.0,False,False,0.0,0.0,False,False,0.0,0.0
409828_2018-11-06_14-02-59_filtered_2026-04-09_04-59-00,5,356,False,False,0.0,0.0,False,False,0.0,0.0,False,False,0.0,0.0,False,False,0.0,0.0
409828_2018-11-06_14-02-59_filtered_2026-04-09_04-59-00,5,363,False,False,0.0,0.0,False,False,0.0,0.0,False,False,0.0,0.0,False,False,0.0,0.0
409828_2018-11-06_14-02-59_filtered_2026-04-09_04-59-00,5,379,True,True,86.49000000000001,1.0,True,True,86.49000000000001,1.0,False,False,0.0,0.0,False,False,0.0,0.0
409828_2018-11-06_14-02-59_filtered_2026-04-09_04-59-00,5,380,True,False,172.98000000000002,0.5,True,True,86.49000000000001,1.0,True,True,86.49000000000001,1.0,True,True,86.49000000000001,1.0
409828_2018-11-06_14-02-59_filtered_2026-04-09_04-59-00,5,381,True,True,86.49000000000001,1.0,True,True,86.49000000000001,1.0,True,True,86.49000000000001,1.0,True,True,86.49000000000001,1.0
409828_2018-11-06_14-02-59_filtered_2026-04-09_04-59-00,5,390,False,False,0.0,0.0,False,False,0.0,0.0,False,False,0.0,0.0,False,False,0.0,0.0
409828_2018-11-06_14-02-59_filtered_2026-04-09_04-59-00,5,404,False,False,0.0,0.0,False,False,0.0,0.0,False,False,0.0,0.0,False,False,0.0,0.0
409828_2018-11-06_14-02-59_filtered_2026-04-09_04-59-00,5,408,False,False,0.0,0.0,True,True,86.49000000000001,1.0,True,True,86.49000000000001,1.0,True,True,86.49000000000001,1.0
409828_2018-11-06_14-02-59_filtered_2026-04-09_04-59-00,5,409,False,False,0.0,0.0,False,False,0.0,0.0,False,False,0.0,0.0,False,False,0.0,0.0
409828_2018-11-06_14-02-59_filtered_2026-04-09_04-59-00,5,414,False,False,0.0,0.0,False,False,0.0,0.0,False,False,0.0,0.0,False,False,0.0,0.0
409828_2018-11-06_14-02-59_filtered_2026-04-09_04-59-00,5,415,False,False,0.0,0.0,False,False,0.0,0.0,False,False,0.0,0.0,False,False,0.0,0.0
409828_2018-11-06_14-02-59_filtered_2026-04-09_04-59-00,5,425,False,False,0.0,0.0,False,False,0.0,0.0,False,False,0.0,0.0,False,False,0.0,0.0
409828_2018-11-06_14-02-59_filtered_2026-04-09_04-59-00,5,432,True,False,259.47,0.6666666666666666,False,False,0.0,0.0,False,False,0.0,0.0,False,False,0.0,0.0
409828_2018-11-06_14-02-59_filtered_2026-04-09_04-59-00,5,449,True,True,86.49000000000001,1.0,False,False,0.0,0.0,False,False,0.0,0.0,False,False,0.0,0.0
409828_2018-11-06_14-02-59_filtered_2026-04-09_04-59-00,5,451,False,False,0.0,0.0,False,False,0.0,0.0,False,False,0.0,0.0,False,False,0.0,0.0
409828_2018-11-06_14-02-59_filtered_2026-04-09_04-59-00,5,457,False,False,0.0,0.0,False,False,0.0,0.0,False,False,0.0,0.0,False,False,0.0,0.0
409828_2018-11-06_14-02-59_filtered_2026-04-09_04-59-00,5,460,True,False,691.9200000000001,0.25,True,True,86.49000000000001,1.0,True,True,86.49000000000001,1.0,True,True,86.49000000000001,1.0
409828_2018-11-06_14-02-59_filtered_2026-04-09_04-59-00,5,474,False,False,0.0,0.0,False,False,0.0,0.0,False,False,0.0,0.0,False,False,0.0,0.0
409828_2018-11-06_14-02-59_filtered_2026-04-09_04-59-00,5,509,False,False,0.0,0.0,False,False,0.0,0.0,False,False,0.0,0.0,False,False,0.0,0.0
409828_2018-11-06_14-02-59_filtered_2026-04-09_04-59-00,5,533,False,False,0.0,0.0,False,False,0.0,0.0,False,False,0.0,0.0,False,False,0.0,0.0
409828_2018-11-06_14-02-59_filtered_2026-04-09_04-59-00,5,534,True,True,86.49000000000001,1.0,False,False,0.0,0.0,False,False,0.0,0.0,False,False,0.0,0.0
409828_2018-11-06_14-02-59_filtered_2026-04-09_04-59-00,5,546,False,False,0.0,0.0,False,False,0.0,0.0,False,False,0.0,0.0,False,False,0.0,0.0
409828_2018-11-06_14-02-59_filtered_2026-04-09_04-59-00,5,574,False,False,0.0,0.0,False,False,0.0,0.0,False,False,0.0,0.0,False,False,0.0,0.0
409828_2018-11-06_14-02-59_filtered_2026-04-09_04-59-00,5,608,True,False,1643.3100000000002,0.21052631578947367,True,True,86.49000000000001,1.0,False,False,0.0,0.0,False,False,0.0,0.0
409828_2018-11-06_14-02-59_filtered_2026-04-09_04-59-00,5,637,False,False,0.0,0.0,False,False,0.0,0.0,False,False,0.0,0.0,False,False,0.0,0.0
409828_2018-11-06_14-02-59_filtered_2026-04-09_04-59-00,5,677,False,False,0.0,0.0,False,False,0.0,0.0,False,False,0.0,0.0,False,False,0.0,0.0
409828_2018-11-06_14-02-59_filtered_2026-04-09_04-59-00,5,705,True,True,172.98000000000002,1.0,True,True,172.98000000000002,1.0,True,True,172.98000000000002,1.0,True,True,172.98000000000002,1.0
409828_2018-11-06_14-02-59_filtered_2026-04-09_04-59-00,5,1167,False,False,0.0,0.0,False,False,0.0,0.0,False,False,0.0,0.0,False,False,0.0,0.0
409828_2018-11-20_10-42-45_filtered_2026-04-09_04-58-44,0,0,False,False,0.0,0.0,False,False,0.0,0.0,False,False,0.0,0.0,False,False,0.0,0.0
409828_2018-11-20_10-42-45_filtered_2026-04-09_04-58-44,0,1,False,False,0.0,0.0,False,False,0.0,0.0,False,False,0.0,0.0,False,False,0.0,0.0
409828_2018-11-20_10-42-45_filtered_2026-04-09_04-58-44,0,5,False,False,0.0,0.0,True,True,86.49000000000001,1.0,False,False,0.0,0.0,False,False,0.0,0.0
409828_2018-11-20_10-42-45_filtered_2026-04-09_04-58-44,0,14,False,False,0.0,0.0,False,False,0.0,0.0,False,False,0.0,0.0,False,False,0.0,0.0
409828_2018-11-20_10-42-45_filtered_2026-04-09_04-58-44,0,16,False,False,0.0,0.0,False,False,0.0,0.0,False,False,0.0,0.0,False,False,0.0,0.0
409828_2018-11-20_10-42-45_filtered_2026-04-09_04-58-44,1,0,False,False,0.0,0.0,False,False,0.0,0.0,False,False,0.0,0.0,False,False,0.0,0.0
409828_2018-11-20_10-42-45_filtered_2026-04-09_04-58-44,1,1,False,False,0.0,0.0,True,False,172.98000000000002,0.5,False,False,0.0,0.0,False,False,0.0,0.0
409828_2018-11-20_10-42-45_filtered_2026-04-09_04-58-44,1,2,False,False,0.0,0.0,False,False,0.0,0.0,False,False,0.0,0.0,False,False,0.0,0.0
409828_2018-11-20_10-42-45_filtered_2026-04-09_04-58-44,1,3,False,False,0.0,0.0,False,False,0.0,0.0,False,False,0.0,0.0,False,False,0.0,0.0
409828_2018-11-20_10-42-45_filtered_2026-04-09_04-58-44,1,4,False,False,0.0,0.0,False,False,0.0,0.0,False,False,0.0,0.0,False,False,0.0,0.0
409828_2018-11-20_10-42-45_filtered_2026-04-09_04-58-44,1,5,False,False,0.0,0.0,False,False,0.0,0.0,False,False,0.0,0.0,False,False,0.0,0.0
409828_2018-11-20_10-42-45_filtered_2026-04-09_04-58-44,1,6,False,False,0.0,0.0,False,False,0.0,0.0,False,False,0.0,0.0,False,False,0.0,0.0
409828_2018-11-20_10-42-45_filtered_2026-04-09_04-58-44,1,7,False,False,0.0,0.0,False,False,0.0,0.0,False,False,0.0,0.0,False,False,0.0,0.0
409828_2018-11-20_10-42-45_filtered_2026-04-09_04-58-44,1,8,False,False,0.0,0.0,False,False,0.0,0.0,False,False,0.0,0.0,False,False,0.0,0.0
409828_2018-11-20_10-42-45_filtered_2026-04-09_04-58-44,1,9,False,False,0.0,0.0,False,False,0.0,0.0,False,False,0.0,0.0,False,False,0.0,0.0
409828_2018-11-20_10-42-45_filtered_2026-04-09_04-58-44,1,10,False,False,0.0,0.0,False,False,0.0,0.0,False,False,0.0,0.0,False,False,0.0,0.0
409828_2018-11-20_10-42-45_filtered_2026-04-09_04-58-44,1,11,False,False,0.0,0.0,False,False,0.0,0.0,False,False,0.0,0.0,False,False,0.0,0.0
409828_2018-11-20_10-42-45_filtered_2026-04-09_04-58-44,1,12,False,False,0.0,0.0,False,False,0.0,0.0,False,False,0.0,0.0,False,False,0.0,0.0
409828_2018-11-20_10-42-45_filtered_2026-04-09_04-58-44,1,13,False,False,0.0,0.0,False,False,0.0,0.0,False,False,0.0,0.0,False,False,0.0,0.0
409828_2018-11-20_10-42-45_filtered_2026-04-09_04-58-44,1,14,False,False,0.0,0.0,False,False,0.0,0.0,False,False,0.0,0.0,False,False,0.0,0.0
409828_2018-11-20_10-42-45_filtered_2026-04-09_04-58-44,1,15,False,False,0.0,0.0,True,True,86.49000000000001,1.0,True,True,86.49000000000001,1.0,True,True,86.49000000000001,1.0
409828_2018-11-20_10-42-45_filtered_2026-04-09_04-58-44,1,16,False,False,0.0,0.0,False,False,0.0,0.0,False,False,0.0,0.0,False,False,0.0,0.0
409828_2018-11-20_10-42-45_filtered_2026-04-09_04-58-44,1,17,False,False,0.0,0.0,False,False,0.0,0.0,False,False,0.0,0.0,False,False,0.0,0.0
409828_2018-11-20_10-42-45_filtered_2026-04-09_04-58-44,1,19,False,False,0.0,0.0,False,False,0.0,0.0,False,False,0.0,0.0,False,False,0.0,0.0
409828_2018-11-20_10-42-45_filtered_2026-04-09_04-58-44,1,20,False,False,0.0,0.0,False,False,0.0,0.0,False,False,0.0,0.0,False,False,0.0,0.0
409828_2018-11-20_10-42-45_filtered_2026-04-09_04-58-44,1,21,False,False,0.0,0.0,False,False,0.0,0.0,False,False,0.0,0.0,False,False,0.0,0.0
409828_2018-11-20_10-42-45_filtered_2026-04-09_04-58-44,1,26,False,False,0.0,0.0,False,False,0.0,0.0,False,False,0.0,0.0,False,False,0.0,0.0
409828_2018-11-20_10-42-45_filtered_2026-04-09_04-58-44,1,27,False,False,0.0,0.0,False,False,0.0,0.0,False,False,0.0,0.0,False,False,0.0,0.0
409828_2018-11-20_10-42-45_filtered_2026-04-09_04-58-44,1,28,False,False,0.0,0.0,False,False,0.0,0.0,False,False,0.0,0.0,False,False,0.0,0.0
409828_2018-11-20_10-42-45_filtered_2026-04-09_04-58-44,1,29,False,False,0.0,0.0,False,False,0.0,0.0,False,False,0.0,0.0,False,False,0.0,0.0
409828_2018-11-20_10-42-45_filtered_2026-04-09_04-58-44,1,31,False,False,0.0,0.0,False,False,0.0,0.0,False,False,0.0,0.0,False,False,0.0,0.0
409828_2018-11-20_10-42-45_filtered_2026-04-09_04-58-44,1,33,False,False,0.0,0.0,False,False,0.0,0.0,False,False,0.0,0.0,False,False,0.0,0.0
409828_2018-11-20_10-42-45_filtered_2026-04-09_04-58-44,1,36,False,False,0.0,0.0,False,False,0.0,0.0,False,False,0.0,0.0,False,False,0.0,0.0
409828_2018-11-20_10-42-45_filtered_2026-04-09_04-58-44,1,37,False,False,0.0,0.0,False,False,0.0,0.0,False,False,0.0,0.0,False,False,0.0,0.0
409828_2018-11-20_10-42-45_filtered_2026-04-09_04-58-44,1,40,False,False,0.0,0.0,False,False,0.0,0.0,False,False,0.0,0.0,False,False,0.0,0.0
409828_2018-11-20_10-42-45_filtered_2026-04-09_04-58-44,1,41,False,False,0.0,0.0,False,False,0.0,0.0,False,False,0.0,0.0,False,False,0.0,0.0
409828_2018-11-20_10-42-45_filtered_2026-04-09_04-58-44,1,42,False,False,0.0,0.0,False,False,0.0,0.0,False,False,0.0,0.0,False,False,0.0,0.0
409828_2018-11-20_10-42-45_filtered_2026-04-09_04-58-44,1,44,False,False,0.0,0.0,False,False,0.0,0.0,False,False,0.0,0.0,False,False,0.0,0.0
409828_2018-11-20_10-42-45_filtered_2026-04-09_04-58-44,1,56,False,False,0.0,0.0,False,False,0.0,0.0,False,False,0.0,0.0,False,False,0.0,0.0
409828_2018-11-20_10-42-45_filtered_2026-04-09_04-58-44,1,68,False,False,0.0,0.0,False,False,0.0,0.0,False,False,0.0,0.0,False,False,0.0,0.0
409828_2018-11-20_10-42-45_filtered_2026-04-09_04-58-44,1,74,False,False,0.0,0.0,False,False,0.0,0.0,False,False,0.0,0.0,False,False,0.0,0.0
409828_2018-11-20_10-42-45_filtered_2026-04-09_04-58-44,1,76,False,False,0.0,0.0,False,False,0.0,0.0,False,False,0.0,0.0,False,False,0.0,0.0
409828_2018-11-20_10-42-45_filtered_2026-04-09_04-58-44,1,80,False,False,0.0,0.0,True,True,86.49000000000001,1.0,False,False,0.0,0.0,False,False,0.0,0.0
409828_2018-11-20_10-42-45_filtered_2026-04-09_04-58-44,1,90,True,True,86.49000000000001,1.0,True,True,86.49000000000001,1.0,True,True,86.49000000000001,1.0,True,True,86.49000000000001,1.0
409828_2018-11-20_10-42-45_filtered_2026-04-09_04-58-44,1,391,False,False,0.0,0.0,False,False,0.0,0.0,False,False,0.0,0.0,False,False,0.0,0.0
409828_2018-11-20_10-42-45_filtered_2026-04-09_04-58-44,1,1268,False,False,0.0,0.0,False,False,0.0,0.0,False,False,0.0,0.0,False,False,0.0,0.0
409828_2018-11-20_10-42-45_filtered_2026-04-09_04-58-44,2,0,False,False,0.0,0.0,False,False,0.0,0.0,False,False,0.0,0.0,False,False,0.0,0.0
409828_2018-11-20_10-42-45_filtered_2026-04-09_04-58-44,2,1,False,False,0.0,0.0,False,False,0.0,0.0,False,False,0.0,0.0,False,False,0.0,0.0
409828_2018-11-20_10-42-45_filtered_2026-04-09_04-58-44,2,2,False,False,0.0,0.0,False,False,0.0,0.0,False,False,0.0,0.0,False,False,0.0,0.0
409828_2018-11-20_10-42-45_filtered_2026-04-09_04-58-44,2,3,False,False,0.0,0.0,False,False,0.0,0.0,False,False,0.0,0.0,False,False,0.0,0.0
409828_2018-11-20_10-42-45_filtered_2026-04-09_04-58-44,2,4,False,False,0.0,0.0,False,False,0.0,0.0,False,False,0.0,0.0,False,False,0.0,0.0
409828_2018-11-20_10-42-45_filtered_2026-04-09_04-58-44,2,5,False,False,0.0,0.0,False,False,0.0,0.0,False,False,0.0,0.0,False,False,0.0,0.0
409828_2018-11-20_10-42-45_filtered_2026-04-09_04-58-44,2,6,False,False,0.0,0.0,False,False,0.0,0.0,False,False,0.0,0.0,False,False,0.0,0.0
409828_2018-11-20_10-42-45_filtered_2026-04-09_04-58-44,2,7,True,True,86.49000000000001,1.0,False,False,0.0,0.0,False,False,0.0,0.0,False,False,0.0,0.0
409828_2018-11-20_10-42-45_filtered_2026-04-09_04-58-44,2,8,False,False,0.0,0.0,False,False,0.0,0.0,False,False,0.0,0.0,False,False,0.0,0.0
409828_2018-11-20_10-42-45_filtered_2026-04-09_04-58-44,2,9,False,False,0.0,0.0,False,False,0.0,0.0,False,False,0.0,0.0,False,False,0.0,0.0
409828_2018-11-20_10-42-45_filtered_2026-04-09_04-58-44,2,10,False,False,0.0,0.0,False,False,0.0,0.0,False,False,0.0,0.0,False,False,0.0,0.0
409828_2018-11-20_10-42-45_filtered_2026-04-09_04-58-44,2,11,False,False,0.0,0.0,False,False,0.0,0.0,False,False,0.0,0.0,False,False,0.0,0.0
409828_2018-11-20_10-42-45_filtered_2026-04-09_04-58-44,2,12,False,False,0.0,0.0,False,False,0.0,0.0,False,False,0.0,0.0,False,False,0.0,0.0
409828_2018-11-20_10-42-45_filtered_2026-04-09_04-58-44,2,13,False,False,0.0,0.0,False,False,0.0,0.0,False,False,0.0,0.0,False,False,0.0,0.0
409828_2018-11-20_10-42-45_filtered_2026-04-09_04-58-44,2,14,False,False,0.0,0.0,False,False,0.0,0.0,False,False,0.0,0.0,False,False,0.0,0.0
409828_2018-11-20_10-42-45_filtered_2026-04-09_04-58-44,2,15,False,False,0.0,0.0,False,False,0.0,0.0,False,False,0.0,0.0,False,False,0.0,0.0
409828_2018-11-20_10-42-45_filtered_2026-04-09_04-58-44,2,16,False,False,0.0,0.0,True,True,86.49000000000001,1.0,False,False,0.0,0.0,False,False,0.0,0.0
409828_2018-11-20_10-42-45_filtered_2026-04-09_04-58-44,2,17,False,False,0.0,0.0,False,False,0.0,0.0,False,False,0.0,0.0,False,False,0.0,0.0
409828_2018-11-20_10-42-45_filtered_2026-04-09_04-58-44,2,18,False,False,0.0,0.0,False,False,0.0,0.0,False,False,0.0,0.0,False,False,0.0,0.0
409828_2018-11-20_10-42-45_filtered_2026-04-09_04-58-44,2,19,False,False,0.0,0.0,False,False,0.0,0.0,False,False,0.0,0.0,False,False,0.0,0.0
409828_2018-11-20_10-42-45_filtered_2026-04-09_04-58-44,2,20,True,False,1643.3100000000002,0.21052631578947367,True,True,86.49000000000001,1.0,True,True,86.49000000000001,1.0,True,True,86.49000000000001,1.0
409828_2018-11-20_10-42-45_filtered_2026-04-09_04-58-44,2,22,True,False,2854.1700000000005,0.21212121212121213,True,True,172.98000000000002,1.0,True,True,172.98000000000002,1.0,True,True,172.98000000000002,1.0
409828_2018-11-20_10-42-45_filtered_2026-04-09_04-58-44,2,23,False,False,0.0,0.0,False,False,0.0,0.0,False,False,0.0,0.0,False,False,0.0,0.0
409828_2018-11-20_10-42-45_filtered_2026-04-09_04-58-44,2,24,False,False,0.0,0.0,False,False,0.0,0.0,False,False,0.0,0.0,False,False,0.0,0.0
409828_2018-11-20_10-42-45_filtered_2026-04-09_04-58-44,2,26,False,False,0.0,0.0,False,False,0.0,0.0,False,False,0.0,0.0,False,False,0.0,0.0
409828_2018-11-20_10-42-45_filtered_2026-04-09_04-58-44,2,27,False,False,0.0,0.0,False,False,0.0,0.0,False,False,0.0,0.0,False,False,0.0,0.0
409828_2018-11-20_10-42-45_filtered_2026-04-09_04-58-44,2,28,False,False,0.0,0.0,False,False,0.0,0.0,False,False,0.0,0.0,False,False,0.0,0.0
409828_2018-11-20_10-42-45_filtered_2026-04-09_04-58-44,2,29,False,False,0.0,0.0,False,False,0.0,0.0,False,False,0.0,0.0,False,False,0.0,0.0
409828_2018-11-20_10-42-45_filtered_2026-04-09_04-58-44,2,30,False,False,0.0,0.0,False,False,0.0,0.0,False,False,0.0,0.0,False,False,0.0,0.0
409828_2018-11-20_10-42-45_filtered_2026-04-09_04-58-44,2,32,False,False,0.0,0.0,False,False,0.0,0.0,False,False,0.0,0.0,False,False,0.0,0.0
409828_2018-11-20_10-42-45_filtered_2026-04-09_04-58-44,2,33,False,False,0.0,0.0,False,False,0.0,0.0,False,False,0.0,0.0,False,False,0.0,0.0
409828_2018-11-20_10-42-45_filtered_2026-04-09_04-58-44,2,34,False,False,0.0,0.0,False,False,0.0,0.0,False,False,0.0,0.0,False,False,0.0,0.0
409828_2018-11-20_10-42-45_filtered_2026-04-09_04-58-44,2,35,False,False,0.0,0.0,False,False,0.0,0.0,False,False,0.0,0.0,False,False,0.0,0.0
409828_2018-11-20_10-42-45_filtered_2026-04-09_04-58-44,2,36,True,False,2421.7200000000007,0.14285714285714285,True,True,86.49000000000001,1.0,False,False,0.0,0.0,False,False,0.0,0.0
409828_2018-11-20_10-42-45_filtered_2026-04-09_04-58-44,2,37,False,False,0.0,0.0,False,False,0.0,0.0,False,False,0.0,0.0,False,False,0.0,0.0
409828_2018-11-20_10-42-45_filtered_2026-04-09_04-58-44,2,38,False,False,0.0,0.0,False,False,0.0,0.0,False,False,0.0,0.0,False,False,0.0,0.0
409828_2018-11-20_10-42-45_filtered_2026-04-09_04-58-44,2,39,False,False,0.0,0.0,False,False,0.0,0.0,False,False,0.0,0.0,False,False,0.0,0.0
409828_2018-11-20_10-42-45_filtered_2026-04-09_04-58-44,2,40,True,False,778.4100000000001,0.4444444444444444,True,True,172.98000000000002,1.0,True,True,172.98000000000002,1.0,True,True,172.98000000000002,1.0
409828_2018-11-20_10-42-45_filtered_2026-04-09_04-58-44,2,41,False,False,0.0,0.0,False,False,0.0,0.0,False,False,0.0,0.0,False,False,0.0,0.0
409828_2018-11-20_10-42-45_filtered_2026-04-09_04-58-44,2,42,False,False,0.0,0.0,False,False,0.0,0.0,False,False,0.0,0.0,False,False,0.0,0.0
409828_2018-11-20_10-42-45_filtered_2026-04-09_04-58-44,2,43,False,False,0.0,0.0,False,False,0.0,0.0,False,False,0.0,0.0,False,False,0.0,0.0
409828_2018-11-20_10-42-45_filtered_2026-04-09_04-58-44,2,44,False,False,0.0,0.0,False,False,0.0,0.0,False,False,0.0,0.0,False,False,0.0,0.0
409828_2018-11-20_10-42-45_filtered_2026-04-09_04-58-44,2,46,True,True,172.98000000000002,1.0,True,True,86.49000000000001,1.0,True,True,86.49000000000001,1.0,True,True,86.49000000000001,1.0
409828_2018-11-20_10-42-45_filtered_2026-04-09_04-58-44,2,47,False,False,0.0,0.0,False,False,0.0,0.0,False,False,0.0,0.0,False,False,0.0,0.0
409828_2018-11-20_10-42-45_filtered_2026-04-09_04-58-44,2,48,False,False,0.0,0.0,False,False,0.0,0.0,False,False,0.0,0.0,False,False,0.0,0.0
409828_2018-11-20_10-42-45_filtered_2026-04-09_04-58-44,2,49,False,False,0.0,0.0,False,False,0.0,0.0,False,False,0.0,0.0,False,False,0.0,0.0
409828_2018-11-20_10-42-45_filtered_2026-04-09_04-58-44,2,50,False,False,0.0,0.0,False,False,0.0,0.0,False,False,0.0,0.0,False,False,0.0,0.0
409828_2018-11-20_10-42-45_filtered_2026-04-09_04-58-44,2,51,False,False,0.0,0.0,False,False,0.0,0.0,False,False,0.0,0.0,False,False,0.0,0.0
409828_2018-11-20_10-42-45_filtered_2026-04-09_04-58-44,2,52,False,False,0.0,0.0,False,False,0.0,0.0,False,False,0.0,0.0,False,False,0.0,0.0
409828_2018-11-20_10-42-45_filtered_2026-04-09_04-58-44,2,53,False,False,0.0,0.0,False,False,0.0,0.0,False,False,0.0,0.0,False,False,0.0,0.0
409828_2018-11-20_10-42-45_filtered_2026-04-09_04-58-44,2,54,False,False,0.0,0.0,False,False,0.0,0.0,False,False,0.0,0.0,False,False,0.0,0.0
409828_2018-11-20_10-42-45_filtered_2026-04-09_04-58-44,2,55,False,False,0.0,0.0,True,True,86.49000000000001,1.0,False,False,0.0,0.0,False,False,0.0,0.0
409828_2018-11-20_10-42-45_filtered_2026-04-09_04-58-44,2,56,False,False,0.0,0.0,True,True,86.49000000000001,1.0,True,True,86.49000000000001,1.0,True,True,86.49000000000001,1.0
409828_2018-11-20_10-42-45_filtered_2026-04-09_04-58-44,2,57,False,False,0.0,0.0,False,False,0.0,0.0,False,False,0.0,0.0,False,False,0.0,0.0
409828_2018-11-20_10-42-45_filtered_2026-04-09_04-58-44,2,58,False,False,0.0,0.0,False,False,0.0,0.0,False,False,0.0,0.0,False,False,0.0,0.0
409828_2018-11-20_10-42-45_filtered_2026-04-09_04-58-44,2,59,False,False,0.0,0.0,False,False,0.0,0.0,False,False,0.0,0.0,False,False,0.0,0.0
409828_2018-11-20_10-42-45_filtered_2026-04-09_04-58-44,2,60,False,False,0.0,0.0,False,False,0.0,0.0,False,False,0.0,0.0,False,False,0.0,0.0
409828_2018-11-20_10-42-45_filtered_2026-04-09_04-58-44,2,61,False,False,0.0,0.0,False,False,0.0,0.0,False,False,0.0,0.0,False,False,0.0,0.0
409828_2018-11-20_10-42-45_filtered_2026-04-09_04-58-44,2,62,False,False,0.0,0.0,False,False,0.0,0.0,False,False,0.0,0.0,False,False,0.0,0.0
409828_2018-11-20_10-42-45_filtered_2026-04-09_04-58-44,2,63,False,False,0.0,0.0,False,False,0.0,0.0,False,False,0.0,0.0,False,False,0.0,0.0
409828_2018-11-20_10-42-45_filtered_2026-04-09_04-58-44,2,64,False,False,0.0,0.0,False,False,0.0,0.0,False,False,0.0,0.0,False,False,0.0,0.0
409828_2018-11-20_10-42-45_filtered_2026-04-09_04-58-44,2,65,False,False,0.0,0.0,False,False,0.0,0.0,False,False,0.0,0.0,False,False,0.0,0.0
409828_2018-11-20_10-42-45_filtered_2026-04-09_04-58-44,2,67,False,False,0.0,0.0,False,False,0.0,0.0,False,False,0.0,0.0,False,False,0.0,0.0
409828_2018-11-20_10-42-45_filtered_2026-04-09_04-58-44,2,69,False,False,0.0,0.0,False,False,0.0,0.0,False,False,0.0,0.0,False,False,0.0,0.0
409828_2018-11-20_10-42-45_filtered_2026-04-09_04-58-44,2,71,True,False,345.96000000000004,0.25,True,True,86.49000000000001,1.0,True,True,86.49000000000001,1.0,True,True,86.49000000000001,1.0
409828_2018-11-20_10-42-45_filtered_2026-04-09_04-58-44,2,72,False,False,0.0,0.0,False,False,0.0,0.0,False,False,0.0,0.0,False,False,0.0,0.0
409828_2018-11-20_10-42-45_filtered_2026-04-09_04-58-44,2,73,False,False,0.0,0.0,False,False,0.0,0.0,False,False,0.0,0.0,False,False,0.0,0.0
409828_2018-11-20_10-42-45_filtered_2026-04-09_04-58-44,2,74,False,False,0.0,0.0,False,False,0.0,0.0,False,False,0.0,0.0,False,False,0.0,0.0
409828_2018-11-20_10-42-45_filtered_2026-04-09_04-58-44,2,75,False,False,0.0,0.0,False,False,0.0,0.0,False,False,0.0,0.0,False,False,0.0,0.0
409828_2018-11-20_10-42-45_filtered_2026-04-09_04-58-44,2,76,False,False,0.0,0.0,False,False,0.0,0.0,False,False,0.0,0.0,False,False,0.0,0.0
409828_2018-11-20_10-42-45_filtered_2026-04-09_04-58-44,2,85,False,False,0.0,0.0,False,False,0.0,0.0,False,False,0.0,0.0,False,False,0.0,0.0
409828_2018-11-20_10-42-45_filtered_2026-04-09_04-58-44,2,87,False,False,0.0,0.0,False,False,0.0,0.0,False,False,0.0,0.0,False,False,0.0,0.0
409828_2018-11-20_10-42-45_filtered_2026-04-09_04-58-44,2,91,True,True,172.98000000000002,1.0,True,True,172.98000000000002,1.0,True,True,172.98000000000002,1.0,True,True,172.98000000000002,1.0
409828_2018-11-20_10-42-45_filtered_2026-04-09_04-58-44,2,97,True,True,86.49000000000001,1.0,True,True,86.49000000000001,1.0,True,True,86.49000000000001,1.0,True,True,86.49000000000001,1.0
409828_2018-11-20_10-42-45_filtered_2026-04-09_04-58-44,2,102,False,False,0.0,0.0,False,False,0.0,0.0,False,False,0.0,0.0,False,False,0.0,0.0
409828_2018-11-20_10-42-45_filtered_2026-04-09_04-58-44,2,104,False,False,0.0,0.0,False,False,0.0,0.0,False,False,0.0,0.0,False,False,0.0,0.0
409828_2018-11-20_10-42-45_filtered_2026-04-09_04-58-44,2,106,False,False,0.0,0.0,False,False,0.0,0.0,False,False,0.0,0.0,False,False,0.0,0.0
409828_2018-11-20_10-42-45_filtered_2026-04-09_04-58-44,2,111,False,False,0.0,0.0,False,False,0.0,0.0,False,False,0.0,0.0,False,False,0.0,0.0
409828_2018-11-20_10-42-45_filtered_2026-04-09_04-58-44,2,114,False,False,0.0,0.0,False,False,0.0,0.0,False,False,0.0,0.0,False,False,0.0,0.0
409828_2018-11-20_10-42-45_filtered_2026-04-09_04-58-44,2,121,False,False,0.0,0.0,False,False,0.0,0.0,False,False,0.0,0.0,False,False,0.0,0.0
409828_2018-11-20_10-42-45_filtered_2026-04-09_04-58-44,2,130,True,False,259.47,0.6666666666666666,True,True,86.49000000000001,1.0,True,True,86.49000000000001,1.0,True,True,86.49000000000001,1.0
409828_2018-11-20_10-42-45_filtered_2026-04-09_04-58-44,2,147,False,False,0.0,0.0,False,False,0.0,0.0,False,False,0.0,0.0,False,False,0.0,0.0
409828_2018-11-20_10-42-45_filtered_2026-04-09_04-58-44,2,161,False,False,0.0,0.0,False,False,0.0,0.0,False,False,0.0,0.0,False,False,0.0,0.0
409828_2018-11-20_10-42-45_filtered_2026-04-09_04-58-44,2,211,False,False,0.0,0.0,False,False,0.0,0.0,False,False,0.0,0.0,False,False,0.0,0.0
409828_2018-11-20_10-42-45_filtered_2026-04-09_04-58-44,2,215,False,False,0.0,0.0,False,False,0.0,0.0,False,False,0.0,0.0,False,False,0.0,0.0
409828_2018-11-20_10-42-45_filtered_2026-04-09_04-58-44,2,249,False,False,0.0,0.0,False,False,0.0,0.0,False,False,0.0,0.0,False,False,0.0,0.0
409828_2018-11-20_10-42-45_filtered_2026-04-09_04-58-44,3,0,False,False,0.0,0.0,False,False,0.0,0.0,False,False,0.0,0.0,False,False,0.0,0.0
409828_2018-11-20_10-42-45_filtered_2026-04-09_04-58-44,3,1,False,False,0.0,0.0,False,False,0.0,0.0,False,False,0.0,0.0,False,False,0.0,0.0
409828_2018-11-20_10-42-45_filtered_2026-04-09_04-58-44,3,2,False,False,0.0,0.0,False,False,0.0,0.0,False,False,0.0,0.0,False,False,0.0,0.0
409828_2018-11-20_10-42-45_filtered_2026-04-09_04-58-44,3,3,False,False,0.0,0.0,False,False,0.0,0.0,False,False,0.0,0.0,False,False,0.0,0.0
409828_2018-11-20_10-42-45_filtered_2026-04-09_04-58-44,3,4,False,False,0.0,0.0,False,False,0.0,0.0,False,False,0.0,0.0,False,False,0.0,0.0
409828_2018-11-20_10-42-45_filtered_2026-04-09_04-58-44,3,5,True,True,86.49000000000001,1.0,True,True,86.49000000000001,1.0,True,True,86.49000000000001,1.0,True,True,86.49000000000001,1.0
409828_2018-11-20_10-42-45_filtered_2026-04-09_04-58-44,3,6,False,False,0.0,0.0,False,False,0.0,0.0,False,False,0.0,0.0,False,False,0.0,0.0
409828_2018-11-20_10-42-45_filtered_2026-04-09_04-58-44,3,7,True,False,4324.500000000001,0.32,True,True,172.98000000000002,1.0,True,True,86.49000000000001,1.0,True,True,86.49000000000001,1.0
409828_2018-11-20_10-42-45_filtered_2026-04-09_04-58-44,3,8,False,False,0.0,0.0,False,False,0.0,0.0,False,False,0.0,0.0,False,False,0.0,0.0
409828_2018-11-20_10-42-45_filtered_2026-04-09_04-58-44,3,9,False,False,0.0,0.0,False,False,0.0,0.0,False,False,0.0,0.0,False,False,0.0,0.0
409828_2018-11-20_10-42-45_filtered_2026-04-09_04-58-44,3,10,False,False,0.0,0.0,False,False,0.0,0.0,False,False,0.0,0.0,False,False,0.0,0.0
409828_2018-11-20_10-42-45_filtered_2026-04-09_04-58-44,3,11,False,False,0.0,0.0,False,False,0.0,0.0,False,False,0.0,0.0,False,False,0.0,0.0
409828_2018-11-20_10-42-45_filtered_2026-04-09_04-58-44,3,12,True,True,86.49000000000001,1.0,True,False,172.98000000000002,0.5,True,True,86.49000000000001,1.0,True,True,86.49000000000001,1.0
409828_2018-11-20_10-42-45_filtered_2026-04-09_04-58-44,3,13,False,False,0.0,0.0,False,False,0.0,0.0,False,False,0.0,0.0,False,False,0.0,0.0
409828_2018-11-20_10-42-45_filtered_2026-04-09_04-58-44,3,14,False,False,0.0,0.0,False,False,0.0,0.0,False,False,0.0,0.0,False,False,0.0,0.0
409828_2018-11-20_10-42-45_filtered_2026-04-09_04-58-44,3,16,False,False,0.0,0.0,False,False,0.0,0.0,False,False,0.0,0.0,False,False,0.0,0.0
409828_2018-11-20_10-42-45_filtered_2026-04-09_04-58-44,3,17,False,False,0.0,0.0,False,False,0.0,0.0,False,False,0.0,0.0,False,False,0.0,0.0
409828_2018-11-20_10-42-45_filtered_2026-04-09_04-58-44,3,18,False,False,0.0,0.0,False,False,0.0,0.0,False,False,0.0,0.0,False,False,0.0,0.0
409828_2018-11-20_10-42-45_filtered_2026-04-09_04-58-44,3,19,False,False,0.0,0.0,False,False,0.0,0.0,False,False,0.0,0.0,False,False,0.0,0.0
409828_2018-11-20_10-42-45_filtered_2026-04-09_04-58-44,3,20,False,False,0.0,0.0,False,False,0.0,0.0,False,False,0.0,0.0,False,False,0.0,0.0
409828_2018-11-20_10-42-45_filtered_2026-04-09_04-58-44,3,21,False,False,0.0,0.0,False,False,0.0,0.0,False,False,0.0,0.0,False,False,0.0,0.0
409828_2018-11-20_10-42-45_filtered_2026-04-09_04-58-44,3,22,False,False,0.0,0.0,False,False,0.0,0.0,False,False,0.0,0.0,False,False,0.0,0.0
409828_2018-11-20_10-42-45_filtered_2026-04-09_04-58-44,3,23,False,False,0.0,0.0,False,False,0.0,0.0,False,False,0.0,0.0,False,False,0.0,0.0
409828_2018-11-20_10-42-45_filtered_2026-04-09_04-58-44,3,24,False,False,0.0,0.0,False,False,0.0,0.0,False,False,0.0,0.0,False,False,0.0,0.0
409828_2018-11-20_10-42-45_filtered_2026-04-09_04-58-44,3,25,False,False,0.0,0.0,False,False,0.0,0.0,False,False,0.0,0.0,False,False,0.0,0.0
409828_2018-11-20_10-42-45_filtered_2026-04-09_04-58-44,3,26,False,False,0.0,0.0,False,False,0.0,0.0,False,False,0.0,0.0,False,False,0.0,0.0
409828_2018-11-20_10-42-45_filtered_2026-04-09_04-58-44,3,27,False,False,0.0,0.0,False,False,0.0,0.0,False,False,0.0,0.0,False,False,0.0,0.0
409828_2018-11-20_10-42-45_filtered_2026-04-09_04-58-44,3,28,False,False,0.0,0.0,False,False,0.0,0.0,False,False,0.0,0.0,False,False,0.0,0.0
409828_2018-11-20_10-42-45_filtered_2026-04-09_04-58-44,3,29,False,False,0.0,0.0,False,False,0.0,0.0,False,False,0.0,0.0,False,False,0.0,0.0
409828_2018-11-20_10-42-45_filtered_2026-04-09_04-58-44,3,30,False,False,0.0,0.0,False,False,0.0,0.0,False,False,0.0,0.0,False,False,0.0,0.0
409828_2018-11-20_10-42-45_filtered_2026-04-09_04-58-44,3,31,False,False,0.0,0.0,False,False,0.0,0.0,False,False,0.0,0.0,False,False,0.0,0.0
409828_2018-11-20_10-42-45_filtered_2026-04-09_04-58-44,3,32,False,False,0.0,0.0,False,False,0.0,0.0,False,False,0.0,0.0,False,False,0.0,0.0
409828_2018-11-20_10-42-45_filtered_2026-04-09_04-58-44,3,33,False,False,0.0,0.0,False,False,0.0,0.0,False,False,0.0,0.0,False,False,0.0,0.0
409828_2018-11-20_10-42-45_filtered_2026-04-09_04-58-44,3,34,False,False,0.0,0.0,False,False,0.0,0.0,False,False,0.0,0.0,False,False,0.0,0.0
409828_2018-11-20_10-42-45_filtered_2026-04-09_04-58-44,3,35,False,False,0.0,0.0,False,False,0.0,0.0,False,False,0.0,0.0,False,False,0.0,0.0
409828_2018-11-20_10-42-45_filtered_2026-04-09_04-58-44,3,36,False,False,0.0,0.0,False,False,0.0,0.0,False,False,0.0,0.0,False,False,0.0,0.0
409828_2018-11-20_10-42-45_filtered_2026-04-09_04-58-44,3,37,False,False,0.0,0.0,True,False,172.98000000000002,0.5,True,True,86.49000000000001,1.0,True,True,86.49000000000001,1.0
409828_2018-11-20_10-42-45_filtered_2026-04-09_04-58-44,3,38,False,False,0.0,0.0,False,False,0.0,0.0,False,False,0.0,0.0,False,False,0.0,0.0
409828_2018-11-20_10-42-45_filtered_2026-04-09_04-58-44,3,39,False,False,0.0,0.0,False,False,0.0,0.0,False,False,0.0,0.0,False,False,0.0,0.0
409828_2018-11-20_10-42-45_filtered_2026-04-09_04-58-44,3,40,False,False,0.0,0.0,False,False,0.0,0.0,False,False,0.0,0.0,False,False,0.0,0.0
409828_2018-11-20_10-42-45_filtered_2026-04-09_04-58-44,3,42,False,False,0.0,0.0,False,False,0.0,0.0,False,False,0.0,0.0,False,False,0.0,0.0
409828_2018-11-20_10-42-45_filtered_2026-04-09_04-58-44,3,43,False,False,0.0,0.0,False,False,0.0,0.0,False,False,0.0,0.0,False,False,0.0,0.0
409828_2018-11-20_10-42-45_filtered_2026-04-09_04-58-44,3,44,False,False,0.0,0.0,True,True,86.49000000000001,1.0,True,True,86.49000000000001,1.0,True,True,86.49000000000001,1.0
409828_2018-11-20_10-42-45_filtered_2026-04-09_04-58-44,3,45,True,False,864.9000000000001,0.3,True,False,172.98000000000002,0.5,True,False,172.98000000000002,0.5,True,False,172.98000000000002,0.5
409828_2018-11-20_10-42-45_filtered_2026-04-09_04-58-44,3,46,False,False,0.0,0.0,False,False,0.0,0.0,False,False,0.0,0.0,False,False,0.0,0.0
409828_2018-11-20_10-42-45_filtered_2026-04-09_04-58-44,3,47,False,False,0.0,0.0,False,False,0.0,0.0,False,False,0.0,0.0,False,False,0.0,0.0
409828_2018-11-20_10-42-45_filtered_2026-04-09_04-58-44,3,48,False,False,0.0,0.0,False,False,0.0,0.0,False,False,0.0,0.0,False,False,0.0,0.0
409828_2018-11-20_10-42-45_filtered_2026-04-09_04-58-44,3,49,False,False,0.0,0.0,False,False,0.0,0.0,False,False,0.0,0.0,False,False,0.0,0.0
409828_2018-11-20_10-42-45_filtered_2026-04-09_04-58-44,3,51,False,False,0.0,0.0,False,False,0.0,0.0,False,False,0.0,0.0,False,False,0.0,0.0
409828_2018-11-20_10-42-45_filtered_2026-04-09_04-58-44,3,52,False,False,0.0,0.0,False,False,0.0,0.0,False,False,0.0,0.0,False,False,0.0,0.0
409828_2018-11-20_10-42-45_filtered_2026-04-09_04-58-44,3,53,True,False,345.96000000000004,0.75,True,True,86.49000000000001,1.0,True,True,86.49000000000001,1.0,True,True,86.49000000000001,1.0
409828_2018-11-20_10-42-45_filtered_2026-04-09_04-58-44,3,54,False,False,0.0,0.0,False,False,0.0,0.0,False,False,0.0,0.0,False,False,0.0,0.0
409828_2018-11-20_10-42-45_filtered_2026-04-09_04-58-44,3,55,False,False,0.0,0.0,False,False,0.0,0.0,False,False,0.0,0.0,False,False,0.0,0.0
409828_2018-11-20_10-42-45_filtered_2026-04-09_04-58-44,3,56,False,False,0.0,0.0,False,False,0.0,0.0,False,False,0.0,0.0,False,False,0.0,0.0
409828_2018-11-20_10-42-45_filtered_2026-04-09_04-58-44,3,57,False,False,0.0,0.0,False,False,0.0,0.0,False,False,0.0,0.0,False,False,0.0,0.0
409828_2018-11-20_10-42-45_filtered_2026-04-09_04-58-44,3,58,False,False,0.0,0.0,False,False,0.0,0.0,False,False,0.0,0.0,False,False,0.0,0.0
409828_2018-11-20_10-42-45_filtered_2026-04-09_04-58-44,3,59,False,False,0.0,0.0,False,False,0.0,0.0,False,False,0.0,0.0,False,False,0.0,0.0
409828_2018-11-20_10-42-45_filtered_2026-04-09_04-58-44,3,61,False,False,0.0,0.0,False,False,0.0,0.0,False,False,0.0,0.0,False,False,0.0,0.0
409828_2018-11-20_10-42-45_filtered_2026-04-09_04-58-44,3,63,False,False,0.0,0.0,False,False,0.0,0.0,False,False,0.0,0.0,False,False,0.0,0.0
409828_2018-11-20_10-42-45_filtered_2026-04-09_04-58-44,3,64,True,False,259.47,0.3333333333333333,True,False,172.98000000000002,0.5,True,False,172.98000000000002,0.5,True,False,172.98000000000002,0.5
409828_2018-11-20_10-42-45_filtered_2026-04-09_04-58-44,3,66,False,False,0.0,0.0,False,False,0.0,0.0,False,False,0.0,0.0,False,False,0.0,0.0
409828_2018-11-20_10-42-45_filtered_2026-04-09_04-58-44,3,67,False,False,0.0,0.0,False,False,0.0,0.0,False,False,0.0,0.0,False,False,0.0,0.0
409828_2018-11-20_10-42-45_filtered_2026-04-09_04-58-44,3,68,True,False,1037.88,0.4166666666666667,True,True,172.98000000000002,1.0,True,True,172.98000000000002,1.0,True,True,172.98000000000002,1.0
409828_2018-11-20_10-42-45_filtered_2026-04-09_04-58-44,3,69,False,False,0.0,0.0,False,False,0.0,0.0,False,False,0.0,0.0,False,False,0.0,0.0
409828_2018-11-20_10-42-45_filtered_2026-04-09_04-58-44,3,71,False,False,0.0,0.0,False,False,0.0,0.0,False,False,0.0,0.0,False,False,0.0,0.0
409828_2018-11-20_10-42-45_filtered_2026-04-09_04-58-44,3,74,False,False,0.0,0.0,False,False,0.0,0.0,False,False,0.0,0.0,False,False,0.0,0.0
409828_2018-11-20_10-42-45_filtered_2026-04-09_04-58-44,3,75,False,False,0.0,0.0,False,False,0.0,0.0,False,False,0.0,0.0,False,False,0.0,0.0
409828_2018-11-20_10-42-45_filtered_2026-04-09_04-58-44,3,77,False,False,0.0,0.0,False,False,0.0,0.0,False,False,0.0,0.0,False,False,0.0,0.0
409828_2018-11-20_10-42-45_filtered_2026-04-09_04-58-44,3,78,False,False,0.0,0.0,False,False,0.0,0.0,False,False,0.0,0.0,False,False,0.0,0.0
409828_2018-11-20_10-42-45_filtered_2026-04-09_04-58-44,3,79,True,False,518.94,0.3333333333333333,True,True,86.49000000000001,1.0,True,True,86.49000000000001,1.0,True,True,86.49000000000001,1.0
409828_2018-11-20_10-42-45_filtered_2026-04-09_04-58-44,3,80,False,False,0.0,0.0,False,False,0.0,0.0,False,False,0.0,0.0,False,False,0.0,0.0
409828_2018-11-20_10-42-45_filtered_2026-04-09_04-58-44,3,81,False,False,0.0,0.0,False,False,0.0,0.0,False,False,0.0,0.0,False,False,0.0,0.0
409828_2018-11-20_10-42-45_filtered_2026-04-09_04-58-44,3,82,False,False,0.0,0.0,False,False,0.0,0.0,False,False,0.0,0.0,False,False,0.0,0.0
409828_2018-11-20_10-42-45_filtered_2026-04-09_04-58-44,3,83,False,False,0.0,0.0,False,False,0.0,0.0,False,False,0.0,0.0,False,False,0.0,0.0
409828_2018-11-20_10-42-45_filtered_2026-04-09_04-58-44,3,85,False,False,0.0,0.0,False,False,0.0,0.0,False,False,0.0,0.0,False,False,0.0,0.0
409828_2018-11-20_10-42-45_filtered_2026-04-09_04-58-44,3,86,False,False,0.0,0.0,False,False,0.0,0.0,False,False,0.0,0.0,False,False,0.0,0.0
409828_2018-11-20_10-42-45_filtered_2026-04-09_04-58-44,3,87,False,False,0.0,0.0,False,False,0.0,0.0,False,False,0.0,0.0,False,False,0.0,0.0
409828_2018-11-20_10-42-45_filtered_2026-04-09_04-58-44,3,88,False,False,0.0,0.0,True,True,86.49000000000001,1.0,False,False,0.0,0.0,False,False,0.0,0.0
409828_2018-11-20_10-42-45_filtered_2026-04-09_04-58-44,3,89,False,False,0.0,0.0,False,False,0.0,0.0,False,False,0.0,0.0,False,False,0.0,0.0
409828_2018-11-20_10-42-45_filtered_2026-04-09_04-58-44,3,91,True,True,86.49000000000001,1.0,True,True,86.49000000000001,1.0,True,True,86.49000000000001,1.0,True,True,86.49000000000001,1.0
409828_2018-11-20_10-42-45_filtered_2026-04-09_04-58-44,3,92,False,False,0.0,0.0,False,False,0.0,0.0,False,False,0.0,0.0,False,False,0.0,0.0
409828_2018-11-20_10-42-45_filtered_2026-04-09_04-58-44,3,93,False,False,0.0,0.0,False,False,0.0,0.0,False,False,0.0,0.0,False,False,0.0,0.0
409828_2018-11-20_10-42-45_filtered_2026-04-09_04-58-44,3,94,True,False,172.98000000000002,0.5,False,False,0.0,0.0,False,False,0.0,0.0,False,False,0.0,0.0
409828_2018-11-20_10-42-45_filtered_2026-04-09_04-58-44,3,95,False,False,0.0,0.0,False,False,0.0,0.0,False,False,0.0,0.0,False,False,0.0,0.0
409828_2018-11-20_10-42-45_filtered_2026-04-09_04-58-44,3,96,False,False,0.0,0.0,False,False,0.0,0.0,False,False,0.0,0.0,False,False,0.0,0.0
409828_2018-11-20_10-42-45_filtered_2026-04-09_04-58-44,3,97,False,False,0.0,0.0,False,False,0.0,0.0,False,False,0.0,0.0,False,False,0.0,0.0
409828_2018-11-20_10-42-45_filtered_2026-04-09_04-58-44,3,98,False,False,0.0,0.0,False,False,0.0,0.0,False,False,0.0,0.0,False,False,0.0,0.0
409828_2018-11-20_10-42-45_filtered_2026-04-09_04-58-44,3,99,False,False,0.0,0.0,False,False,0.0,0.0,False,False,0.0,0.0,False,False,0.0,0.0
409828_2018-11-20_10-42-45_filtered_2026-04-09_04-58-44,3,100,False,False,0.0,0.0,False,False,0.0,0.0,False,False,0.0,0.0,False,False,0.0,0.0
409828_2018-11-20_10-42-45_filtered_2026-04-09_04-58-44,3,101,False,False,0.0,0.0,False,False,0.0,0.0,False,False,0.0,0.0,False,False,0.0,0.0
409828_2018-11-20_10-42-45_filtered_2026-04-09_04-58-44,3,102,False,False,0.0,0.0,False,False,0.0,0.0,False,False,0.0,0.0,False,False,0.0,0.0
409828_2018-11-20_10-42-45_filtered_2026-04-09_04-58-44,3,103,False,False,0.0,0.0,False,False,0.0,0.0,False,False,0.0,0.0,False,False,0.0,0.0
409828_2018-11-20_10-42-45_filtered_2026-04-09_04-58-44,3,104,False,False,0.0,0.0,False,False,0.0,0.0,False,False,0.0,0.0,False,False,0.0,0.0
409828_2018-11-20_10-42-45_filtered_2026-04-09_04-58-44,3,105,True,True,86.49000000000001,1.0,True,True,86.49000000000001,1.0,True,True,86.49000000000001,1.0,True,True,86.49000000000001,1.0
409828_2018-11-20_10-42-45_filtered_2026-04-09_04-58-44,3,106,False,False,0.0,0.0,False,False,0.0,0.0,False,False,0.0,0.0,False,False,0.0,0.0
409828_2018-11-20_10-42-45_filtered_2026-04-09_04-58-44,3,107,False,False,0.0,0.0,False,False,0.0,0.0,False,False,0.0,0.0,False,False,0.0,0.0
409828_2018-11-20_10-42-45_filtered_2026-04-09_04-58-44,3,108,False,False,0.0,0.0,False,False,0.0,0.0,False,False,0.0,0.0,False,False,0.0,0.0
409828_2018-11-20_10-42-45_filtered_2026-04-09_04-58-44,3,109,False,False,0.0,0.0,False,False,0.0,0.0,False,False,0.0,0.0,False,False,0.0,0.0
409828_2018-11-20_10-42-45_filtered_2026-04-09_04-58-44,3,110,False,False,0.0,0.0,False,False,0.0,0.0,False,False,0.0,0.0,False,False,0.0,0.0
409828_2018-11-20_10-42-45_filtered_2026-04-09_04-58-44,3,111,False,False,0.0,0.0,False,False,0.0,0.0,False,False,0.0,0.0,False,False,0.0,0.0
409828_2018-11-20_10-42-45_filtered_2026-04-09_04-58-44,3,112,False,False,0.0,0.0,False,False,0.0,0.0,False,False,0.0,0.0,False,False,0.0,0.0
409828_2018-11-20_10-42-45_filtered_2026-04-09_04-58-44,3,114,False,False,0.0,0.0,False,False,0.0,0.0,False,False,0.0,0.0,False,False,0.0,0.0
409828_2018-11-20_10-42-45_filtered_2026-04-09_04-58-44,3,115,False,False,0.0,0.0,False,False,0.0,0.0,False,False,0.0,0.0,False,False,0.0,0.0
409828_2018-11-20_10-42-45_filtered_2026-04-09_04-58-44,3,117,False,False,0.0,0.0,False,False,0.0,0.0,False,False,0.0,0.0,False,False,0.0,0.0
409828_2018-11-20_10-42-45_filtered_2026-04-09_04-58-44,3,119,False,False,0.0,0.0,False,False,0.0,0.0,False,False,0.0,0.0,False,False,0.0,0.0
409828_2018-11-20_10-42-45_filtered_2026-04-09_04-58-44,3,123,False,False,0.0,0.0,False,False,0.0,0.0,False,False,0.0,0.0,False,False,0.0,0.0
409828_2018-11-20_10-42-45_filtered_2026-04-09_04-58-44,3,124,False,False,0.0,0.0,False,False,0.0,0.0,False,False,0.0,0.0,False,False,0.0,0.0
409828_2018-11-20_10-42-45_filtered_2026-04-09_04-58-44,3,125,False,False,0.0,0.0,True,True,86.49000000000001,1.0,False,False,0.0,0.0,False,False,0.0,0.0
409828_2018-11-20_10-42-45_filtered_2026-04-09_04-58-44,3,126,False,False,0.0,0.0,False,False,0.0,0.0,False,False,0.0,0.0,False,False,0.0,0.0
409828_2018-11-20_10-42-45_filtered_2026-04-09_04-58-44,3,127,False,False,0.0,0.0,False,False,0.0,0.0,False,False,0.0,0.0,False,False,0.0,0.0
409828_2018-11-20_10-42-45_filtered_2026-04-09_04-58-44,3,128,False,False,0.0,0.0,False,False,0.0,0.0,False,False,0.0,0.0,False,False,0.0,0.0
409828_2018-11-20_10-42-45_filtered_2026-04-09_04-58-44,3,132,False,False,0.0,0.0,False,False,0.0,0.0,False,False,0.0,0.0,False,False,0.0,0.0
409828_2018-11-20_10-42-45_filtered_2026-04-09_04-58-44,3,133,False,False,0.0,0.0,False,False,0.0,0.0,False,False,0.0,0.0,False,False,0.0,0.0
409828_2018-11-20_10-42-45_filtered_2026-04-09_04-58-44,3,134,True,True,86.49000000000001,1.0,True,True,86.49000000000001,1.0,False,False,0.0,0.0,False,False,0.0,0.0
409828_2018-11-20_10-42-45_filtered_2026-04-09_04-58-44,3,136,False,False,0.0,0.0,False,False,0.0,0.0,False,False,0.0,0.0,False,False,0.0,0.0
409828_2018-11-20_10-42-45_filtered_2026-04-09_04-58-44,3,139,False,False,0.0,0.0,False,False,0.0,0.0,False,False,0.0,0.0,False,False,0.0,0.0
409828_2018-11-20_10-42-45_filtered_2026-04-09_04-58-44,3,143,False,False,0.0,0.0,False,False,0.0,0.0,False,False,0.0,0.0,False,False,0.0,0.0
409828_2018-11-20_10-42-45_filtered_2026-04-09_04-58-44,3,145,False,False,0.0,0.0,False,False,0.0,0.0,False,False,0.0,0.0,False,False,0.0,0.0
409828_2018-11-20_10-42-45_filtered_2026-04-09_04-58-44,3,147,False,False,0.0,0.0,False,False,0.0,0.0,False,False,0.0,0.0,False,False,0.0,0.0
409828_2018-11-20_10-42-45_filtered_2026-04-09_04-58-44,3,148,False,False,0.0,0.0,False,False,0.0,0.0,False,False,0.0,0.0,False,False,0.0,0.0
409828_2018-11-20_10-42-45_filtered_2026-04-09_04-58-44,3,154,True,True,172.98000000000002,1.0,True,True,172.98000000000002,1.0,True,True,86.49000000000001,1.0,True,True,86.49000000000001,1.0
409828_2018-11-20_10-42-45_filtered_2026-04-09_04-58-44,3,164,False,False,0.0,0.0,False,False,0.0,0.0,False,False,0.0,0.0,False,False,0.0,0.0
409828_2018-11-20_10-42-45_filtered_2026-04-09_04-58-44,3,167,False,False,0.0,0.0,False,False,0.0,0.0,False,False,0.0,0.0,False,False,0.0,0.0
409828_2018-11-20_10-42-45_filtered_2026-04-09_04-58-44,3,170,False,False,0.0,0.0,False,False,0.0,0.0,False,False,0.0,0.0,False,False,0.0,0.0
409828_2018-11-20_10-42-45_filtered_2026-04-09_04-58-44,3,176,False,False,0.0,0.0,False,False,0.0,0.0,False,False,0.0,0.0,False,False,0.0,0.0
409828_2018-11-20_10-42-45_filtered_2026-04-09_04-58-44,3,183,False,False,0.0,0.0,False,False,0.0,0.0,False,False,0.0,0.0,False,False,0.0,0.0
409828_2018-11-20_10-42-45_filtered_2026-04-09_04-58-44,3,184,False,False,0.0,0.0,False,False,0.0,0.0,False,False,0.0,0.0,False,False,0.0,0.0
409828_2018-11-20_10-42-45_filtered_2026-04-09_04-58-44,3,185,False,False,0.0,0.0,False,False,0.0,0.0,False,False,0.0,0.0,False,False,0.0,0.0
409828_2018-11-20_10-42-45_filtered_2026-04-09_04-58-44,3,194,False,False,0.0,0.0,False,False,0.0,0.0,False,False,0.0,0.0,False,False,0.0,0.0
409828_2018-11-20_10-42-45_filtered_2026-04-09_04-58-44,3,201,False,False,0.0,0.0,False,False,0.0,0.0,False,False,0.0,0.0,False,False,0.0,0.0
409828_2018-11-20_10-42-45_filtered_2026-04-09_04-58-44,3,210,False,False,0.0,0.0,False,False,0.0,0.0,False,False,0.0,0.0,False,False,0.0,0.0
409828_2018-11-20_10-42-45_filtered_2026-04-09_04-58-44,3,214,True,True,86.49000000000001,1.0,True,True,172.98000000000002,1.0,True,True,86.49000000000001,1.0,True,True,86.49000000000001,1.0
409828_2018-11-20_10-42-45_filtered_2026-04-09_04-58-44,3,220,False,False,0.0,0.0,False,False,0.0,0.0,False,False,0.0,0.0,False,False,0.0,0.0
409828_2018-11-20_10-42-45_filtered_2026-04-09_04-58-44,3,228,False,False,0.0,0.0,False,False,0.0,0.0,False,False,0.0,0.0,False,False,0.0,0.0
409828_2018-11-20_10-42-45_filtered_2026-04-09_04-58-44,3,261,False,False,0.0,0.0,False,False,0.0,0.0,False,False,0.0,0.0,False,False,0.0,0.0
409828_2018-11-20_10-42-45_filtered_2026-04-09_04-58-44,3,277,False,False,0.0,0.0,False,False,0.0,0.0,False,False,0.0,0.0,False,False,0.0,0.0
409828_2018-11-20_10-42-45_filtered_2026-04-09_04-58-44,3,281,False,False,0.0,0.0,False,False,0.0,0.0,False,False,0.0,0.0,False,False,0.0,0.0
409828_2018-11-20_10-42-45_filtered_2026-04-09_04-58-44,3,356,True,True,86.49000000000001,1.0,False,False,0.0,0.0,False,False,0.0,0.0,False,False,0.0,0.0
409828_2018-11-20_10-42-45_filtered_2026-04-09_04-58-44,3,490,False,False,0.0,0.0,False,False,0.0,0.0,False,False,0.0,0.0,False,False,0.0,0.0
409828_2018-11-20_10-42-45_filtered_2026-04-09_04-58-44,3,581,False,False,0.0,0.0,False,False,0.0,0.0,False,False,0.0,0.0,False,False,0.0,0.0
409828_2018-11-20_10-42-45_filtered_2026-04-09_04-58-44,4,0,False,False,0.0,0.0,False,False,0.0,0.0,False,False,0.0,0.0,False,False,0.0,0.0
409828_2018-11-20_10-42-45_filtered_2026-04-09_04-58-44,4,1,False,False,0.0,0.0,False,False,0.0,0.0,False,False,0.0,0.0,False,False,0.0,0.0
409828_2018-11-20_10-42-45_filtered_2026-04-09_04-58-44,4,2,False,False,0.0,0.0,False,False,0.0,0.0,False,False,0.0,0.0,False,False,0.0,0.0
409828_2018-11-20_10-42-45_filtered_2026-04-09_04-58-44,4,3,False,False,0.0,0.0,False,False,0.0,0.0,False,False,0.0,0.0,False,False,0.0,0.0
409828_2018-11-20_10-42-45_filtered_2026-04-09_04-58-44,4,4,False,False,0.0,0.0,False,False,0.0,0.0,False,False,0.0,0.0,False,False,0.0,0.0
409828_2018-11-20_10-42-45_filtered_2026-04-09_04-58-44,4,5,False,False,0.0,0.0,False,False,0.0,0.0,False,False,0.0,0.0,False,False,0.0,0.0
409828_2018-11-20_10-42-45_filtered_2026-04-09_04-58-44,4,6,False,False,0.0,0.0,False,False,0.0,0.0,False,False,0.0,0.0,False,False,0.0,0.0
409828_2018-11-20_10-42-45_filtered_2026-04-09_04-58-44,4,7,False,False,0.0,0.0,False,False,0.0,0.0,False,False,0.0,0.0,False,False,0.0,0.0
409828_2018-11-20_10-42-45_filtered_2026-04-09_04-58-44,4,8,True,True,86.49000000000001,1.0,True,False,172.98000000000002,0.5,True,True,86.49000000000001,1.0,True,True,86.49000000000001,1.0
409828_2018-11-20_10-42-45_filtered_2026-04-09_04-58-44,4,9,False,False,0.0,0.0,False,False,0.0,0.0,False,False,0.0,0.0,False,False,0.0,0.0
409828_2018-11-20_10-42-45_filtered_2026-04-09_04-58-44,4,10,False,False,0.0,0.0,False,False,0.0,0.0,False,False,0.0,0.0,False,False,0.0,0.0
409828_2018-11-20_10-42-45_filtered_2026-04-09_04-58-44,4,11,False,False,0.0,0.0,False,False,0.0,0.0,False,False,0.0,0.0,False,False,0.0,0.0
409828_2018-11-20_10-42-45_filtered_2026-04-09_04-58-44,4,12,False,False,0.0,0.0,False,False,0.0,0.0,False,False,0.0,0.0,False,False,0.0,0.0
409828_2018-11-20_10-42-45_filtered_2026-04-09_04-58-44,4,13,False,False,0.0,0.0,False,False,0.0,0.0,False,False,0.0,0.0,False,False,0.0,0.0
409828_2018-11-20_10-42-45_filtered_2026-04-09_04-58-44,4,14,False,False,0.0,0.0,True,True,86.49000000000001,1.0,True,True,86.49000000000001,1.0,True,True,86.49000000000001,1.0
409828_2018-11-20_10-42-45_filtered_2026-04-09_04-58-44,4,15,False,False,0.0,0.0,False,False,0.0,0.0,False,False,0.0,0.0,False,False,0.0,0.0
409828_2018-11-20_10-42-45_filtered_2026-04-09_04-58-44,4,16,False,False,0.0,0.0,False,False,0.0,0.0,False,False,0.0,0.0,False,False,0.0,0.0
409828_2018-11-20_10-42-45_filtered_2026-04-09_04-58-44,4,17,False,False,0.0,0.0,False,False,0.0,0.0,False,False,0.0,0.0,False,False,0.0,0.0
409828_2018-11-20_10-42-45_filtered_2026-04-09_04-58-44,4,18,False,False,0.0,0.0,False,False,0.0,0.0,False,False,0.0,0.0,False,False,0.0,0.0
409828_2018-11-20_10-42-45_filtered_2026-04-09_04-58-44,4,19,False,False,0.0,0.0,False,False,0.0,0.0,False,False,0.0,0.0,False,False,0.0,0.0
409828_2018-11-20_10-42-45_filtered_2026-04-09_04-58-44,4,20,False,False,0.0,0.0,False,False,0.0,0.0,False,False,0.0,0.0,False,False,0.0,0.0
409828_2018-11-20_10-42-45_filtered_2026-04-09_04-58-44,4,21,True,False,1989.2700000000002,0.2608695652173913,True,True,86.49000000000001,1.0,False,False,0.0,0.0,False,False,0.0,0.0
409828_2018-11-20_10-42-45_filtered_2026-04-09_04-58-44,4,22,False,False,0.0,0.0,False,False,0.0,0.0,False,False,0.0,0.0,False,False,0.0,0.0
409828_2018-11-20_10-42-45_filtered_2026-04-09_04-58-44,4,23,False,False,0.0,0.0,False,False,0.0,0.0,False,False,0.0,0.0,False,False,0.0,0.0
409828_2018-11-20_10-42-45_filtered_2026-04-09_04-58-44,4,24,False,False,0.0,0.0,False,False,0.0,0.0,False,False,0.0,0.0,False,False,0.0,0.0
409828_2018-11-20_10-42-45_filtered_2026-04-09_04-58-44,4,26,False,False,0.0,0.0,False,False,0.0,0.0,False,False,0.0,0.0,False,False,0.0,0.0
409828_2018-11-20_10-42-45_filtered_2026-04-09_04-58-44,4,27,False,False,0.0,0.0,False,False,0.0,0.0,False,False,0.0,0.0,False,False,0.0,0.0
409828_2018-11-20_10-42-45_filtered_2026-04-09_04-58-44,4,28,False,False,0.0,0.0,False,False,0.0,0.0,False,False,0.0,0.0,False,False,0.0,0.0
409828_2018-11-20_10-42-45_filtered_2026-04-09_04-58-44,4,29,False,False,0.0,0.0,False,False,0.0,0.0,False,False,0.0,0.0,False,False,0.0,0.0
409828_2018-11-20_10-42-45_filtered_2026-04-09_04-58-44,4,30,False,False,0.0,0.0,False,False,0.0,0.0,False,False,0.0,0.0,False,False,0.0,0.0
409828_2018-11-20_10-42-45_filtered_2026-04-09_04-58-44,4,31,False,False,0.0,0.0,False,False,0.0,0.0,False,False,0.0,0.0,False,False,0.0,0.0
409828_2018-11-20_10-42-45_filtered_2026-04-09_04-58-44,4,32,True,False,3113.6400000000003,0.25,True,True,86.49000000000001,1.0,True,True,86.49000000000001,1.0,True,True,86.49000000000001,1.0
409828_2018-11-20_10-42-45_filtered_2026-04-09_04-58-44,4,33,True,False,172.98000000000002,0.5,True,True,86.49000000000001,1.0,True,True,86.49000000000001,1.0,True,True,86.49000000000001,1.0
409828_2018-11-20_10-42-45_filtered_2026-04-09_04-58-44,4,34,False,False,0.0,0.0,False,False,0.0,0.0,False,False,0.0,0.0,False,False,0.0,0.0
409828_2018-11-20_10-42-45_filtered_2026-04-09_04-58-44,4,35,False,False,0.0,0.0,False,False,0.0,0.0,False,False,0.0,0.0,False,False,0.0,0.0
409828_2018-11-20_10-42-45_filtered_2026-04-09_04-58-44,4,36,False,False,0.0,0.0,False,False,0.0,0.0,False,False,0.0,0.0,False,False,0.0,0.0
409828_2018-11-20_10-42-45_filtered_2026-04-09_04-58-44,4,37,False,False,0.0,0.0,False,False,0.0,0.0,False,False,0.0,0.0,False,False,0.0,0.0
409828_2018-11-20_10-42-45_filtered_2026-04-09_04-58-44,4,38,False,False,0.0,0.0,False,False,0.0,0.0,False,False,0.0,0.0,False,False,0.0,0.0
409828_2018-11-20_10-42-45_filtered_2026-04-09_04-58-44,4,39,False,False,0.0,0.0,False,False,0.0,0.0,False,False,0.0,0.0,False,False,0.0,0.0
409828_2018-11-20_10-42-45_filtered_2026-04-09_04-58-44,4,40,False,False,0.0,0.0,False,False,0.0,0.0,False,False,0.0,0.0,False,False,0.0,0.0
409828_2018-11-20_10-42-45_filtered_2026-04-09_04-58-44,4,41,False,False,0.0,0.0,False,False,0.0,0.0,False,False,0.0,0.0,False,False,0.0,0.0
409828_2018-11-20_10-42-45_filtered_2026-04-09_04-58-44,4,42,False,False,0.0,0.0,False,False,0.0,0.0,False,False,0.0,0.0,False,False,0.0,0.0
409828_2018-11-20_10-42-45_filtered_2026-04-09_04-58-44,4,43,False,False,0.0,0.0,False,False,0.0,0.0,False,False,0.0,0.0,False,False,0.0,0.0
409828_2018-11-20_10-42-45_filtered_2026-04-09_04-58-44,4,44,True,True,9254.43,1.0,False,False,0.0,0.0,False,False,0.0,0.0,False,False,0.0,0.0
409828_2018-11-20_10-42-45_filtered_2026-04-09_04-58-44,4,45,False,False,0.0,0.0,False,False,0.0,0.0,False,False,0.0,0.0,False,False,0.0,0.0
409828_2018-11-20_10-42-45_filtered_2026-04-09_04-58-44,4,46,False,False,0.0,0.0,False,False,0.0,0.0,False,False,0.0,0.0,False,False,0.0,0.0
409828_2018-11-20_10-42-45_filtered_2026-04-09_04-58-44,4,47,False,False,0.0,0.0,False,False,0.0,0.0,False,False,0.0,0.0,False,False,0.0,0.0
409828_2018-11-20_10-42-45_filtered_2026-04-09_04-58-44,4,48,False,False,0.0,0.0,False,False,0.0,0.0,False,False,0.0,0.0,False,False,0.0,0.0
409828_2018-11-20_10-42-45_filtered_2026-04-09_04-58-44,4,49,False,False,0.0,0.0,False,False,0.0,0.0,False,False,0.0,0.0,False,False,0.0,0.0
409828_2018-11-20_10-42-45_filtered_2026-04-09_04-58-44,4,50,False,False,0.0,0.0,False,False,0.0,0.0,False,False,0.0,0.0,False,False,0.0,0.0
409828_2018-11-20_10-42-45_filtered_2026-04-09_04-58-44,4,51,False,False,0.0,0.0,False,False,0.0,0.0,False,False,0.0,0.0,False,False,0.0,0.0
409828_2018-11-20_10-42-45_filtered_2026-04-09_04-58-44,4,53,False,False,0.0,0.0,False,False,0.0,0.0,False,False,0.0,0.0,False,False,0.0,0.0
409828_2018-11-20_10-42-45_filtered_2026-04-09_04-58-44,4,54,False,False,0.0,0.0,False,False,0.0,0.0,False,False,0.0,0.0,False,False,0.0,0.0
409828_2018-11-20_10-42-45_filtered_2026-04-09_04-58-44,4,55,False,False,0.0,0.0,False,False,0.0,0.0,False,False,0.0,0.0,False,False,0.0,0.0
409828_2018-11-20_10-42-45_filtered_2026-04-09_04-58-44,4,56,False,False,0.0,0.0,False,False,0.0,0.0,False,False,0.0,0.0,False,False,0.0,0.0
409828_2018-11-20_10-42-45_filtered_2026-04-09_04-58-44,4,58,False,False,0.0,0.0,False,False,0.0,0.0,False,False,0.0,0.0,False,False,0.0,0.0
409828_2018-11-20_10-42-45_filtered_2026-04-09_04-58-44,4,59,False,False,0.0,0.0,False,False,0.0,0.0,False,False,0.0,0.0,False,False,0.0,0.0
409828_2018-11-20_10-42-45_filtered_2026-04-09_04-58-44,4,60,False,False,0.0,0.0,False,False,0.0,0.0,False,False,0.0,0.0,False,False,0.0,0.0
409828_2018-11-20_10-42-45_filtered_2026-04-09_04-58-44,4,61,False,False,0.0,0.0,False,False,0.0,0.0,False,False,0.0,0.0,False,False,0.0,0.0
409828_2018-11-20_10-42-45_filtered_2026-04-09_04-58-44,4,62,False,False,0.0,0.0,False,False,0.0,0.0,False,False,0.0,0.0,False,False,0.0,0.0
409828_2018-11-20_10-42-45_filtered_2026-04-09_04-58-44,4,63,False,False,0.0,0.0,False,False,0.0,0.0,False,False,0.0,0.0,False,False,0.0,0.0
409828_2018-11-20_10-42-45_filtered_2026-04-09_04-58-44,4,64,False,False,0.0,0.0,True,True,86.49000000000001,1.0,False,False,0.0,0.0,False,False,0.0,0.0
409828_2018-11-20_10-42-45_filtered_2026-04-09_04-58-44,4,65,False,False,0.0,0.0,False,False,0.0,0.0,False,False,0.0,0.0,False,False,0.0,0.0
409828_2018-11-20_10-42-45_filtered_2026-04-09_04-58-44,4,66,False,False,0.0,0.0,False,False,0.0,0.0,False,False,0.0,0.0,False,False,0.0,0.0
409828_2018-11-20_10-42-45_filtered_2026-04-09_04-58-44,4,67,False,False,0.0,0.0,False,False,0.0,0.0,False,False,0.0,0.0,False,False,0.0,0.0
409828_2018-11-20_10-42-45_filtered_2026-04-09_04-58-44,4,68,False,False,0.0,0.0,False,False,0.0,0.0,False,False,0.0,0.0,False,False,0.0,0.0
409828_2018-11-20_10-42-45_filtered_2026-04-09_04-58-44,4,69,False,False,0.0,0.0,False,False,0.0,0.0,False,False,0.0,0.0,False,False,0.0,0.0
409828_2018-11-20_10-42-45_filtered_2026-04-09_04-58-44,4,70,False,False,0.0,0.0,False,False,0.0,0.0,False,False,0.0,0.0,False,False,0.0,0.0
409828_2018-11-20_10-42-45_filtered_2026-04-09_04-58-44,4,71,False,False,0.0,0.0,False,False,0.0,0.0,False,False,0.0,0.0,False,False,0.0,0.0
409828_2018-11-20_10-42-45_filtered_2026-04-09_04-58-44,4,72,False,False,0.0,0.0,False,False,0.0,0.0,False,False,0.0,0.0,False,False,0.0,0.0
409828_2018-11-20_10-42-45_filtered_2026-04-09_04-58-44,4,73,False,False,0.0,0.0,False,False,0.0,0.0,False,False,0.0,0.0,False,False,0.0,0.0
409828_2018-11-20_10-42-45_filtered_2026-04-09_04-58-44,4,74,False,False,0.0,0.0,False,False,0.0,0.0,False,False,0.0,0.0,False,False,0.0,0.0
409828_2018-11-20_10-42-45_filtered_2026-04-09_04-58-44,4,76,False,False,0.0,0.0,False,False,0.0,0.0,False,False,0.0,0.0,False,False,0.0,0.0
409828_2018-11-20_10-42-45_filtered_2026-04-09_04-58-44,4,77,False,False,0.0,0.0,False,False,0.0,0.0,False,False,0.0,0.0,False,False,0.0,0.0
409828_2018-11-20_10-42-45_filtered_2026-04-09_04-58-44,4,78,False,False,0.0,0.0,False,False,0.0,0.0,False,False,0.0,0.0,False,False,0.0,0.0
409828_2018-11-20_10-42-45_filtered_2026-04-09_04-58-44,4,79,False,False,0.0,0.0,False,False,0.0,0.0,False,False,0.0,0.0,False,False,0.0,0.0
409828_2018-11-20_10-42-45_filtered_2026-04-09_04-58-44,4,81,False,False,0.0,0.0,False,False,0.0,0.0,False,False,0.0,0.0,False,False,0.0,0.0
409828_2018-11-20_10-42-45_filtered_2026-04-09_04-58-44,4,82,False,False,0.0,0.0,False,False,0.0,0.0,False,False,0.0,0.0,False,False,0.0,0.0
409828_2018-11-20_10-42-45_filtered_2026-04-09_04-58-44,4,83,False,False,0.0,0.0,False,False,0.0,0.0,False,False,0.0,0.0,False,False,0.0,0.0
409828_2018-11-20_10-42-45_filtered_2026-04-09_04-58-44,4,84,False,False,0.0,0.0,False,False,0.0,0.0,False,False,0.0,0.0,False,False,0.0,0.0
409828_2018-11-20_10-42-45_filtered_2026-04-09_04-58-44,4,85,False,False,0.0,0.0,False,False,0.0,0.0,False,False,0.0,0.0,False,False,0.0,0.0
409828_2018-11-20_10-42-45_filtered_2026-04-09_04-58-44,4,86,False,False,0.0,0.0,False,False,0.0,0.0,False,False,0.0,0.0,False,False,0.0,0.0
409828_2018-11-20_10-42-45_filtered_2026-04-09_04-58-44,4,87,True,True,86.49000000000001,1.0,True,True,86.49000000000001,1.0,True,True,86.49000000000001,1.0,True,True,86.49000000000001,1.0
409828_2018-11-20_10-42-45_filtered_2026-04-09_04-58-44,4,88,False,False,0.0,0.0,False,False,0.0,0.0,False,False,0.0,0.0,False,False,0.0,0.0
409828_2018-11-20_10-42-45_filtered_2026-04-09_04-58-44,4,89,False,False,0.0,0.0,False,False,0.0,0.0,False,False,0.0,0.0,False,False,0.0,0.0
409828_2018-11-20_10-42-45_filtered_2026-04-09_04-58-44,4,90,False,False,0.0,0.0,False,False,0.0,0.0,False,False,0.0,0.0,False,False,0.0,0.0
409828_2018-11-20_10-42-45_filtered_2026-04-09_04-58-44,4,91,False,False,0.0,0.0,False,False,0.0,0.0,False,False,0.0,0.0,False,False,0.0,0.0
409828_2018-11-20_10-42-45_filtered_2026-04-09_04-58-44,4,92,False,False,0.0,0.0,False,False,0.0,0.0,False,False,0.0,0.0,False,False,0.0,0.0
409828_2018-11-20_10-42-45_filtered_2026-04-09_04-58-44,4,93,False,False,0.0,0.0,False,False,0.0,0.0,False,False,0.0,0.0,False,False,0.0,0.0
409828_2018-11-20_10-42-45_filtered_2026-04-09_04-58-44,4,94,False,False,0.0,0.0,False,False,0.0,0.0,False,False,0.0,0.0,False,False,0.0,0.0
409828_2018-11-20_10-42-45_filtered_2026-04-09_04-58-44,4,95,False,False,0.0,0.0,False,False,0.0,0.0,False,False,0.0,0.0,False,False,0.0,0.0
409828_2018-11-20_10-42-45_filtered_2026-04-09_04-58-44,4,96,False,False,0.0,0.0,False,False,0.0,0.0,False,False,0.0,0.0,False,False,0.0,0.0
409828_2018-11-20_10-42-45_filtered_2026-04-09_04-58-44,4,97,True,False,2940.6600000000008,0.6176470588235294,True,True,259.47,1.0,True,True,172.98000000000002,1.0,True,True,172.98000000000002,1.0
409828_2018-11-20_10-42-45_filtered_2026-04-09_04-58-44,4,98,False,False,0.0,0.0,False,False,0.0,0.0,False,False,0.0,0.0,False,False,0.0,0.0
409828_2018-11-20_10-42-45_filtered_2026-04-09_04-58-44,4,99,False,False,0.0,0.0,False,False,0.0,0.0,False,False,0.0,0.0,False,False,0.0,0.0
409828_2018-11-20_10-42-45_filtered_2026-04-09_04-58-44,4,100,False,False,0.0,0.0,False,False,0.0,0.0,False,False,0.0,0.0,False,False,0.0,0.0
409828_2018-11-20_10-42-45_filtered_2026-04-09_04-58-44,4,101,True,True,86.49000000000001,1.0,False,False,0.0,0.0,False,False,0.0,0.0,False,False,0.0,0.0
409828_2018-11-20_10-42-45_filtered_2026-04-09_04-58-44,4,102,False,False,0.0,0.0,False,False,0.0,0.0,False,False,0.0,0.0,False,False,0.0,0.0
409828_2018-11-20_10-42-45_filtered_2026-04-09_04-58-44,4,104,False,False,0.0,0.0,False,False,0.0,0.0,False,False,0.0,0.0,False,False,0.0,0.0
409828_2018-11-20_10-42-45_filtered_2026-04-09_04-58-44,4,105,True,False,432.45000000000005,0.2,True,True,86.49000000000001,1.0,True,True,86.49000000000001,1.0,True,True,86.49000000000001,1.0
409828_2018-11-20_10-42-45_filtered_2026-04-09_04-58-44,4,106,False,False,0.0,0.0,False,False,0.0,0.0,False,False,0.0,0.0,False,False,0.0,0.0
409828_2018-11-20_10-42-45_filtered_2026-04-09_04-58-44,4,107,False,False,0.0,0.0,False,False,0.0,0.0,False,False,0.0,0.0,False,False,0.0,0.0
409828_2018-11-20_10-42-45_filtered_2026-04-09_04-58-44,4,108,True,True,86.49000000000001,1.0,True,True,86.49000000000001,1.0,True,True,86.49000000000001,1.0,True,True,86.49000000000001,1.0
409828_2018-11-20_10-42-45_filtered_2026-04-09_04-58-44,4,109,True,False,345.96000000000004,0.5,True,True,86.49000000000001,1.0,True,True,86.49000000000001,1.0,True,True,86.49000000000001,1.0
409828_2018-11-20_10-42-45_filtered_2026-04-09_04-58-44,4,110,False,False,0.0,0.0,False,False,0.0,0.0,False,False,0.0,0.0,False,False,0.0,0.0
409828_2018-11-20_10-42-45_filtered_2026-04-09_04-58-44,4,111,False,False,0.0,0.0,False,False,0.0,0.0,False,False,0.0,0.0,False,False,0.0,0.0
409828_2018-11-20_10-42-45_filtered_2026-04-09_04-58-44,4,113,False,False,0.0,0.0,False,False,0.0,0.0,False,False,0.0,0.0,False,False,0.0,0.0
409828_2018-11-20_10-42-45_filtered_2026-04-09_04-58-44,4,115,True,True,172.98000000000002,1.0,True,True,86.49000000000001,1.0,True,True,86.49000000000001,1.0,True,True,86.49000000000001,1.0
409828_2018-11-20_10-42-45_filtered_2026-04-09_04-58-44,4,117,False,False,0.0,0.0,False,False,0.0,0.0,False,False,0.0,0.0,False,False,0.0,0.0
409828_2018-11-20_10-42-45_filtered_2026-04-09_04-58-44,4,118,False,False,0.0,0.0,False,False,0.0,0.0,False,False,0.0,0.0,False,False,0.0,0.0
409828_2018-11-20_10-42-45_filtered_2026-04-09_04-58-44,4,120,False,False,0.0,0.0,False,False,0.0,0.0,False,False,0.0,0.0,False,False,0.0,0.0
409828_2018-11-20_10-42-45_filtered_2026-04-09_04-58-44,4,121,False,False,0.0,0.0,False,False,0.0,0.0,False,False,0.0,0.0,False,False,0.0,0.0
409828_2018-11-20_10-42-45_filtered_2026-04-09_04-58-44,4,125,False,False,0.0,0.0,False,False,0.0,0.0,False,False,0.0,0.0,False,False,0.0,0.0
409828_2018-11-20_10-42-45_filtered_2026-04-09_04-58-44,4,126,False,False,0.0,0.0,False,False,0.0,0.0,False,False,0.0,0.0,False,False,0.0,0.0
409828_2018-11-20_10-42-45_filtered_2026-04-09_04-58-44,4,127,False,False,0.0,0.0,False,False,0.0,0.0,False,False,0.0,0.0,False,False,0.0,0.0
409828_2018-11-20_10-42-45_filtered_2026-04-09_04-58-44,4,128,False,False,0.0,0.0,False,False,0.0,0.0,False,False,0.0,0.0,False,False,0.0,0.0
409828_2018-11-20_10-42-45_filtered_2026-04-09_04-58-44,4,130,False,False,0.0,0.0,False,False,0.0,0.0,False,False,0.0,0.0,False,False,0.0,0.0
409828_2018-11-20_10-42-45_filtered_2026-04-09_04-58-44,4,131,False,False,0.0,0.0,False,False,0.0,0.0,False,False,0.0,0.0,False,False,0.0,0.0
409828_2018-11-20_10-42-45_filtered_2026-04-09_04-58-44,4,132,False,False,0.0,0.0,False,False,0.0,0.0,False,False,0.0,0.0,False,False,0.0,0.0
409828_2018-11-20_10-42-45_filtered_2026-04-09_04-58-44,4,137,False,False,0.0,0.0,False,False,0.0,0.0,False,False,0.0,0.0,False,False,0.0,0.0
409828_2018-11-20_10-42-45_filtered_2026-04-09_04-58-44,4,138,False,False,0.0,0.0,False,False,0.0,0.0,False,False,0.0,0.0,False,False,0.0,0.0
409828_2018-11-20_10-42-45_filtered_2026-04-09_04-58-44,4,139,False,False,0.0,0.0,False,False,0.0,0.0,False,False,0.0,0.0,False,False,0.0,0.0
409828_2018-11-20_10-42-45_filtered_2026-04-09_04-58-44,4,140,False,False,0.0,0.0,False,False,0.0,0.0,False,False,0.0,0.0,False,False,0.0,0.0
409828_2018-11-20_10-42-45_filtered_2026-04-09_04-58-44,4,141,False,False,0.0,0.0,False,False,0.0,0.0,False,False,0.0,0.0,False,False,0.0,0.0
409828_2018-11-20_10-42-45_filtered_2026-04-09_04-58-44,4,142,False,False,0.0,0.0,False,False,0.0,0.0,False,False,0.0,0.0,False,False,0.0,0.0
409828_2018-11-20_10-42-45_filtered_2026-04-09_04-58-44,4,143,False,False,0.0,0.0,False,False,0.0,0.0,False,False,0.0,0.0,False,False,0.0,0.0
409828_2018-11-20_10-42-45_filtered_2026-04-09_04-58-44,4,144,False,False,0.0,0.0,False,False,0.0,0.0,False,False,0.0,0.0,False,False,0.0,0.0
409828_2018-11-20_10-42-45_filtered_2026-04-09_04-58-44,4,146,False,False,0.0,0.0,False,False,0.0,0.0,False,False,0.0,0.0,False,False,0.0,0.0
409828_2018-11-20_10-42-45_filtered_2026-04-09_04-58-44,4,147,False,False,0.0,0.0,False,False,0.0,0.0,False,False,0.0,0.0,False,False,0.0,0.0
409828_2018-11-20_10-42-45_filtered_2026-04-09_04-58-44,4,148,False,False,0.0,0.0,True,True,86.49000000000001,1.0,True,True,86.49000000000001,1.0,True,True,86.49000000000001,1.0
409828_2018-11-20_10-42-45_filtered_2026-04-09_04-58-44,4,149,False,False,0.0,0.0,False,False,0.0,0.0,False,False,0.0,0.0,False,False,0.0,0.0
409828_2018-11-20_10-42-45_filtered_2026-04-09_04-58-44,4,150,True,True,86.49000000000001,1.0,True,True,86.49000000000001,1.0,False,False,0.0,0.0,False,False,0.0,0.0
409828_2018-11-20_10-42-45_filtered_2026-04-09_04-58-44,4,152,False,False,0.0,0.0,False,False,0.0,0.0,False,False,0.0,0.0,False,False,0.0,0.0
409828_2018-11-20_10-42-45_filtered_2026-04-09_04-58-44,4,153,False,False,0.0,0.0,False,False,0.0,0.0,False,False,0.0,0.0,False,False,0.0,0.0
409828_2018-11-20_10-42-45_filtered_2026-04-09_04-58-44,4,156,False,False,0.0,0.0,False,False,0.0,0.0,False,False,0.0,0.0,False,False,0.0,0.0
409828_2018-11-20_10-42-45_filtered_2026-04-09_04-58-44,4,159,False,False,0.0,0.0,False,False,0.0,0.0,False,False,0.0,0.0,False,False,0.0,0.0
409828_2018-11-20_10-42-45_filtered_2026-04-09_04-58-44,4,160,False,False,0.0,0.0,False,False,0.0,0.0,False,False,0.0,0.0,False,False,0.0,0.0
409828_2018-11-20_10-42-45_filtered_2026-04-09_04-58-44,4,161,False,False,0.0,0.0,False,False,0.0,0.0,False,False,0.0,0.0,False,False,0.0,0.0
409828_2018-11-20_10-42-45_filtered_2026-04-09_04-58-44,4,162,False,False,0.0,0.0,False,False,0.0,0.0,False,False,0.0,0.0,False,False,0.0,0.0
409828_2018-11-20_10-42-45_filtered_2026-04-09_04-58-44,4,164,False,False,0.0,0.0,False,False,0.0,0.0,False,False,0.0,0.0,False,False,0.0,0.0
409828_2018-11-20_10-42-45_filtered_2026-04-09_04-58-44,4,165,False,False,0.0,0.0,False,False,0.0,0.0,False,False,0.0,0.0,False,False,0.0,0.0
409828_2018-11-20_10-42-45_filtered_2026-04-09_04-58-44,4,166,False,False,0.0,0.0,False,False,0.0,0.0,False,False,0.0,0.0,False,False,0.0,0.0
409828_2018-11-20_10-42-45_filtered_2026-04-09_04-58-44,4,167,False,False,0.0,0.0,False,False,0.0,0.0,False,False,0.0,0.0,False,False,0.0,0.0
409828_2018-11-20_10-42-45_filtered_2026-04-09_04-58-44,4,168,False,False,0.0,0.0,False,False,0.0,0.0,False,False,0.0,0.0,False,False,0.0,0.0
409828_2018-11-20_10-42-45_filtered_2026-04-09_04-58-44,4,170,False,False,0.0,0.0,False,False,0.0,0.0,False,False,0.0,0.0,False,False,0.0,0.0
409828_2018-11-20_10-42-45_filtered_2026-04-09_04-58-44,4,174,False,False,0.0,0.0,False,False,0.0,0.0,False,False,0.0,0.0,False,False,0.0,0.0
409828_2018-11-20_10-42-45_filtered_2026-04-09_04-58-44,4,179,False,False,0.0,0.0,False,False,0.0,0.0,False,False,0.0,0.0,False,False,0.0,0.0
409828_2018-11-20_10-42-45_filtered_2026-04-09_04-58-44,4,180,False,False,0.0,0.0,False,False,0.0,0.0,False,False,0.0,0.0,False,False,0.0,0.0
409828_2018-11-20_10-42-45_filtered_2026-04-09_04-58-44,4,186,True,True,172.98000000000002,1.0,True,True,172.98000000000002,1.0,True,True,172.98000000000002,1.0,True,True,172.98000000000002,1.0
409828_2018-11-20_10-42-45_filtered_2026-04-09_04-58-44,4,192,False,False,0.0,0.0,False,False,0.0,0.0,False,False,0.0,0.0,False,False,0.0,0.0
409828_2018-11-20_10-42-45_filtered_2026-04-09_04-58-44,4,198,False,False,0.0,0.0,False,False,0.0,0.0,False,False,0.0,0.0,False,False,0.0,0.0
409828_2018-11-20_10-42-45_filtered_2026-04-09_04-58-44,4,200,False,False,0.0,0.0,False,False,0.0,0.0,False,False,0.0,0.0,False,False,0.0,0.0
409828_2018-11-20_10-42-45_filtered_2026-04-09_04-58-44,4,203,False,False,0.0,0.0,False,False,0.0,0.0,False,False,0.0,0.0,False,False,0.0,0.0
409828_2018-11-20_10-42-45_filtered_2026-04-09_04-58-44,4,206,False,False,0.0,0.0,False,False,0.0,0.0,False,False,0.0,0.0,False,False,0.0,0.0
409828_2018-11-20_10-42-45_filtered_2026-04-09_04-58-44,4,211,False,False,0.0,0.0,False,False,0.0,0.0,False,False,0.0,0.0,False,False,0.0,0.0
409828_2018-11-20_10-42-45_filtered_2026-04-09_04-58-44,4,213,False,False,0.0,0.0,False,False,0.0,0.0,False,False,0.0,0.0,False,False,0.0,0.0
409828_2018-11-20_10-42-45_filtered_2026-04-09_04-58-44,4,214,False,False,0.0,0.0,False,False,0.0,0.0,False,False,0.0,0.0,False,False,0.0,0.0
409828_2018-11-20_10-42-45_filtered_2026-04-09_04-58-44,4,215,False,False,0.0,0.0,False,False,0.0,0.0,False,False,0.0,0.0,False,False,0.0,0.0
409828_2018-11-20_10-42-45_filtered_2026-04-09_04-58-44,4,224,False,False,0.0,0.0,False,False,0.0,0.0,False,False,0.0,0.0,False,False,0.0,0.0
409828_2018-11-20_10-42-45_filtered_2026-04-09_04-58-44,4,226,False,False,0.0,0.0,False,False,0.0,0.0,False,False,0.0,0.0,False,False,0.0,0.0
409828_2018-11-20_10-42-45_filtered_2026-04-09_04-58-44,4,230,True,True,86.49000000000001,1.0,True,True,86.49000000000001,1.0,True,True,86.49000000000001,1.0,True,True,86.49000000000001,1.0
409828_2018-11-20_10-42-45_filtered_2026-04-09_04-58-44,4,242,False,False,0.0,0.0,False,False,0.0,0.0,False,False,0.0,0.0,False,False,0.0,0.0
409828_2018-11-20_10-42-45_filtered_2026-04-09_04-58-44,4,272,False,False,0.0,0.0,False,False,0.0,0.0,False,False,0.0,0.0,False,False,0.0,0.0
409828_2018-11-20_10-42-45_filtered_2026-04-09_04-58-44,4,276,False,False,0.0,0.0,False,False,0.0,0.0,False,False,0.0,0.0,False,False,0.0,0.0
409828_2018-11-20_10-42-45_filtered_2026-04-09_04-58-44,4,295,False,False,0.0,0.0,False,False,0.0,0.0,False,False,0.0,0.0,False,False,0.0,0.0
409828_2018-11-20_10-42-45_filtered_2026-04-09_04-58-44,4,324,False,False,0.0,0.0,False,False,0.0,0.0,False,False,0.0,0.0,False,False,0.0,0.0
409828_2018-11-20_10-42-45_filtered_2026-04-09_04-58-44,4,328,False,False,0.0,0.0,False,False,0.0,0.0,False,False,0.0,0.0,False,False,0.0,0.0
409828_2018-11-20_10-42-45_filtered_2026-04-09_04-58-44,4,337,False,False,0.0,0.0,False,False,0.0,0.0,False,False,0.0,0.0,False,False,0.0,0.0
409828_2018-11-20_10-42-45_filtered_2026-04-09_04-58-44,4,347,False,False,0.0,0.0,False,False,0.0,0.0,False,False,0.0,0.0,False,False,0.0,0.0
409828_2018-11-20_10-42-45_filtered_2026-04-09_04-58-44,4,370,False,False,0.0,0.0,False,False,0.0,0.0,False,False,0.0,0.0,False,False,0.0,0.0
409828_2018-11-20_10-42-45_filtered_2026-04-09_04-58-44,4,377,False,False,0.0,0.0,False,False,0.0,0.0,False,False,0.0,0.0,False,False,0.0,0.0
409828_2018-11-20_10-42-45_filtered_2026-04-09_04-58-44,4,396,False,False,0.0,0.0,False,False,0.0,0.0,False,False,0.0,0.0,False,False,0.0,0.0
409828_2018-11-20_10-42-45_filtered_2026-04-09_04-58-44,4,596,False,False,0.0,0.0,False,False,0.0,0.0,False,False,0.0,0.0,False,False,0.0,0.0
409828_2018-11-20_10-42-45_filtered_2026-04-09_04-58-44,5,0,False,False,0.0,0.0,False,False,0.0,0.0,False,False,0.0,0.0,False,False,0.0,0.0
409828_2018-11-20_10-42-45_filtered_2026-04-09_04-58-44,5,1,False,False,0.0,0.0,False,False,0.0,0.0,False,False,0.0,0.0,False,False,0.0,0.0
409828_2018-11-20_10-42-45_filtered_2026-04-09_04-58-44,5,2,False,False,0.0,0.0,False,False,0.0,0.0,False,False,0.0,0.0,False,False,0.0,0.0
409828_2018-11-20_10-42-45_filtered_2026-04-09_04-58-44,5,3,False,False,0.0,0.0,False,False,0.0,0.0,False,False,0.0,0.0,False,False,0.0,0.0
409828_2018-11-20_10-42-45_filtered_2026-04-09_04-58-44,5,4,False,False,0.0,0.0,False,False,0.0,0.0,False,False,0.0,0.0,False,False,0.0,0.0
409828_2018-11-20_10-42-45_filtered_2026-04-09_04-58-44,5,5,False,False,0.0,0.0,False,False,0.0,0.0,False,False,0.0,0.0,False,False,0.0,0.0
409828_2018-11-20_10-42-45_filtered_2026-04-09_04-58-44,5,6,False,False,0.0,0.0,False,False,0.0,0.0,False,False,0.0,0.0,False,False,0.0,0.0
409828_2018-11-20_10-42-45_filtered_2026-04-09_04-58-44,5,7,False,False,0.0,0.0,False,False,0.0,0.0,False,False,0.0,0.0,False,False,0.0,0.0
409828_2018-11-20_10-42-45_filtered_2026-04-09_04-58-44,5,8,False,False,0.0,0.0,True,True,86.49000000000001,1.0,True,True,86.49000000000001,1.0,True,True,86.49000000000001,1.0
409828_2018-11-20_10-42-45_filtered_2026-04-09_04-58-44,5,9,False,False,0.0,0.0,True,True,86.49000000000001,1.0,True,True,86.49000000000001,1.0,True,True,86.49000000000001,1.0
409828_2018-11-20_10-42-45_filtered_2026-04-09_04-58-44,5,10,False,False,0.0,0.0,False,False,0.0,0.0,False,False,0.0,0.0,False,False,0.0,0.0
409828_2018-11-20_10-42-45_filtered_2026-04-09_04-58-44,5,11,False,False,0.0,0.0,False,False,0.0,0.0,False,False,0.0,0.0,False,False,0.0,0.0
409828_2018-11-20_10-42-45_filtered_2026-04-09_04-58-44,5,12,False,False,0.0,0.0,False,False,0.0,0.0,False,False,0.0,0.0,False,False,0.0,0.0
409828_2018-11-20_10-42-45_filtered_2026-04-09_04-58-44,5,13,False,False,0.0,0.0,False,False,0.0,0.0,False,False,0.0,0.0,False,False,0.0,0.0
409828_2018-11-20_10-42-45_filtered_2026-04-09_04-58-44,5,14,False,False,0.0,0.0,False,False,0.0,0.0,False,False,0.0,0.0,False,False,0.0,0.0
409828_2018-11-20_10-42-45_filtered_2026-04-09_04-58-44,5,15,False,False,0.0,0.0,False,False,0.0,0.0,False,False,0.0,0.0,False,False,0.0,0.0
409828_2018-11-20_10-42-45_filtered_2026-04-09_04-58-44,5,16,False,False,0.0,0.0,False,False,0.0,0.0,False,False,0.0,0.0,False,False,0.0,0.0
409828_2018-11-20_10-42-45_filtered_2026-04-09_04-58-44,5,17,False,False,0.0,0.0,False,False,0.0,0.0,False,False,0.0,0.0,False,False,0.0,0.0
409828_2018-11-20_10-42-45_filtered_2026-04-09_04-58-44,5,18,False,False,0.0,0.0,False,False,0.0,0.0,False,False,0.0,0.0,False,False,0.0,0.0
409828_2018-11-20_10-42-45_filtered_2026-04-09_04-58-44,5,19,False,False,0.0,0.0,False,False,0.0,0.0,False,False,0.0,0.0,False,False,0.0,0.0
409828_2018-11-20_10-42-45_filtered_2026-04-09_04-58-44,5,20,False,False,0.0,0.0,False,False,0.0,0.0,False,False,0.0,0.0,False,False,0.0,0.0
409828_2018-11-20_10-42-45_filtered_2026-04-09_04-58-44,5,21,False,False,0.0,0.0,False,False,0.0,0.0,False,False,0.0,0.0,False,False,0.0,0.0
409828_2018-11-20_10-42-45_filtered_2026-04-09_04-58-44,5,22,False,False,0.0,0.0,False,False,0.0,0.0,False,False,0.0,0.0,False,False,0.0,0.0
409828_2018-11-20_10-42-45_filtered_2026-04-09_04-58-44,5,23,False,False,0.0,0.0,False,False,0.0,0.0,False,False,0.0,0.0,False,False,0.0,0.0
409828_2018-11-20_10-42-45_filtered_2026-04-09_04-58-44,5,24,False,False,0.0,0.0,False,False,0.0,0.0,False,False,0.0,0.0,False,False,0.0,0.0
409828_2018-11-20_10-42-45_filtered_2026-04-09_04-58-44,5,25,False,False,0.0,0.0,False,False,0.0,0.0,False,False,0.0,0.0,False,False,0.0,0.0
409828_2018-11-20_10-42-45_filtered_2026-04-09_04-58-44,5,26,False,False,0.0,0.0,False,False,0.0,0.0,False,False,0.0,0.0,False,False,0.0,0.0
409828_2018-11-20_10-42-45_filtered_2026-04-09_04-58-44,5,27,False,False,0.0,0.0,False,False,0.0,0.0,False,False,0.0,0.0,False,False,0.0,0.0
409828_2018-11-20_10-42-45_filtered_2026-04-09_04-58-44,5,28,False,False,0.0,0.0,False,False,0.0,0.0,False,False,0.0,0.0,False,False,0.0,0.0
409828_2018-11-20_10-42-45_filtered_2026-04-09_04-58-44,5,29,False,False,0.0,0.0,False,False,0.0,0.0,False,False,0.0,0.0,False,False,0.0,0.0
409828_2018-11-20_10-42-45_filtered_2026-04-09_04-58-44,5,30,False,False,0.0,0.0,False,False,0.0,0.0,False,False,0.0,0.0,False,False,0.0,0.0
409828_2018-11-20_10-42-45_filtered_2026-04-09_04-58-44,5,31,True,True,86.49000000000001,1.0,False,False,0.0,0.0,False,False,0.0,0.0,False,False,0.0,0.0
409828_2018-11-20_10-42-45_filtered_2026-04-09_04-58-44,5,32,False,False,0.0,0.0,False,False,0.0,0.0,False,False,0.0,0.0,False,False,0.0,0.0
409828_2018-11-20_10-42-45_filtered_2026-04-09_04-58-44,5,33,False,False,0.0,0.0,False,False,0.0,0.0,False,False,0.0,0.0,False,False,0.0,0.0
409828_2018-11-20_10-42-45_filtered_2026-04-09_04-58-44,5,34,False,False,0.0,0.0,False,False,0.0,0.0,False,False,0.0,0.0,False,False,0.0,0.0
409828_2018-11-20_10-42-45_filtered_2026-04-09_04-58-44,5,35,True,True,172.98000000000002,1.0,False,False,0.0,0.0,False,False,0.0,0.0,False,False,0.0,0.0
409828_2018-11-20_10-42-45_filtered_2026-04-09_04-58-44,5,36,False,False,0.0,0.0,False,False,0.0,0.0,False,False,0.0,0.0,False,False,0.0,0.0
409828_2018-11-20_10-42-45_filtered_2026-04-09_04-58-44,5,37,True,False,172.98000000000002,0.5,True,True,86.49000000000001,1.0,True,True,86.49000000000001,1.0,True,True,86.49000000000001,1.0
409828_2018-11-20_10-42-45_filtered_2026-04-09_04-58-44,5,38,False,False,0.0,0.0,False,False,0.0,0.0,False,False,0.0,0.0,False,False,0.0,0.0
409828_2018-11-20_10-42-45_filtered_2026-04-09_04-58-44,5,39,True,False,1037.88,0.16666666666666666,True,True,86.49000000000001,1.0,True,True,86.49000000000001,1.0,True,True,86.49000000000001,1.0
409828_2018-11-20_10-42-45_filtered_2026-04-09_04-58-44,5,40,False,False,0.0,0.0,False,False,0.0,0.0,False,False,0.0,0.0,False,False,0.0,0.0
409828_2018-11-20_10-42-45_filtered_2026-04-09_04-58-44,5,41,False,False,0.0,0.0,True,True,86.49000000000001,1.0,True,True,86.49000000000001,1.0,True,True,86.49000000000001,1.0
409828_2018-11-20_10-42-45_filtered_2026-04-09_04-58-44,5,42,False,False,0.0,0.0,False,False,0.0,0.0,False,False,0.0,0.0,False,False,0.0,0.0
409828_2018-11-20_10-42-45_filtered_2026-04-09_04-58-44,5,43,True,False,259.47,0.6666666666666666,True,True,172.98000000000002,1.0,True,True,172.98000000000002,1.0,True,True,172.98000000000002,1.0
409828_2018-11-20_10-42-45_filtered_2026-04-09_04-58-44,5,44,False,False,0.0,0.0,False,False,0.0,0.0,False,False,0.0,0.0,False,False,0.0,0.0
409828_2018-11-20_10-42-45_filtered_2026-04-09_04-58-44,5,45,False,False,0.0,0.0,False,False,0.0,0.0,False,False,0.0,0.0,False,False,0.0,0.0
409828_2018-11-20_10-42-45_filtered_2026-04-09_04-58-44,5,46,False,False,0.0,0.0,False,False,0.0,0.0,False,False,0.0,0.0,False,False,0.0,0.0
409828_2018-11-20_10-42-45_filtered_2026-04-09_04-58-44,5,47,False,False,0.0,0.0,False,False,0.0,0.0,False,False,0.0,0.0,False,False,0.0,0.0
409828_2018-11-20_10-42-45_filtered_2026-04-09_04-58-44,5,48,False,False,0.0,0.0,False,False,0.0,0.0,False,False,0.0,0.0,False,False,0.0,0.0
409828_2018-11-20_10-42-45_filtered_2026-04-09_04-58-44,5,49,False,False,0.0,0.0,False,False,0.0,0.0,False,False,0.0,0.0,False,False,0.0,0.0
409828_2018-11-20_10-42-45_filtered_2026-04-09_04-58-44,5,50,False,False,0.0,0.0,False,False,0.0,0.0,False,False,0.0,0.0,False,False,0.0,0.0
409828_2018-11-20_10-42-45_filtered_2026-04-09_04-58-44,5,51,False,False,0.0,0.0,False,False,0.0,0.0,False,False,0.0,0.0,False,False,0.0,0.0
409828_2018-11-20_10-42-45_filtered_2026-04-09_04-58-44,5,52,False,False,0.0,0.0,False,False,0.0,0.0,False,False,0.0,0.0,False,False,0.0,0.0
409828_2018-11-20_10-42-45_filtered_2026-04-09_04-58-44,5,53,False,False,0.0,0.0,False,False,0.0,0.0,False,False,0.0,0.0,False,False,0.0,0.0
409828_2018-11-20_10-42-45_filtered_2026-04-09_04-58-44,5,54,False,False,0.0,0.0,False,False,0.0,0.0,False,False,0.0,0.0,False,False,0.0,0.0
409828_2018-11-20_10-42-45_filtered_2026-04-09_04-58-44,5,55,False,False,0.0,0.0,False,False,0.0,0.0,False,False,0.0,0.0,False,False,0.0,0.0
409828_2018-11-20_10-42-45_filtered_2026-04-09_04-58-44,5,56,False,False,0.0,0.0,False,False,0.0,0.0,False,False,0.0,0.0,False,False,0.0,0.0
409828_2018-11-20_10-42-45_filtered_2026-04-09_04-58-44,5,57,False,False,0.0,0.0,False,False,0.0,0.0,False,False,0.0,0.0,False,False,0.0,0.0
409828_2018-11-20_10-42-45_filtered_2026-04-09_04-58-44,5,58,False,False,0.0,0.0,False,False,0.0,0.0,False,False,0.0,0.0,False,False,0.0,0.0
409828_2018-11-20_10-42-45_filtered_2026-04-09_04-58-44,5,59,False,False,0.0,0.0,False,False,0.0,0.0,False,False,0.0,0.0,False,False,0.0,0.0
409828_2018-11-20_10-42-45_filtered_2026-04-09_04-58-44,5,60,False,False,0.0,0.0,False,False,0.0,0.0,False,False,0.0,0.0,False,False,0.0,0.0
409828_2018-11-20_10-42-45_filtered_2026-04-09_04-58-44,5,61,False,False,0.0,0.0,False,False,0.0,0.0,False,False,0.0,0.0,False,False,0.0,0.0
409828_2018-11-20_10-42-45_filtered_2026-04-09_04-58-44,5,62,False,False,0.0,0.0,False,False,0.0,0.0,False,False,0.0,0.0,False,False,0.0,0.0
409828_2018-11-20_10-42-45_filtered_2026-04-09_04-58-44,5,63,True,True,86.49000000000001,1.0,True,True,86.49000000000001,1.0,True,True,86.49000000000001,1.0,True,True,86.49000000000001,1.0
409828_2018-11-20_10-42-45_filtered_2026-04-09_04-58-44,5,64,False,False,0.0,0.0,False,False,0.0,0.0,False,False,0.0,0.0,False,False,0.0,0.0
409828_2018-11-20_10-42-45_filtered_2026-04-09_04-58-44,5,65,False,False,0.0,0.0,False,False,0.0,0.0,False,False,0.0,0.0,False,False,0.0,0.0
409828_2018-11-20_10-42-45_filtered_2026-04-09_04-58-44,5,66,False,False,0.0,0.0,False,False,0.0,0.0,False,False,0.0,0.0,False,False,0.0,0.0
409828_2018-11-20_10-42-45_filtered_2026-04-09_04-58-44,5,67,False,False,0.0,0.0,False,False,0.0,0.0,False,False,0.0,0.0,False,False,0.0,0.0
409828_2018-11-20_10-42-45_filtered_2026-04-09_04-58-44,5,68,False,False,0.0,0.0,False,False,0.0,0.0,False,False,0.0,0.0,False,False,0.0,0.0
409828_2018-11-20_10-42-45_filtered_2026-04-09_04-58-44,5,70,False,False,0.0,0.0,False,False,0.0,0.0,False,False,0.0,0.0,False,False,0.0,0.0
409828_2018-11-20_10-42-45_filtered_2026-04-09_04-58-44,5,71,False,False,0.0,0.0,False,False,0.0,0.0,False,False,0.0,0.0,False,False,0.0,0.0
409828_2018-11-20_10-42-45_filtered_2026-04-09_04-58-44,5,72,False,False,0.0,0.0,True,True,86.49000000000001,1.0,True,True,86.49000000000001,1.0,True,True,86.49000000000001,1.0
409828_2018-11-20_10-42-45_filtered_2026-04-09_04-58-44,5,73,False,False,0.0,0.0,False,False,0.0,0.0,False,False,0.0,0.0,False,False,0.0,0.0
409828_2018-11-20_10-42-45_filtered_2026-04-09_04-58-44,5,74,False,False,0.0,0.0,False,False,0.0,0.0,False,False,0.0,0.0,False,False,0.0,0.0
409828_2018-11-20_10-42-45_filtered_2026-04-09_04-58-44,5,75,False,False,0.0,0.0,False,False,0.0,0.0,False,False,0.0,0.0,False,False,0.0,0.0
409828_2018-11-20_10-42-45_filtered_2026-04-09_04-58-44,5,76,True,False,259.47,0.6666666666666666,False,False,0.0,0.0,False,False,0.0,0.0,False,False,0.0,0.0
409828_2018-11-20_10-42-45_filtered_2026-04-09_04-58-44,5,77,False,False,0.0,0.0,False,False,0.0,0.0,False,False,0.0,0.0,False,False,0.0,0.0
409828_2018-11-20_10-42-45_filtered_2026-04-09_04-58-44,5,78,False,False,0.0,0.0,False,False,0.0,0.0,False,False,0.0,0.0,False,False,0.0,0.0
409828_2018-11-20_10-42-45_filtered_2026-04-09_04-58-44,5,79,False,False,0.0,0.0,False,False,0.0,0.0,False,False,0.0,0.0,False,False,0.0,0.0
409828_2018-11-20_10-42-45_filtered_2026-04-09_04-58-44,5,81,False,False,0.0,0.0,False,False,0.0,0.0,False,False,0.0,0.0,False,False,0.0,0.0
409828_2018-11-20_10-42-45_filtered_2026-04-09_04-58-44,5,82,False,False,0.0,0.0,False,False,0.0,0.0,False,False,0.0,0.0,False,False,0.0,0.0
409828_2018-11-20_10-42-45_filtered_2026-04-09_04-58-44,5,83,False,False,0.0,0.0,False,False,0.0,0.0,False,False,0.0,0.0,False,False,0.0,0.0
409828_2018-11-20_10-42-45_filtered_2026-04-09_04-58-44,5,84,False,False,0.0,0.0,False,False,0.0,0.0,False,False,0.0,0.0,False,False,0.0,0.0
409828_2018-11-20_10-42-45_filtered_2026-04-09_04-58-44,5,85,False,False,0.0,0.0,False,False,0.0,0.0,False,False,0.0,0.0,False,False,0.0,0.0
409828_2018-11-20_10-42-45_filtered_2026-04-09_04-58-44,5,86,False,False,0.0,0.0,False,False,0.0,0.0,False,False,0.0,0.0,False,False,0.0,0.0
409828_2018-11-20_10-42-45_filtered_2026-04-09_04-58-44,5,87,False,False,0.0,0.0,False,False,0.0,0.0,False,False,0.0,0.0,False,False,0.0,0.0
409828_2018-11-20_10-42-45_filtered_2026-04-09_04-58-44,5,88,True,True,86.49000000000001,1.0,True,True,86.49000000000001,1.0,True,True,86.49000000000001,1.0,True,True,86.49000000000001,1.0
409828_2018-11-20_10-42-45_filtered_2026-04-09_04-58-44,5,90,False,False,0.0,0.0,False,False,0.0,0.0,False,False,0.0,0.0,False,False,0.0,0.0
409828_2018-11-20_10-42-45_filtered_2026-04-09_04-58-44,5,91,False,False,0.0,0.0,False,False,0.0,0.0,False,False,0.0,0.0,False,False,0.0,0.0
409828_2018-11-20_10-42-45_filtered_2026-04-09_04-58-44,5,93,False,False,0.0,0.0,False,False,0.0,0.0,False,False,0.0,0.0,False,False,0.0,0.0
409828_2018-11-20_10-42-45_filtered_2026-04-09_04-58-44,5,94,False,False,0.0,0.0,False,False,0.0,0.0,False,False,0.0,0.0,False,False,0.0,0.0
409828_2018-11-20_10-42-45_filtered_2026-04-09_04-58-44,5,95,False,False,0.0,0.0,False,False,0.0,0.0,False,False,0.0,0.0,False,False,0.0,0.0
409828_2018-11-20_10-42-45_filtered_2026-04-09_04-58-44,5,96,False,False,0.0,0.0,False,False,0.0,0.0,False,False,0.0,0.0,False,False,0.0,0.0
409828_2018-11-20_10-42-45_filtered_2026-04-09_04-58-44,5,97,False,False,0.0,0.0,False,False,0.0,0.0,False,False,0.0,0.0,False,False,0.0,0.0
409828_2018-11-20_10-42-45_filtered_2026-04-09_04-58-44,5,98,False,False,0.0,0.0,False,False,0.0,0.0,False,False,0.0,0.0,False,False,0.0,0.0
409828_2018-11-20_10-42-45_filtered_2026-04-09_04-58-44,5,99,False,False,0.0,0.0,False,False,0.0,0.0,False,False,0.0,0.0,False,False,0.0,0.0
409828_2018-11-20_10-42-45_filtered_2026-04-09_04-58-44,5,100,False,False,0.0,0.0,False,False,0.0,0.0,False,False,0.0,0.0,False,False,0.0,0.0
409828_2018-11-20_10-42-45_filtered_2026-04-09_04-58-44,5,101,False,False,0.0,0.0,False,False,0.0,0.0,False,False,0.0,0.0,False,False,0.0,0.0
409828_2018-11-20_10-42-45_filtered_2026-04-09_04-58-44,5,102,False,False,0.0,0.0,False,False,0.0,0.0,False,False,0.0,0.0,False,False,0.0,0.0
409828_2018-11-20_10-42-45_filtered_2026-04-09_04-58-44,5,104,False,False,0.0,0.0,False,False,0.0,0.0,False,False,0.0,0.0,False,False,0.0,0.0
409828_2018-11-20_10-42-45_filtered_2026-04-09_04-58-44,5,105,False,False,0.0,0.0,False,False,0.0,0.0,False,False,0.0,0.0,False,False,0.0,0.0
409828_2018-11-20_10-42-45_filtered_2026-04-09_04-58-44,5,106,False,False,0.0,0.0,False,False,0.0,0.0,False,False,0.0,0.0,False,False,0.0,0.0
409828_2018-11-20_10-42-45_filtered_2026-04-09_04-58-44,5,107,False,False,0.0,0.0,False,False,0.0,0.0,False,False,0.0,0.0,False,False,0.0,0.0
409828_2018-11-20_10-42-45_filtered_2026-04-09_04-58-44,5,108,False,False,0.0,0.0,False,False,0.0,0.0,False,False,0.0,0.0,False,False,0.0,0.0
409828_2018-11-20_10-42-45_filtered_2026-04-09_04-58-44,5,109,False,False,0.0,0.0,False,False,0.0,0.0,False,False,0.0,0.0,False,False,0.0,0.0
409828_2018-11-20_10-42-45_filtered_2026-04-09_04-58-44,5,110,False,False,0.0,0.0,False,False,0.0,0.0,False,False,0.0,0.0,False,False,0.0,0.0
409828_2018-11-20_10-42-45_filtered_2026-04-09_04-58-44,5,112,False,False,0.0,0.0,False,False,0.0,0.0,False,False,0.0,0.0,False,False,0.0,0.0
409828_2018-11-20_10-42-45_filtered_2026-04-09_04-58-44,5,114,False,False,0.0,0.0,False,False,0.0,0.0,False,False,0.0,0.0,False,False,0.0,0.0
409828_2018-11-20_10-42-45_filtered_2026-04-09_04-58-44,5,116,False,False,0.0,0.0,False,False,0.0,0.0,False,False,0.0,0.0,False,False,0.0,0.0
409828_2018-11-20_10-42-45_filtered_2026-04-09_04-58-44,5,117,True,False,259.47,0.3333333333333333,False,False,0.0,0.0,False,False,0.0,0.0,False,False,0.0,0.0
409828_2018-11-20_10-42-45_filtered_2026-04-09_04-58-44,5,118,False,False,0.0,0.0,True,True,86.49000000000001,1.0,True,True,86.49000000000001,1.0,True,True,86.49000000000001,1.0
409828_2018-11-20_10-42-45_filtered_2026-04-09_04-58-44,5,120,False,False,0.0,0.0,False,False,0.0,0.0,False,False,0.0,0.0,False,False,0.0,0.0
409828_2018-11-20_10-42-45_filtered_2026-04-09_04-58-44,5,121,False,False,0.0,0.0,False,False,0.0,0.0,False,False,0.0,0.0,False,False,0.0,0.0
409828_2018-11-20_10-42-45_filtered_2026-04-09_04-58-44,5,122,False,False,0.0,0.0,False,False,0.0,0.0,False,False,0.0,0.0,False,False,0.0,0.0
409828_2018-11-20_10-42-45_filtered_2026-04-09_04-58-44,5,123,False,False,0.0,0.0,False,False,0.0,0.0,False,False,0.0,0.0,False,False,0.0,0.0
409828_2018-11-20_10-42-45_filtered_2026-04-09_04-58-44,5,124,False,False,0.0,0.0,False,False,0.0,0.0,False,False,0.0,0.0,False,False,0.0,0.0
409828_2018-11-20_10-42-45_filtered_2026-04-09_04-58-44,5,126,False,False,0.0,0.0,False,False,0.0,0.0,False,False,0.0,0.0,False,False,0.0,0.0
409828_2018-11-20_10-42-45_filtered_2026-04-09_04-58-44,5,127,False,False,0.0,0.0,False,False,0.0,0.0,False,False,0.0,0.0,False,False,0.0,0.0
409828_2018-11-20_10-42-45_filtered_2026-04-09_04-58-44,5,128,False,False,0.0,0.0,False,False,0.0,0.0,False,False,0.0,0.0,False,False,0.0,0.0
409828_2018-11-20_10-42-45_filtered_2026-04-09_04-58-44,5,129,True,True,86.49000000000001,1.0,True,True,86.49000000000001,1.0,True,True,86.49000000000001,1.0,True,True,86.49000000000001,1.0
409828_2018-11-20_10-42-45_filtered_2026-04-09_04-58-44,5,130,False,False,0.0,0.0,False,False,0.0,0.0,False,False,0.0,0.0,False,False,0.0,0.0
409828_2018-11-20_10-42-45_filtered_2026-04-09_04-58-44,5,131,False,False,0.0,0.0,False,False,0.0,0.0,False,False,0.0,0.0,False,False,0.0,0.0
409828_2018-11-20_10-42-45_filtered_2026-04-09_04-58-44,5,132,False,False,0.0,0.0,False,False,0.0,0.0,False,False,0.0,0.0,False,False,0.0,0.0
409828_2018-11-20_10-42-45_filtered_2026-04-09_04-58-44,5,133,True,True,86.49000000000001,1.0,False,False,0.0,0.0,False,False,0.0,0.0,False,False,0.0,0.0
409828_2018-11-20_10-42-45_filtered_2026-04-09_04-58-44,5,134,False,False,0.0,0.0,False,False,0.0,0.0,False,False,0.0,0.0,False,False,0.0,0.0
409828_2018-11-20_10-42-45_filtered_2026-04-09_04-58-44,5,135,False,False,0.0,0.0,False,False,0.0,0.0,False,False,0.0,0.0,False,False,0.0,0.0
409828_2018-11-20_10-42-45_filtered_2026-04-09_04-58-44,5,136,False,False,0.0,0.0,False,False,0.0,0.0,False,False,0.0,0.0,False,False,0.0,0.0
409828_2018-11-20_10-42-45_filtered_2026-04-09_04-58-44,5,137,False,False,0.0,0.0,False,False,0.0,0.0,False,False,0.0,0.0,False,False,0.0,0.0
409828_2018-11-20_10-42-45_filtered_2026-04-09_04-58-44,5,141,False,False,0.0,0.0,False,False,0.0,0.0,False,False,0.0,0.0,False,False,0.0,0.0
409828_2018-11-20_10-42-45_filtered_2026-04-09_04-58-44,5,142,False,False,0.0,0.0,False,False,0.0,0.0,False,False,0.0,0.0,False,False,0.0,0.0
409828_2018-11-20_10-42-45_filtered_2026-04-09_04-58-44,5,144,False,False,0.0,0.0,False,False,0.0,0.0,False,False,0.0,0.0,False,False,0.0,0.0
409828_2018-11-20_10-42-45_filtered_2026-04-09_04-58-44,5,145,False,False,0.0,0.0,False,False,0.0,0.0,False,False,0.0,0.0,False,False,0.0,0.0
409828_2018-11-20_10-42-45_filtered_2026-04-09_04-58-44,5,146,True,False,518.94,0.3333333333333333,True,True,86.49000000000001,1.0,True,True,86.49000000000001,1.0,True,True,86.49000000000001,1.0
409828_2018-11-20_10-42-45_filtered_2026-04-09_04-58-44,5,147,False,False,0.0,0.0,False,False,0.0,0.0,False,False,0.0,0.0,False,False,0.0,0.0
409828_2018-11-20_10-42-45_filtered_2026-04-09_04-58-44,5,148,False,False,0.0,0.0,False,False,0.0,0.0,False,False,0.0,0.0,False,False,0.0,0.0
409828_2018-11-20_10-42-45_filtered_2026-04-09_04-58-44,5,150,False,False,0.0,0.0,False,False,0.0,0.0,False,False,0.0,0.0,False,False,0.0,0.0
409828_2018-11-20_10-42-45_filtered_2026-04-09_04-58-44,5,151,False,False,0.0,0.0,False,False,0.0,0.0,False,False,0.0,0.0,False,False,0.0,0.0
409828_2018-11-20_10-42-45_filtered_2026-04-09_04-58-44,5,152,False,False,0.0,0.0,False,False,0.0,0.0,False,False,0.0,0.0,False,False,0.0,0.0
409828_2018-11-20_10-42-45_filtered_2026-04-09_04-58-44,5,153,False,False,0.0,0.0,False,False,0.0,0.0,False,False,0.0,0.0,False,False,0.0,0.0
409828_2018-11-20_10-42-45_filtered_2026-04-09_04-58-44,5,155,False,False,0.0,0.0,False,False,0.0,0.0,False,False,0.0,0.0,False,False,0.0,0.0
409828_2018-11-20_10-42-45_filtered_2026-04-09_04-58-44,5,156,False,False,0.0,0.0,False,False,0.0,0.0,False,False,0.0,0.0,False,False,0.0,0.0
409828_2018-11-20_10-42-45_filtered_2026-04-09_04-58-44,5,157,False,False,0.0,0.0,False,False,0.0,0.0,False,False,0.0,0.0,False,False,0.0,0.0
409828_2018-11-20_10-42-45_filtered_2026-04-09_04-58-44,5,158,False,False,0.0,0.0,False,False,0.0,0.0,False,False,0.0,0.0,False,False,0.0,0.0
409828_2018-11-20_10-42-45_filtered_2026-04-09_04-58-44,5,159,False,False,0.0,0.0,False,False,0.0,0.0,False,False,0.0,0.0,False,False,0.0,0.0
409828_2018-11-20_10-42-45_filtered_2026-04-09_04-58-44,5,160,False,False,0.0,0.0,False,False,0.0,0.0,False,False,0.0,0.0,False,False,0.0,0.0
409828_2018-11-20_10-42-45_filtered_2026-04-09_04-58-44,5,161,False,False,0.0,0.0,False,False,0.0,0.0,False,False,0.0,0.0,False,False,0.0,0.0
409828_2018-11-20_10-42-45_filtered_2026-04-09_04-58-44,5,162,False,False,0.0,0.0,False,False,0.0,0.0,False,False,0.0,0.0,False,False,0.0,0.0
409828_2018-11-20_10-42-45_filtered_2026-04-09_04-58-44,5,163,False,False,0.0,0.0,False,False,0.0,0.0,False,False,0.0,0.0,False,False,0.0,0.0
409828_2018-11-20_10-42-45_filtered_2026-04-09_04-58-44,5,164,False,False,0.0,0.0,False,False,0.0,0.0,False,False,0.0,0.0,False,False,0.0,0.0
409828_2018-11-20_10-42-45_filtered_2026-04-09_04-58-44,5,165,False,False,0.0,0.0,False,False,0.0,0.0,False,False,0.0,0.0,False,False,0.0,0.0
409828_2018-11-20_10-42-45_filtered_2026-04-09_04-58-44,5,166,False,False,0.0,0.0,False,False,0.0,0.0,False,False,0.0,0.0,False,False,0.0,0.0
409828_2018-11-20_10-42-45_filtered_2026-04-09_04-58-44,5,167,False,False,0.0,0.0,False,False,0.0,0.0,False,False,0.0,0.0,False,False,0.0,0.0
409828_2018-11-20_10-42-45_filtered_2026-04-09_04-58-44,5,168,False,False,0.0,0.0,False,False,0.0,0.0,False,False,0.0,0.0,False,False,0.0,0.0
409828_2018-11-20_10-42-45_filtered_2026-04-09_04-58-44,5,170,False,False,0.0,0.0,False,False,0.0,0.0,False,False,0.0,0.0,False,False,0.0,0.0
409828_2018-11-20_10-42-45_filtered_2026-04-09_04-58-44,5,172,False,False,0.0,0.0,False,False,0.0,0.0,False,False,0.0,0.0,False,False,0.0,0.0
409828_2018-11-20_10-42-45_filtered_2026-04-09_04-58-44,5,174,False,False,0.0,0.0,False,False,0.0,0.0,False,False,0.0,0.0,False,False,0.0,0.0
409828_2018-11-20_10-42-45_filtered_2026-04-09_04-58-44,5,175,False,False,0.0,0.0,False,False,0.0,0.0,False,False,0.0,0.0,False,False,0.0,0.0
409828_2018-11-20_10-42-45_filtered_2026-04-09_04-58-44,5,176,False,False,0.0,0.0,False,False,0.0,0.0,False,False,0.0,0.0,False,False,0.0,0.0
409828_2018-11-20_10-42-45_filtered_2026-04-09_04-58-44,5,177,False,False,0.0,0.0,False,False,0.0,0.0,False,False,0.0,0.0,False,False,0.0,0.0
409828_2018-11-20_10-42-45_filtered_2026-04-09_04-58-44,5,178,False,False,0.0,0.0,False,False,0.0,0.0,False,False,0.0,0.0,False,False,0.0,0.0
409828_2018-11-20_10-42-45_filtered_2026-04-09_04-58-44,5,180,False,False,0.0,0.0,False,False,0.0,0.0,False,False,0.0,0.0,False,False,0.0,0.0
409828_2018-11-20_10-42-45_filtered_2026-04-09_04-58-44,5,181,False,False,0.0,0.0,False,False,0.0,0.0,False,False,0.0,0.0,False,False,0.0,0.0
409828_2018-11-20_10-42-45_filtered_2026-04-09_04-58-44,5,184,False,False,0.0,0.0,False,False,0.0,0.0,False,False,0.0,0.0,False,False,0.0,0.0
409828_2018-11-20_10-42-45_filtered_2026-04-09_04-58-44,5,187,False,False,0.0,0.0,False,False,0.0,0.0,False,False,0.0,0.0,False,False,0.0,0.0
409828_2018-11-20_10-42-45_filtered_2026-04-09_04-58-44,5,188,False,False,0.0,0.0,False,False,0.0,0.0,False,False,0.0,0.0,False,False,0.0,0.0
409828_2018-11-20_10-42-45_filtered_2026-04-09_04-58-44,5,190,True,True,86.49000000000001,1.0,True,True,86.49000000000001,1.0,False,False,0.0,0.0,False,False,0.0,0.0
409828_2018-11-20_10-42-45_filtered_2026-04-09_04-58-44,5,193,False,False,0.0,0.0,False,False,0.0,0.0,False,False,0.0,0.0,False,False,0.0,0.0
409828_2018-11-20_10-42-45_filtered_2026-04-09_04-58-44,5,194,False,False,0.0,0.0,False,False,0.0,0.0,False,False,0.0,0.0,False,False,0.0,0.0
409828_2018-11-20_10-42-45_filtered_2026-04-09_04-58-44,5,195,False,False,0.0,0.0,False,False,0.0,0.0,False,False,0.0,0.0,False,False,0.0,0.0
409828_2018-11-20_10-42-45_filtered_2026-04-09_04-58-44,5,196,False,False,0.0,0.0,False,False,0.0,0.0,False,False,0.0,0.0,False,False,0.0,0.0
409828_2018-11-20_10-42-45_filtered_2026-04-09_04-58-44,5,197,False,False,0.0,0.0,False,False,0.0,0.0,False,False,0.0,0.0,False,False,0.0,0.0
409828_2018-11-20_10-42-45_filtered_2026-04-09_04-58-44,5,199,False,False,0.0,0.0,False,False,0.0,0.0,False,False,0.0,0.0,False,False,0.0,0.0
409828_2018-11-20_10-42-45_filtered_2026-04-09_04-58-44,5,203,False,False,0.0,0.0,False,False,0.0,0.0,False,False,0.0,0.0,False,False,0.0,0.0
409828_2018-11-20_10-42-45_filtered_2026-04-09_04-58-44,5,205,False,False,0.0,0.0,False,False,0.0,0.0,False,False,0.0,0.0,False,False,0.0,0.0
409828_2018-11-20_10-42-45_filtered_2026-04-09_04-58-44,5,206,False,False,0.0,0.0,False,False,0.0,0.0,False,False,0.0,0.0,False,False,0.0,0.0
409828_2018-11-20_10-42-45_filtered_2026-04-09_04-58-44,5,207,False,False,0.0,0.0,False,False,0.0,0.0,False,False,0.0,0.0,False,False,0.0,0.0
409828_2018-11-20_10-42-45_filtered_2026-04-09_04-58-44,5,213,False,False,0.0,0.0,False,False,0.0,0.0,False,False,0.0,0.0,False,False,0.0,0.0
409828_2018-11-20_10-42-45_filtered_2026-04-09_04-58-44,5,214,False,False,0.0,0.0,False,False,0.0,0.0,False,False,0.0,0.0,False,False,0.0,0.0
409828_2018-11-20_10-42-45_filtered_2026-04-09_04-58-44,5,215,False,False,0.0,0.0,False,False,0.0,0.0,False,False,0.0,0.0,False,False,0.0,0.0
409828_2018-11-20_10-42-45_filtered_2026-04-09_04-58-44,5,217,False,False,0.0,0.0,False,False,0.0,0.0,False,False,0.0,0.0,False,False,0.0,0.0
409828_2018-11-20_10-42-45_filtered_2026-04-09_04-58-44,5,218,False,False,0.0,0.0,False,False,0.0,0.0,False,False,0.0,0.0,False,False,0.0,0.0
409828_2018-11-20_10-42-45_filtered_2026-04-09_04-58-44,5,219,False,False,0.0,0.0,False,False,0.0,0.0,False,False,0.0,0.0,False,False,0.0,0.0
409828_2018-11-20_10-42-45_filtered_2026-04-09_04-58-44,5,223,False,False,0.0,0.0,False,False,0.0,0.0,False,False,0.0,0.0,False,False,0.0,0.0
409828_2018-11-20_10-42-45_filtered_2026-04-09_04-58-44,5,225,False,False,0.0,0.0,False,False,0.0,0.0,False,False,0.0,0.0,False,False,0.0,0.0
409828_2018-11-20_10-42-45_filtered_2026-04-09_04-58-44,5,230,False,False,0.0,0.0,False,False,0.0,0.0,False,False,0.0,0.0,False,False,0.0,0.0
409828_2018-11-20_10-42-45_filtered_2026-04-09_04-58-44,5,231,False,False,0.0,0.0,False,False,0.0,0.0,False,False,0.0,0.0,False,False,0.0,0.0
409828_2018-11-20_10-42-45_filtered_2026-04-09_04-58-44,5,235,False,False,0.0,0.0,False,False,0.0,0.0,False,False,0.0,0.0,False,False,0.0,0.0
409828_2018-11-20_10-42-45_filtered_2026-04-09_04-58-44,5,236,False,False,0.0,0.0,False,False,0.0,0.0,False,False,0.0,0.0,False,False,0.0,0.0
409828_2018-11-20_10-42-45_filtered_2026-04-09_04-58-44,5,239,False,False,0.0,0.0,False,False,0.0,0.0,False,False,0.0,0.0,False,False,0.0,0.0
409828_2018-11-20_10-42-45_filtered_2026-04-09_04-58-44,5,245,False,False,0.0,0.0,False,False,0.0,0.0,False,False,0.0,0.0,False,False,0.0,0.0
409828_2018-11-20_10-42-45_filtered_2026-04-09_04-58-44,5,250,False,False,0.0,0.0,False,False,0.0,0.0,False,False,0.0,0.0,False,False,0.0,0.0
409828_2018-11-20_10-42-45_filtered_2026-04-09_04-58-44,5,251,False,False,0.0,0.0,False,False,0.0,0.0,False,False,0.0,0.0,False,False,0.0,0.0
409828_2018-11-20_10-42-45_filtered_2026-04-09_04-58-44,5,260,False,False,0.0,0.0,False,False,0.0,0.0,False,False,0.0,0.0,False,False,0.0,0.0
409828_2018-11-20_10-42-45_filtered_2026-04-09_04-58-44,5,269,False,False,0.0,0.0,False,False,0.0,0.0,False,False,0.0,0.0,False,False,0.0,0.0
409828_2018-11-20_10-42-45_filtered_2026-04-09_04-58-44,5,272,False,False,0.0,0.0,False,False,0.0,0.0,False,False,0.0,0.0,False,False,0.0,0.0
409828_2018-11-20_10-42-45_filtered_2026-04-09_04-58-44,5,282,False,False,0.0,0.0,False,False,0.0,0.0,False,False,0.0,0.0,False,False,0.0,0.0
409828_2018-11-20_10-42-45_filtered_2026-04-09_04-58-44,5,294,False,False,0.0,0.0,False,False,0.0,0.0,False,False,0.0,0.0,False,False,0.0,0.0
409828_2018-11-20_10-42-45_filtered_2026-04-09_04-58-44,5,308,False,False,0.0,0.0,False,False,0.0,0.0,False,False,0.0,0.0,False,False,0.0,0.0
409828_2018-11-20_10-42-45_filtered_2026-04-09_04-58-44,5,309,False,False,0.0,0.0,False,False,0.0,0.0,False,False,0.0,0.0,False,False,0.0,0.0
409828_2018-11-20_10-42-45_filtered_2026-04-09_04-58-44,5,330,False,False,0.0,0.0,False,False,0.0,0.0,False,False,0.0,0.0,False,False,0.0,0.0
409828_2018-11-20_10-42-45_filtered_2026-04-09_04-58-44,5,333,False,False,0.0,0.0,False,False,0.0,0.0,False,False,0.0,0.0,False,False,0.0,0.0
409828_2018-11-20_10-42-45_filtered_2026-04-09_04-58-44,5,335,False,False,0.0,0.0,False,False,0.0,0.0,False,False,0.0,0.0,False,False,0.0,0.0
409828_2018-11-20_10-42-45_filtered_2026-04-09_04-58-44,5,349,False,False,0.0,0.0,False,False,0.0,0.0,False,False,0.0,0.0,False,False,0.0,0.0
409828_2018-11-20_10-42-45_filtered_2026-04-09_04-58-44,5,363,True,True,86.49000000000001,1.0,True,True,86.49000000000001,1.0,True,True,86.49000000000001,1.0,True,True,86.49000000000001,1.0
409828_2018-11-20_10-42-45_filtered_2026-04-09_04-58-44,5,459,False,False,0.0,0.0,False,False,0.0,0.0,False,False,0.0,0.0,False,False,0.0,0.0
409828_2018-11-20_10-42-45_filtered_2026-04-09_04-58-44,5,471,False,False,0.0,0.0,False,False,0.0,0.0,False,False,0.0,0.0,False,False,0.0,0.0
409828_2018-11-20_10-42-45_filtered_2026-04-09_04-58-44,5,477,False,False,0.0,0.0,False,False,0.0,0.0,False,False,0.0,0.0,False,False,0.0,0.0
