session,plane,roi,dt,has_rf_on_dff_1f,has_rf_off_dff_1f,n_comp_on_dff_1f,n_comp_off_dff_1f,largest_frac_on_dff_1f,largest_frac_off_dff_1f,has_rf_on_dff_2f,has_rf_off_dff_2f,n_comp_on_dff_2f,n_comp_off_dff_2f,largest_frac_on_dff_2f,largest_frac_off_dff_2f,has_rf_on_dff_4f,has_rf_off_dff_4f,n_comp_on_dff_4f,n_comp_off_dff_4f,largest_frac_on_dff_4f,largest_frac_off_dff_4f,has_rf_on_events_1f,has_rf_off_events_1f,n_comp_on_events_1f,n_comp_off_events_1f,largest_frac_on_events_1f,largest_frac_off_events_1f,has_rf_on_events_2f,has_rf_off_events_2f,n_comp_on_events_2f,n_comp_off_events_2f,largest_frac_on_events_2f,largest_frac_off_events_2f,has_rf_on_events_4f,has_rf_off_events_4f,n_comp_on_events_4f,n_comp_off_events_4f,largest_frac_on_events_4f,largest_frac_off_events_4f
409828_2018-11-06_14-02-59_filtered_2026-04-09_04-59-00,0,0,0.16122999999993226,False,False,0,0,0.0,0.0,False,False,0,0,0.0,0.0,False,False,0,0,0.0,0.0,False,False,0,0,0.0,0.0,False,False,0,0,0.0,0.0,False,False,0,0,0.0,0.0
409828_2018-11-06_14-02-59_filtered_2026-04-09_04-59-00,0,1,0.16122999999993226,False,False,0,0,0.0,0.0,False,False,0,0,0.0,0.0,True,False,1,0,1.0,0.0,False,False,0,0,0.0,0.0,False,False,0,0,0.0,0.0,False,False,0,0,0.0,0.0
409828_2018-11-06_14-02-59_filtered_2026-04-09_04-59-00,0,2,0.16122999999993226,False,False,0,0,0.0,0.0,False,False,0,0,0.0,0.0,True,False,1,0,1.0,0.0,False,False,0,0,0.0,0.0,False,False,0,0,0.0,0.0,True,False,1,0,1.0,0.0
409828_2018-11-06_14-02-59_filtered_2026-04-09_04-59-00,0,4,0.16122999999993226,False,False,0,0,0.0,0.0,False,False,0,0,0.0,0.0,False,False,0,0,0.0,0.0,False,False,0,0,0.0,0.0,False,False,0,0,0.0,0.0,False,False,0,0,0.0,0.0
409828_2018-11-06_14-02-59_filtered_2026-04-09_04-59-00,0,5,0.16122999999993226,False,False,0,0,0.0,0.0,False,False,0,0,0.0,0.0,False,False,0,0,0.0,0.0,False,False,0,0,0.0,0.0,False,False,0,0,0.0,0.0,False,False,0,0,0.0,0.0
409828_2018-11-06_14-02-59_filtered_2026-04-09_04-59-00,0,7,0.16122999999993226,False,False,0,0,0.0,0.0,False,False,0,0,0.0,0.0,False,False,0,0,0.0,0.0,False,False,0,0,0.0,0.0,False,False,0,0,0.0,0.0,False,False,0,0,0.0,0.0
409828_2018-11-06_14-02-59_filtered_2026-04-09_04-59-00,0,9,0.16122999999993226,False,False,0,0,0.0,0.0,True,False,1,0,1.0,0.0,True,True,1,1,1.0,1.0,False,False,0,0,0.0,0.0,True,False,1,0,1.0,0.0,False,False,0,0,0.0,0.0
409828_2018-11-06_14-02-59_filtered_2026-04-09_04-59-00,0,65,0.16122999999993226,False,False,0,0,0.0,0.0,True,True,1,1,1.0,1.0,True,False,1,0,1.0,0.0,False,False,0,0,0.0,0.0,False,False,0,0,0.0,0.0,False,False,0,0,0.0,0.0
409828_2018-11-06_14-02-59_filtered_2026-04-09_04-59-00,0,149,0.16122999999993226,False,False,0,0,0.0,0.0,False,False,0,0,0.0,0.0,False,False,0,0,0.0,0.0,False,False,0,0,0.0,0.0,False,False,0,0,0.0,0.0,False,False,0,0,0.0,0.0
409828_2018-11-06_14-02-59_filtered_2026-04-09_04-59-00,1,0,0.16122999999993226,False,False,0,0,0.0,0.0,False,False,0,0,0.0,0.0,False,False,0,0,0.0,0.0,False,False,0,0,0.0,0.0,False,False,0,0,0.0,0.0,False,False,0,0,0.0,0.0
409828_2018-11-06_14-02-59_filtered_2026-04-09_04-59-00,1,1,0.16122999999993226,False,False,0,0,0.0,0.0,False,False,0,0,0.0,0.0,False,False,0,0,0.0,0.0,False,False,0,0,0.0,0.0,False,False,0,0,0.0,0.0,False,False,0,0,0.0,0.0
409828_2018-11-06_14-02-59_filtered_2026-04-09_04-59-00,1,2,0.16122999999993226,False,False,0,0,0.0,0.0,False,False,0,0,0.0,0.0,False,False,0,0,0.0,0.0,False,False,0,0,0.0,0.0,False,False,0,0,0.0,0.0,False,False,0,0,0.0,0.0
409828_2018-11-06_14-02-59_filtered_2026-04-09_04-59-00,1,3,0.16122999999993226,False,False,0,0,0.0,0.0,False,False,0,0,0.0,0.0,True,True,1,1,1.0,1.0,False,False,0,0,0.0,0.0,False,False,0,0,0.0,0.0,False,True,0,2,0.0,0.5
409828_2018-11-06_14-02-59_filtered_2026-04-09_04-59-00,1,4,0.16122999999993226,False,False,0,0,0.0,0.0,False,False,0,0,0.0,0.0,False,False,0,0,0.0,0.0,False,False,0,0,0.0,0.0,False,False,0,0,0.0,0.0,False,False,0,0,0.0,0.0
409828_2018-11-06_14-02-59_filtered_2026-04-09_04-59-00,1,5,0.16122999999993226,False,False,0,0,0.0,0.0,True,False,1,0,1.0,0.0,True,True,1,1,1.0,1.0,False,False,0,0,0.0,0.0,True,False,1,0,1.0,0.0,True,False,2,0,0.5,0.0
409828_2018-11-06_14-02-59_filtered_2026-04-09_04-59-00,1,6,0.16122999999993226,False,False,0,0,0.0,0.0,False,False,0,0,0.0,0.0,False,False,0,0,0.0,0.0,False,False,0,0,0.0,0.0,False,False,0,0,0.0,0.0,False,False,0,0,0.0,0.0
409828_2018-11-06_14-02-59_filtered_2026-04-09_04-59-00,1,7,0.16122999999993226,False,False,0,0,0.0,0.0,False,False,0,0,0.0,0.0,False,False,0,0,0.0,0.0,False,False,0,0,0.0,0.0,False,False,0,0,0.0,0.0,False,False,0,0,0.0,0.0
409828_2018-11-06_14-02-59_filtered_2026-04-09_04-59-00,1,8,0.16122999999993226,False,False,0,0,0.0,0.0,False,False,0,0,0.0,0.0,True,True,2,1,0.5,1.0,False,False,0,0,0.0,0.0,False,False,0,0,0.0,0.0,False,False,0,0,0.0,0.0
409828_2018-11-06_14-02-59_filtered_2026-04-09_04-59-00,1,9,0.16122999999993226,False,False,0,0,0.0,0.0,False,False,0,0,0.0,0.0,False,False,0,0,0.0,0.0,False,False,0,0,0.0,0.0,False,False,0,0,0.0,0.0,False,False,0,0,0.0,0.0
409828_2018-11-06_14-02-59_filtered_2026-04-09_04-59-00,1,10,0.16122999999993226,False,False,0,0,0.0,0.0,False,False,0,0,0.0,0.0,False,False,0,0,0.0,0.0,False,False,0,0,0.0,0.0,False,False,0,0,0.0,0.0,True,False,1,0,1.0,0.0
409828_2018-11-06_14-02-59_filtered_2026-04-09_04-59-00,1,11,0.16122999999993226,False,False,0,0,0.0,0.0,False,False,0,0,0.0,0.0,False,False,0,0,0.0,0.0,False,False,0,0,0.0,0.0,False,False,0,0,0.0,0.0,False,False,0,0,0.0,0.0
409828_2018-11-06_14-02-59_filtered_2026-04-09_04-59-00,1,12,0.16122999999993226,True,False,1,0,1.0,0.0,False,False,0,0,0.0,0.0,False,False,0,0,0.0,0.0,False,False,0,0,0.0,0.0,False,False,0,0,0.0,0.0,True,True,2,4,0.5,0.25
409828_2018-11-06_14-02-59_filtered_2026-04-09_04-59-00,1,13,0.16122999999993226,False,False,0,0,0.0,0.0,False,False,0,0,0.0,0.0,False,False,0,0,0.0,0.0,False,False,0,0,0.0,0.0,False,False,0,0,0.0,0.0,False,False,0,0,0.0,0.0
409828_2018-11-06_14-02-59_filtered_2026-04-09_04-59-00,1,14,0.16122999999993226,False,False,0,0,0.0,0.0,False,False,0,0,0.0,0.0,False,False,0,0,0.0,0.0,False,False,0,0,0.0,0.0,False,False,0,0,0.0,0.0,False,False,0,0,0.0,0.0
409828_2018-11-06_14-02-59_filtered_2026-04-09_04-59-00,1,15,0.16122999999993226,False,False,0,0,0.0,0.0,False,False,0,0,0.0,0.0,False,False,0,0,0.0,0.0,False,False,0,0,0.0,0.0,False,False,0,0,0.0,0.0,False,False,0,0,0.0,0.0
409828_2018-11-06_14-02-59_filtered_2026-04-09_04-59-00,1,16,0.16122999999993226,False,False,0,0,0.0,0.0,False,False,0,0,0.0,0.0,False,False,0,0,0.0,0.0,False,False,0,0,0.0,0.0,False,False,0,0,0.0,0.0,False,False,0,0,0.0,0.0
409828_2018-11-06_14-02-59_filtered_2026-04-09_04-59-00,1,17,0.16122999999993226,False,False,0,0,0.0,0.0,False,False,0,0,0.0,0.0,False,False,0,0,0.0,0.0,False,False,0,0,0.0,0.0,False,False,0,0,0.0,0.0,False,False,0,0,0.0,0.0
409828_2018-11-06_14-02-59_filtered_2026-04-09_04-59-00,1,18,0.16122999999993226,False,False,0,0,0.0,0.0,False,False,0,0,0.0,0.0,False,False,0,0,0.0,0.0,False,False,0,0,0.0,0.0,False,False,0,0,0.0,0.0,False,False,0,0,0.0,0.0
409828_2018-11-06_14-02-59_filtered_2026-04-09_04-59-00,1,19,0.16122999999993226,False,False,0,0,0.0,0.0,False,False,0,0,0.0,0.0,False,False,0,0,0.0,0.0,False,False,0,0,0.0,0.0,False,False,0,0,0.0,0.0,False,True,0,1,0.0,1.0
409828_2018-11-06_14-02-59_filtered_2026-04-09_04-59-00,1,20,0.16122999999993226,False,False,0,0,0.0,0.0,False,False,0,0,0.0,0.0,False,False,0,0,0.0,0.0,False,False,0,0,0.0,0.0,False,False,0,0,0.0,0.0,False,False,0,0,0.0,0.0
409828_2018-11-06_14-02-59_filtered_2026-04-09_04-59-00,1,21,0.16122999999993226,False,False,0,0,0.0,0.0,False,False,0,0,0.0,0.0,False,False,0,0,0.0,0.0,False,False,0,0,0.0,0.0,False,False,0,0,0.0,0.0,True,False,1,0,1.0,0.0
409828_2018-11-06_14-02-59_filtered_2026-04-09_04-59-00,1,22,0.16122999999993226,False,False,0,0,0.0,0.0,False,False,0,0,0.0,0.0,True,False,2,0,0.5,0.0,False,False,0,0,0.0,0.0,False,False,0,0,0.0,0.0,True,False,1,0,1.0,0.0
409828_2018-11-06_14-02-59_filtered_2026-04-09_04-59-00,1,23,0.16122999999993226,False,False,0,0,0.0,0.0,False,False,0,0,0.0,0.0,False,False,0,0,0.0,0.0,False,False,0,0,0.0,0.0,False,False,0,0,0.0,0.0,False,False,0,0,0.0,0.0
409828_2018-11-06_14-02-59_filtered_2026-04-09_04-59-00,1,24,0.16122999999993226,True,True,14,16,0.24242424242424243,0.09090909090909091,True,True,5,12,0.6285714285714286,0.3,True,True,2,6,0.8809523809523809,0.855072463768116,True,True,5,1,0.5555555555555556,1.0,True,True,11,13,0.3958333333333333,0.25806451612903225,True,True,1,1,1.0,1.0
409828_2018-11-06_14-02-59_filtered_2026-04-09_04-59-00,1,25,0.16122999999993226,True,True,1,3,1.0,0.3333333333333333,True,True,12,11,0.25,0.26666666666666666,True,True,13,12,0.1891891891891892,0.2972972972972973,False,False,0,0,0.0,0.0,True,True,1,1,1.0,1.0,True,True,7,12,0.26666666666666666,0.22727272727272727
409828_2018-11-06_14-02-59_filtered_2026-04-09_04-59-00,1,27,0.16122999999993226,True,True,6,9,0.16666666666666666,0.2,True,True,9,10,0.23529411764705882,0.26666666666666666,True,True,13,16,0.23809523809523808,0.17857142857142858,False,True,0,1,0.0,1.0,False,True,0,1,0.0,1.0,True,True,6,7,0.2857142857142857,0.25
409828_2018-11-06_14-02-59_filtered_2026-04-09_04-59-00,1,28,0.16122999999993226,True,False,1,0,1.0,0.0,False,False,0,0,0.0,0.0,True,True,2,3,0.75,0.3333333333333333,False,False,0,0,0.0,0.0,True,False,1,0,1.0,0.0,True,True,1,1,1.0,1.0
409828_2018-11-06_14-02-59_filtered_2026-04-09_04-59-00,1,30,0.16122999999993226,False,False,0,0,0.0,0.0,False,False,0,0,0.0,0.0,True,False,1,0,1.0,0.0,False,False,0,0,0.0,0.0,False,False,0,0,0.0,0.0,False,False,0,0,0.0,0.0
409828_2018-11-06_14-02-59_filtered_2026-04-09_04-59-00,1,40,0.16122999999993226,False,False,0,0,0.0,0.0,False,False,0,0,0.0,0.0,False,False,0,0,0.0,0.0,False,False,0,0,0.0,0.0,False,False,0,0,0.0,0.0,False,False,0,0,0.0,0.0
409828_2018-11-06_14-02-59_filtered_2026-04-09_04-59-00,1,41,0.16122999999993226,False,False,0,0,0.0,0.0,False,False,0,0,0.0,0.0,False,False,0,0,0.0,0.0,False,False,0,0,0.0,0.0,True,False,1,0,1.0,0.0,True,False,1,0,1.0,0.0
409828_2018-11-06_14-02-59_filtered_2026-04-09_04-59-00,1,45,0.16122999999993226,False,False,0,0,0.0,0.0,False,False,0,0,0.0,0.0,True,True,1,1,1.0,1.0,False,False,0,0,0.0,0.0,False,False,0,0,0.0,0.0,False,False,0,0,0.0,0.0
409828_2018-11-06_14-02-59_filtered_2026-04-09_04-59-00,1,53,0.16122999999993226,True,True,1,1,1.0,1.0,True,True,6,3,0.16666666666666666,0.42857142857142855,True,True,11,9,0.23529411764705882,0.3333333333333333,False,True,0,1,0.0,1.0,False,True,0,1,0.0,1.0,True,True,7,2,0.14285714285714285,0.6666666666666666
409828_2018-11-06_14-02-59_filtered_2026-04-09_04-59-00,1,69,0.16122999999993226,False,False,0,0,0.0,0.0,False,False,0,0,0.0,0.0,False,False,0,0,0.0,0.0,False,False,0,0,0.0,0.0,False,False,0,0,0.0,0.0,False,False,0,0,0.0,0.0
409828_2018-11-06_14-02-59_filtered_2026-04-09_04-59-00,1,73,0.16122999999993226,False,False,0,0,0.0,0.0,False,False,0,0,0.0,0.0,False,False,0,0,0.0,0.0,False,False,0,0,0.0,0.0,False,False,0,0,0.0,0.0,False,False,0,0,0.0,0.0
409828_2018-11-06_14-02-59_filtered_2026-04-09_04-59-00,1,77,0.16122999999993226,True,True,3,2,0.3333333333333333,0.6666666666666666,True,True,8,8,0.2222222222222222,0.38461538461538464,True,True,11,15,0.23333333333333334,0.2702702702702703,False,True,0,1,0.0,1.0,True,True,3,5,0.5,0.6,True,True,14,12,0.19047619047619047,0.3469387755102041
409828_2018-11-06_14-02-59_filtered_2026-04-09_04-59-00,1,93,0.16122999999993226,False,False,0,0,0.0,0.0,True,True,3,5,0.6,0.3333333333333333,True,True,8,10,0.3333333333333333,0.2222222222222222,False,False,0,0,0.0,0.0,True,False,1,0,1.0,0.0,True,True,6,1,0.3333333333333333,1.0
409828_2018-11-06_14-02-59_filtered_2026-04-09_04-59-00,1,108,0.16122999999993226,False,False,0,0,0.0,0.0,False,False,0,0,0.0,0.0,False,False,0,0,0.0,0.0,False,False,0,0,0.0,0.0,False,False,0,0,0.0,0.0,False,False,0,0,0.0,0.0
409828_2018-11-06_14-02-59_filtered_2026-04-09_04-59-00,1,197,0.16122999999993226,True,True,2,1,0.5,1.0,True,True,3,3,0.3333333333333333,0.6,True,True,5,3,0.2,0.6666666666666666,False,True,0,1,0.0,1.0,True,True,1,1,1.0,1.0,True,True,1,2,1.0,0.75
409828_2018-11-06_14-02-59_filtered_2026-04-09_04-59-00,1,216,0.16122999999993226,False,False,0,0,0.0,0.0,True,True,2,1,0.5,1.0,True,True,5,2,0.2,0.6666666666666666,False,True,0,1,0.0,1.0,True,True,1,1,1.0,1.0,True,True,1,1,1.0,1.0
409828_2018-11-06_14-02-59_filtered_2026-04-09_04-59-00,2,0,0.1612299999997049,False,False,0,0,0.0,0.0,True,False,1,0,1.0,0.0,True,True,1,1,1.0,1.0,False,False,0,0,0.0,0.0,False,False,0,0,0.0,0.0,True,False,2,0,0.5,0.0
409828_2018-11-06_14-02-59_filtered_2026-04-09_04-59-00,2,1,0.1612299999997049,False,False,0,0,0.0,0.0,False,False,0,0,0.0,0.0,False,False,0,0,0.0,0.0,False,False,0,0,0.0,0.0,False,False,0,0,0.0,0.0,False,False,0,0,0.0,0.0
409828_2018-11-06_14-02-59_filtered_2026-04-09_04-59-00,2,2,0.1612299999997049,False,False,0,0,0.0,0.0,False,False,0,0,0.0,0.0,False,True,0,1,0.0,1.0,False,False,0,0,0.0,0.0,False,False,0,0,0.0,0.0,True,False,1,0,1.0,0.0
409828_2018-11-06_14-02-59_filtered_2026-04-09_04-59-00,2,3,0.1612299999997049,False,False,0,0,0.0,0.0,False,False,0,0,0.0,0.0,False,False,0,0,0.0,0.0,False,False,0,0,0.0,0.0,False,False,0,0,0.0,0.0,False,False,0,0,0.0,0.0
409828_2018-11-06_14-02-59_filtered_2026-04-09_04-59-00,2,4,0.1612299999997049,False,False,0,0,0.0,0.0,False,False,0,0,0.0,0.0,False,False,0,0,0.0,0.0,False,False,0,0,0.0,0.0,False,False,0,0,0.0,0.0,False,False,0,0,0.0,0.0
409828_2018-11-06_14-02-59_filtered_2026-04-09_04-59-00,2,5,0.1612299999997049,False,False,0,0,0.0,0.0,False,True,0,1,0.0,1.0,True,True,3,4,0.6,0.25,False,False,0,0,0.0,0.0,True,False,1,0,1.0,0.0,True,False,3,0,0.5,0.0
409828_2018-11-06_14-02-59_filtered_2026-04-09_04-59-00,2,6,0.1612299999997049,False,False,0,0,0.0,0.0,False,False,0,0,0.0,0.0,False,False,0,0,0.0,0.0,False,False,0,0,0.0,0.0,False,False,0,0,0.0,0.0,False,False,0,0,0.0,0.0
409828_2018-11-06_14-02-59_filtered_2026-04-09_04-59-00,2,7,0.1612299999997049,False,False,0,0,0.0,0.0,False,False,0,0,0.0,0.0,False,False,0,0,0.0,0.0,False,False,0,0,0.0,0.0,False,False,0,0,0.0,0.0,False,False,0,0,0.0,0.0
409828_2018-11-06_14-02-59_filtered_2026-04-09_04-59-00,2,8,0.1612299999997049,False,False,0,0,0.0,0.0,False,False,0,0,0.0,0.0,True,False,1,0,1.0,0.0,False,False,0,0,0.0,0.0,False,False,0,0,0.0,0.0,True,False,1,0,1.0,0.0
409828_2018-11-06_14-02-59_filtered_2026-04-09_04-59-00,2,9,0.1612299999997049,False,False,0,0,0.0,0.0,False,False,0,0,0.0,0.0,False,False,0,0,0.0,0.0,False,False,0,0,0.0,0.0,False,False,0,0,0.0,0.0,False,False,0,0,0.0,0.0
409828_2018-11-06_14-02-59_filtered_2026-04-09_04-59-00,2,10,0.1612299999997049,False,False,0,0,0.0,0.0,False,False,0,0,0.0,0.0,False,False,0,0,0.0,0.0,False,False,0,0,0.0,0.0,False,False,0,0,0.0,0.0,False,False,0,0,0.0,0.0
409828_2018-11-06_14-02-59_filtered_2026-04-09_04-59-00,2,11,0.1612299999997049,False,False,0,0,0.0,0.0,False,False,0,0,0.0,0.0,False,False,0,0,0.0,0.0,False,False,0,0,0.0,0.0,False,False,0,0,0.0,0.0,False,False,0,0,0.0,0.0
409828_2018-11-06_14-02-59_filtered_2026-04-09_04-59-00,2,12,0.1612299999997049,False,False,0,0,0.0,0.0,False,False,0,0,0.0,0.0,False,False,0,0,0.0,0.0,False,False,0,0,0.0,0.0,False,False,0,0,0.0,0.0,False,False,0,0,0.0,0.0
409828_2018-11-06_14-02-59_filtered_2026-04-09_04-59-00,2,13,0.1612299999997049,False,False,0,0,0.0,0.0,False,False,0,0,0.0,0.0,True,True,2,1,0.6666666666666666,1.0,False,False,0,0,0.0,0.0,True,False,1,0,1.0,0.0,True,False,1,0,1.0,0.0
409828_2018-11-06_14-02-59_filtered_2026-04-09_04-59-00,2,14,0.1612299999997049,False,False,0,0,0.0,0.0,False,True,0,1,0.0,1.0,True,True,1,1,1.0,1.0,False,False,0,0,0.0,0.0,False,False,0,0,0.0,0.0,False,False,0,0,0.0,0.0
409828_2018-11-06_14-02-59_filtered_2026-04-09_04-59-00,2,15,0.1612299999997049,False,False,0,0,0.0,0.0,True,False,1,0,1.0,0.0,True,True,5,1,0.5,1.0,False,False,0,0,0.0,0.0,True,False,1,0,1.0,0.0,True,True,2,3,0.6666666666666666,0.3333333333333333
409828_2018-11-06_14-02-59_filtered_2026-04-09_04-59-00,2,16,0.1612299999997049,False,False,0,0,0.0,0.0,False,False,0,0,0.0,0.0,False,False,0,0,0.0,0.0,False,False,0,0,0.0,0.0,False,False,0,0,0.0,0.0,True,False,1,0,1.0,0.0
409828_2018-11-06_14-02-59_filtered_2026-04-09_04-59-00,2,17,0.1612299999997049,False,False,0,0,0.0,0.0,False,False,0,0,0.0,0.0,False,False,0,0,0.0,0.0,False,False,0,0,0.0,0.0,False,False,0,0,0.0,0.0,False,False,0,0,0.0,0.0
409828_2018-11-06_14-02-59_filtered_2026-04-09_04-59-00,2,18,0.1612299999997049,False,False,0,0,0.0,0.0,False,False,0,0,0.0,0.0,False,False,0,0,0.0,0.0,False,False,0,0,0.0,0.0,False,False,0,0,0.0,0.0,False,False,0,0,0.0,0.0
409828_2018-11-06_14-02-59_filtered_2026-04-09_04-59-00,2,19,0.1612299999997049,False,False,0,0,0.0,0.0,False,False,0,0,0.0,0.0,False,False,0,0,0.0,0.0,False,False,0,0,0.0,0.0,False,True,0,1,0.0,1.0,False,False,0,0,0.0,0.0
409828_2018-11-06_14-02-59_filtered_2026-04-09_04-59-00,2,20,0.1612299999997049,False,False,0,0,0.0,0.0,False,False,0,0,0.0,0.0,False,False,0,0,0.0,0.0,False,False,0,0,0.0,0.0,False,False,0,0,0.0,0.0,False,False,0,0,0.0,0.0
409828_2018-11-06_14-02-59_filtered_2026-04-09_04-59-00,2,21,0.1612299999997049,False,False,0,0,0.0,0.0,False,False,0,0,0.0,0.0,False,False,0,0,0.0,0.0,False,False,0,0,0.0,0.0,False,False,0,0,0.0,0.0,False,False,0,0,0.0,0.0
409828_2018-11-06_14-02-59_filtered_2026-04-09_04-59-00,2,22,0.1612299999997049,False,False,0,0,0.0,0.0,False,False,0,0,0.0,0.0,True,True,1,2,1.0,0.5,False,False,0,0,0.0,0.0,True,False,1,0,1.0,0.0,True,True,1,1,1.0,1.0
409828_2018-11-06_14-02-59_filtered_2026-04-09_04-59-00,2,23,0.1612299999997049,False,False,0,0,0.0,0.0,False,False,0,0,0.0,0.0,False,False,0,0,0.0,0.0,False,False,0,0,0.0,0.0,False,False,0,0,0.0,0.0,False,False,0,0,0.0,0.0
409828_2018-11-06_14-02-59_filtered_2026-04-09_04-59-00,2,24,0.1612299999997049,False,False,0,0,0.0,0.0,False,False,0,0,0.0,0.0,False,False,0,0,0.0,0.0,False,False,0,0,0.0,0.0,False,False,0,0,0.0,0.0,False,False,0,0,0.0,0.0
409828_2018-11-06_14-02-59_filtered_2026-04-09_04-59-00,2,25,0.1612299999997049,False,False,0,0,0.0,0.0,False,False,0,0,0.0,0.0,False,False,0,0,0.0,0.0,False,False,0,0,0.0,0.0,False,False,0,0,0.0,0.0,False,False,0,0,0.0,0.0
409828_2018-11-06_14-02-59_filtered_2026-04-09_04-59-00,2,26,0.1612299999997049,False,False,0,0,0.0,0.0,True,False,1,0,1.0,0.0,False,False,0,0,0.0,0.0,False,False,0,0,0.0,0.0,False,False,0,0,0.0,0.0,False,False,0,0,0.0,0.0
409828_2018-11-06_14-02-59_filtered_2026-04-09_04-59-00,2,27,0.1612299999997049,False,False,0,0,0.0,0.0,False,False,0,0,0.0,0.0,False,True,0,1,0.0,1.0,False,False,0,0,0.0,0.0,False,False,0,0,0.0,0.0,False,False,0,0,0.0,0.0
409828_2018-11-06_14-02-59_filtered_2026-04-09_04-59-00,2,28,0.1612299999997049,False,True,0,1,0.0,1.0,True,True,1,1,1.0,1.0,True,True,3,3,0.3333333333333333,0.3333333333333333,False,False,0,0,0.0,0.0,True,False,1,0,1.0,0.0,True,False,5,0,0.3333333333333333,0.0
409828_2018-11-06_14-02-59_filtered_2026-04-09_04-59-00,2,29,0.1612299999997049,False,False,0,0,0.0,0.0,False,False,0,0,0.0,0.0,False,False,0,0,0.0,0.0,False,False,0,0,0.0,0.0,False,False,0,0,0.0,0.0,False,False,0,0,0.0,0.0
409828_2018-11-06_14-02-59_filtered_2026-04-09_04-59-00,2,30,0.1612299999997049,False,False,0,0,0.0,0.0,False,False,0,0,0.0,0.0,True,False,2,0,0.5,0.0,False,False,0,0,0.0,0.0,True,False,1,0,1.0,0.0,True,True,1,1,1.0,1.0
409828_2018-11-06_14-02-59_filtered_2026-04-09_04-59-00,2,31,0.1612299999997049,False,False,0,0,0.0,0.0,False,False,0,0,0.0,0.0,False,False,0,0,0.0,0.0,False,False,0,0,0.0,0.0,False,False,0,0,0.0,0.0,False,True,0,1,0.0,1.0
409828_2018-11-06_14-02-59_filtered_2026-04-09_04-59-00,2,32,0.1612299999997049,False,False,0,0,0.0,0.0,False,False,0,0,0.0,0.0,True,False,1,0,1.0,0.0,False,False,0,0,0.0,0.0,False,False,0,0,0.0,0.0,True,False,1,0,1.0,0.0
409828_2018-11-06_14-02-59_filtered_2026-04-09_04-59-00,2,33,0.1612299999997049,False,False,0,0,0.0,0.0,False,False,0,0,0.0,0.0,False,False,0,0,0.0,0.0,False,False,0,0,0.0,0.0,False,False,0,0,0.0,0.0,False,False,0,0,0.0,0.0
409828_2018-11-06_14-02-59_filtered_2026-04-09_04-59-00,2,35,0.1612299999997049,False,False,0,0,0.0,0.0,False,False,0,0,0.0,0.0,False,False,0,0,0.0,0.0,False,False,0,0,0.0,0.0,False,False,0,0,0.0,0.0,False,False,0,0,0.0,0.0
409828_2018-11-06_14-02-59_filtered_2026-04-09_04-59-00,2,36,0.1612299999997049,False,False,0,0,0.0,0.0,False,False,0,0,0.0,0.0,False,False,0,0,0.0,0.0,False,False,0,0,0.0,0.0,False,False,0,0,0.0,0.0,False,False,0,0,0.0,0.0
409828_2018-11-06_14-02-59_filtered_2026-04-09_04-59-00,2,37,0.1612299999997049,False,False,0,0,0.0,0.0,False,True,0,1,0.0,1.0,True,True,1,1,1.0,1.0,False,False,0,0,0.0,0.0,False,False,0,0,0.0,0.0,True,False,1,0,1.0,0.0
409828_2018-11-06_14-02-59_filtered_2026-04-09_04-59-00,2,38,0.1612299999997049,False,False,0,0,0.0,0.0,False,True,0,1,0.0,1.0,True,True,2,2,0.5,0.6666666666666666,False,False,0,0,0.0,0.0,True,False,1,0,1.0,0.0,True,False,2,0,0.5,0.0
409828_2018-11-06_14-02-59_filtered_2026-04-09_04-59-00,2,39,0.1612299999997049,False,False,0,0,0.0,0.0,False,False,0,0,0.0,0.0,True,False,1,0,1.0,0.0,False,False,0,0,0.0,0.0,False,False,0,0,0.0,0.0,False,False,0,0,0.0,0.0
409828_2018-11-06_14-02-59_filtered_2026-04-09_04-59-00,2,40,0.1612299999997049,True,True,14,16,0.21875,0.25925925925925924,True,True,12,16,0.3181818181818182,0.24489795918367346,True,True,5,7,0.8636363636363636,0.6461538461538462,False,True,0,1,0.0,1.0,True,True,9,5,0.23076923076923078,0.6,True,True,7,16,0.4482758620689655,0.22
409828_2018-11-06_14-02-59_filtered_2026-04-09_04-59-00,2,41,0.1612299999997049,False,False,0,0,0.0,0.0,False,False,0,0,0.0,0.0,False,False,0,0,0.0,0.0,False,False,0,0,0.0,0.0,False,False,0,0,0.0,0.0,False,False,0,0,0.0,0.0
409828_2018-11-06_14-02-59_filtered_2026-04-09_04-59-00,2,42,0.1612299999997049,False,False,0,0,0.0,0.0,False,False,0,0,0.0,0.0,False,True,0,1,0.0,1.0,False,False,0,0,0.0,0.0,False,True,0,1,0.0,1.0,False,True,0,1,0.0,1.0
409828_2018-11-06_14-02-59_filtered_2026-04-09_04-59-00,2,43,0.1612299999997049,False,False,0,0,0.0,0.0,False,False,0,0,0.0,0.0,False,False,0,0,0.0,0.0,False,False,0,0,0.0,0.0,False,False,0,0,0.0,0.0,False,False,0,0,0.0,0.0
409828_2018-11-06_14-02-59_filtered_2026-04-09_04-59-00,2,44,0.1612299999997049,False,False,0,0,0.0,0.0,False,False,0,0,0.0,0.0,False,False,0,0,0.0,0.0,False,False,0,0,0.0,0.0,False,False,0,0,0.0,0.0,False,False,0,0,0.0,0.0
409828_2018-11-06_14-02-59_filtered_2026-04-09_04-59-00,2,45,0.1612299999997049,False,False,0,0,0.0,0.0,False,False,0,0,0.0,0.0,False,False,0,0,0.0,0.0,False,False,0,0,0.0,0.0,False,False,0,0,0.0,0.0,False,True,0,1,0.0,1.0
409828_2018-11-06_14-02-59_filtered_2026-04-09_04-59-00,2,46,0.1612299999997049,True,True,9,11,0.375,0.2777777777777778,True,True,14,15,0.36666666666666664,0.17391304347826086,True,True,13,9,0.22448979591836735,0.4444444444444444,True,False,1,0,1.0,0.0,True,True,5,4,0.4444444444444444,0.4,True,True,11,15,0.5,0.3181818181818182
409828_2018-11-06_14-02-59_filtered_2026-04-09_04-59-00,2,47,0.1612299999997049,False,False,0,0,0.0,0.0,False,False,0,0,0.0,0.0,False,True,0,1,0.0,1.0,False,False,0,0,0.0,0.0,False,False,0,0,0.0,0.0,False,False,0,0,0.0,0.0
409828_2018-11-06_14-02-59_filtered_2026-04-09_04-59-00,2,48,0.1612299999997049,True,True,18,13,0.21052631578947367,0.225,True,True,4,2,0.9452054794520548,0.9753086419753086,True,True,2,1,0.9888888888888889,1.0,True,True,6,11,0.4626865671641791,0.4406779661016949,True,True,1,1,1.0,1.0,True,True,1,1,1.0,1.0
409828_2018-11-06_14-02-59_filtered_2026-04-09_04-59-00,2,49,0.1612299999997049,False,False,0,0,0.0,0.0,False,False,0,0,0.0,0.0,True,False,2,0,0.5,0.0,False,False,0,0,0.0,0.0,True,False,1,0,1.0,0.0,True,False,2,0,0.5,0.0
409828_2018-11-06_14-02-59_filtered_2026-04-09_04-59-00,2,50,0.1612299999997049,False,False,0,0,0.0,0.0,True,True,7,4,0.25,0.3333333333333333,True,True,13,11,0.25,0.2,True,False,1,0,1.0,0.0,True,True,2,1,0.75,1.0,True,True,5,7,0.4,0.38461538461538464
409828_2018-11-06_14-02-59_filtered_2026-04-09_04-59-00,2,52,0.1612299999997049,False,False,0,0,0.0,0.0,True,True,1,1,1.0,1.0,False,False,0,0,0.0,0.0,False,False,0,0,0.0,0.0,False,False,0,0,0.0,0.0,False,False,0,0,0.0,0.0
409828_2018-11-06_14-02-59_filtered_2026-04-09_04-59-00,2,55,0.1612299999997049,True,True,6,11,0.3333333333333333,0.2,True,True,14,15,0.25,0.18181818181818182,True,True,6,10,0.6470588235294118,0.44642857142857145,False,True,0,2,0.0,0.8,True,True,7,5,0.14285714285714285,0.5,True,True,13,14,0.21428571428571427,0.17142857142857143
409828_2018-11-06_14-02-59_filtered_2026-04-09_04-59-00,2,61,0.1612299999997049,False,False,0,0,0.0,0.0,False,False,0,0,0.0,0.0,False,False,0,0,0.0,0.0,False,False,0,0,0.0,0.0,False,False,0,0,0.0,0.0,False,False,0,0,0.0,0.0
409828_2018-11-06_14-02-59_filtered_2026-04-09_04-59-00,2,67,0.1612299999997049,True,True,2,7,0.5,0.14285714285714285,True,True,13,11,0.15789473684210525,0.2222222222222222,True,True,9,17,0.39215686274509803,0.15384615384615385,False,True,0,1,0.0,1.0,True,True,3,7,0.42857142857142855,0.3,True,True,10,10,0.3673469387755102,0.3111111111111111
409828_2018-11-06_14-02-59_filtered_2026-04-09_04-59-00,2,68,0.1612299999997049,False,False,0,0,0.0,0.0,False,False,0,0,0.0,0.0,True,False,1,0,1.0,0.0,False,False,0,0,0.0,0.0,False,False,0,0,0.0,0.0,True,True,1,2,1.0,0.5
409828_2018-11-06_14-02-59_filtered_2026-04-09_04-59-00,2,72,0.1612299999997049,True,True,8,6,0.3684210526315789,0.5714285714285714,True,True,1,2,1.0,0.6626506024096386,True,True,1,1,1.0,1.0,True,True,15,9,0.20588235294117646,0.7368421052631579,True,True,1,1,1.0,1.0,True,True,1,1,1.0,1.0
409828_2018-11-06_14-02-59_filtered_2026-04-09_04-59-00,2,76,0.1612299999997049,False,False,0,0,0.0,0.0,True,False,1,0,1.0,0.0,False,False,0,0,0.0,0.0,False,False,0,0,0.0,0.0,False,False,0,0,0.0,0.0,False,False,0,0,0.0,0.0
409828_2018-11-06_14-02-59_filtered_2026-04-09_04-59-00,2,80,0.1612299999997049,True,False,1,0,1.0,0.0,False,False,0,0,0.0,0.0,True,False,1,0,1.0,0.0,False,False,0,0,0.0,0.0,False,False,0,0,0.0,0.0,True,False,1,0,1.0,0.0
409828_2018-11-06_14-02-59_filtered_2026-04-09_04-59-00,2,85,0.1612299999997049,False,False,0,0,0.0,0.0,False,False,0,0,0.0,0.0,True,False,1,0,1.0,0.0,False,False,0,0,0.0,0.0,True,False,1,0,1.0,0.0,True,False,1,0,1.0,0.0
409828_2018-11-06_14-02-59_filtered_2026-04-09_04-59-00,3,0,0.1612299999997049,False,False,0,0,0.0,0.0,False,False,0,0,0.0,0.0,False,True,0,4,0.0,0.4,False,False,0,0,0.0,0.0,False,False,0,0,0.0,0.0,True,False,2,0,0.5,0.0
409828_2018-11-06_14-02-59_filtered_2026-04-09_04-59-00,3,1,0.1612299999997049,False,False,0,0,0.0,0.0,False,False,0,0,0.0,0.0,False,False,0,0,0.0,0.0,False,False,0,0,0.0,0.0,False,False,0,0,0.0,0.0,False,False,0,0,0.0,0.0
409828_2018-11-06_14-02-59_filtered_2026-04-09_04-59-00,3,2,0.1612299999997049,False,False,0,0,0.0,0.0,False,True,0,1,0.0,1.0,True,False,1,0,1.0,0.0,False,False,0,0,0.0,0.0,False,False,0,0,0.0,0.0,False,False,0,0,0.0,0.0
409828_2018-11-06_14-02-59_filtered_2026-04-09_04-59-00,3,3,0.1612299999997049,False,False,0,0,0.0,0.0,False,False,0,0,0.0,0.0,False,False,0,0,0.0,0.0,False,False,0,0,0.0,0.0,False,False,0,0,0.0,0.0,False,False,0,0,0.0,0.0
409828_2018-11-06_14-02-59_filtered_2026-04-09_04-59-00,3,4,0.1612299999997049,False,False,0,0,0.0,0.0,False,False,0,0,0.0,0.0,False,False,0,0,0.0,0.0,False,False,0,0,0.0,0.0,False,False,0,0,0.0,0.0,False,False,0,0,0.0,0.0
409828_2018-11-06_14-02-59_filtered_2026-04-09_04-59-00,3,5,0.1612299999997049,False,False,0,0,0.0,0.0,False,False,0,0,0.0,0.0,False,False,0,0,0.0,0.0,False,False,0,0,0.0,0.0,False,False,0,0,0.0,0.0,False,False,0,0,0.0,0.0
409828_2018-11-06_14-02-59_filtered_2026-04-09_04-59-00,3,6,0.1612299999997049,False,False,0,0,0.0,0.0,True,True,2,5,0.5,0.3333333333333333,True,True,5,3,0.3333333333333333,0.6,False,True,0,1,0.0,1.0,True,True,2,1,0.5,1.0,True,True,6,2,0.2857142857142857,0.8
409828_2018-11-06_14-02-59_filtered_2026-04-09_04-59-00,3,7,0.1612299999997049,False,False,0,0,0.0,0.0,False,False,0,0,0.0,0.0,False,False,0,0,0.0,0.0,False,False,0,0,0.0,0.0,False,False,0,0,0.0,0.0,False,False,0,0,0.0,0.0
409828_2018-11-06_14-02-59_filtered_2026-04-09_04-59-00,3,8,0.1612299999997049,False,False,0,0,0.0,0.0,False,False,0,0,0.0,0.0,False,False,0,0,0.0,0.0,False,False,0,0,0.0,0.0,False,False,0,0,0.0,0.0,False,False,0,0,0.0,0.0
409828_2018-11-06_14-02-59_filtered_2026-04-09_04-59-00,3,9,0.1612299999997049,False,False,0,0,0.0,0.0,False,False,0,0,0.0,0.0,False,False,0,0,0.0,0.0,False,False,0,0,0.0,0.0,False,False,0,0,0.0,0.0,True,False,1,0,1.0,0.0
409828_2018-11-06_14-02-59_filtered_2026-04-09_04-59-00,3,10,0.1612299999997049,False,False,0,0,0.0,0.0,False,False,0,0,0.0,0.0,False,False,0,0,0.0,0.0,False,False,0,0,0.0,0.0,False,False,0,0,0.0,0.0,False,False,0,0,0.0,0.0
409828_2018-11-06_14-02-59_filtered_2026-04-09_04-59-00,3,11,0.1612299999997049,False,False,0,0,0.0,0.0,False,False,0,0,0.0,0.0,False,True,0,1,0.0,1.0,False,False,0,0,0.0,0.0,False,False,0,0,0.0,0.0,True,True,1,1,1.0,1.0
409828_2018-11-06_14-02-59_filtered_2026-04-09_04-59-00,3,12,0.1612299999997049,False,False,0,0,0.0,0.0,False,True,0,1,0.0,1.0,False,False,0,0,0.0,0.0,False,False,0,0,0.0,0.0,False,False,0,0,0.0,0.0,True,True,1,1,1.0,1.0
409828_2018-11-06_14-02-59_filtered_2026-04-09_04-59-00,3,13,0.1612299999997049,False,False,0,0,0.0,0.0,False,False,0,0,0.0,0.0,False,False,0,0,0.0,0.0,False,False,0,0,0.0,0.0,False,False,0,0,0.0,0.0,False,True,0,1,0.0,1.0
409828_2018-11-06_14-02-59_filtered_2026-04-09_04-59-00,3,14,0.1612299999997049,False,True,0,1,0.0,1.0,False,False,0,0,0.0,0.0,False,False,0,0,0.0,0.0,False,False,0,0,0.0,0.0,False,False,0,0,0.0,0.0,False,False,0,0,0.0,0.0
409828_2018-11-06_14-02-59_filtered_2026-04-09_04-59-00,3,15,0.1612299999997049,False,False,0,0,0.0,0.0,False,False,0,0,0.0,0.0,False,False,0,0,0.0,0.0,False,False,0,0,0.0,0.0,False,False,0,0,0.0,0.0,False,False,0,0,0.0,0.0
409828_2018-11-06_14-02-59_filtered_2026-04-09_04-59-00,3,16,0.1612299999997049,False,False,0,0,0.0,0.0,False,True,0,1,0.0,1.0,True,False,1,0,1.0,0.0,False,False,0,0,0.0,0.0,False,False,0,0,0.0,0.0,False,False,0,0,0.0,0.0
409828_2018-11-06_14-02-59_filtered_2026-04-09_04-59-00,3,17,0.1612299999997049,False,False,0,0,0.0,0.0,False,False,0,0,0.0,0.0,False,False,0,0,0.0,0.0,False,False,0,0,0.0,0.0,False,False,0,0,0.0,0.0,False,False,0,0,0.0,0.0
409828_2018-11-06_14-02-59_filtered_2026-04-09_04-59-00,3,18,0.1612299999997049,False,False,0,0,0.0,0.0,False,False,0,0,0.0,0.0,False,False,0,0,0.0,0.0,False,False,0,0,0.0,0.0,False,False,0,0,0.0,0.0,False,False,0,0,0.0,0.0
409828_2018-11-06_14-02-59_filtered_2026-04-09_04-59-00,3,19,0.1612299999997049,False,False,0,0,0.0,0.0,False,False,0,0,0.0,0.0,False,False,0,0,0.0,0.0,False,False,0,0,0.0,0.0,False,False,0,0,0.0,0.0,False,False,0,0,0.0,0.0
409828_2018-11-06_14-02-59_filtered_2026-04-09_04-59-00,3,20,0.1612299999997049,True,True,17,12,0.18,0.4166666666666667,True,True,2,2,0.6790123456790124,0.9879518072289156,True,True,1,1,1.0,1.0,True,True,4,3,0.935064935064935,0.9722222222222222,True,True,1,1,1.0,1.0,True,True,1,1,1.0,1.0
409828_2018-11-06_14-02-59_filtered_2026-04-09_04-59-00,3,21,0.1612299999997049,False,False,0,0,0.0,0.0,False,False,0,0,0.0,0.0,False,True,0,1,0.0,1.0,False,False,0,0,0.0,0.0,False,False,0,0,0.0,0.0,False,False,0,0,0.0,0.0
409828_2018-11-06_14-02-59_filtered_2026-04-09_04-59-00,3,23,0.1612299999997049,False,False,0,0,0.0,0.0,False,False,0,0,0.0,0.0,False,False,0,0,0.0,0.0,False,False,0,0,0.0,0.0,False,False,0,0,0.0,0.0,False,False,0,0,0.0,0.0
409828_2018-11-06_14-02-59_filtered_2026-04-09_04-59-00,3,24,0.1612299999997049,False,False,0,0,0.0,0.0,True,False,1,0,1.0,0.0,False,False,0,0,0.0,0.0,False,False,0,0,0.0,0.0,False,False,0,0,0.0,0.0,True,False,2,0,0.5,0.0
409828_2018-11-06_14-02-59_filtered_2026-04-09_04-59-00,3,25,0.1612299999997049,False,False,0,0,0.0,0.0,False,False,0,0,0.0,0.0,False,False,0,0,0.0,0.0,False,False,0,0,0.0,0.0,False,False,0,0,0.0,0.0,False,False,0,0,0.0,0.0
409828_2018-11-06_14-02-59_filtered_2026-04-09_04-59-00,3,26,0.1612299999997049,False,False,0,0,0.0,0.0,False,False,0,0,0.0,0.0,True,True,3,1,0.5,1.0,False,False,0,0,0.0,0.0,False,False,0,0,0.0,0.0,False,False,0,0,0.0,0.0
409828_2018-11-06_14-02-59_filtered_2026-04-09_04-59-00,3,27,0.1612299999997049,False,False,0,0,0.0,0.0,False,False,0,0,0.0,0.0,False,False,0,0,0.0,0.0,False,False,0,0,0.0,0.0,False,False,0,0,0.0,0.0,False,False,0,0,0.0,0.0
409828_2018-11-06_14-02-59_filtered_2026-04-09_04-59-00,3,28,0.1612299999997049,False,False,0,0,0.0,0.0,False,False,0,0,0.0,0.0,False,True,0,1,0.0,1.0,False,False,0,0,0.0,0.0,False,False,0,0,0.0,0.0,False,False,0,0,0.0,0.0
409828_2018-11-06_14-02-59_filtered_2026-04-09_04-59-00,3,30,0.1612299999997049,False,False,0,0,0.0,0.0,False,False,0,0,0.0,0.0,False,True,0,2,0.0,0.5,False,False,0,0,0.0,0.0,False,False,0,0,0.0,0.0,True,False,1,0,1.0,0.0
409828_2018-11-06_14-02-59_filtered_2026-04-09_04-59-00,3,31,0.1612299999997049,False,False,0,0,0.0,0.0,False,False,0,0,0.0,0.0,False,False,0,0,0.0,0.0,False,False,0,0,0.0,0.0,False,False,0,0,0.0,0.0,False,False,0,0,0.0,0.0
409828_2018-11-06_14-02-59_filtered_2026-04-09_04-59-00,3,32,0.1612299999997049,False,False,0,0,0.0,0.0,False,False,0,0,0.0,0.0,False,False,0,0,0.0,0.0,False,False,0,0,0.0,0.0,True,False,1,0,1.0,0.0,True,False,1,0,1.0,0.0
409828_2018-11-06_14-02-59_filtered_2026-04-09_04-59-00,3,33,0.1612299999997049,False,False,0,0,0.0,0.0,False,False,0,0,0.0,0.0,True,False,1,0,1.0,0.0,False,False,0,0,0.0,0.0,True,False,1,0,1.0,0.0,True,False,1,0,1.0,0.0
409828_2018-11-06_14-02-59_filtered_2026-04-09_04-59-00,3,34,0.1612299999997049,False,False,0,0,0.0,0.0,False,False,0,0,0.0,0.0,False,False,0,0,0.0,0.0,False,False,0,0,0.0,0.0,False,False,0,0,0.0,0.0,False,False,0,0,0.0,0.0
409828_2018-11-06_14-02-59_filtered_2026-04-09_04-59-00,3,35,0.1612299999997049,False,False,0,0,0.0,0.0,False,False,0,0,0.0,0.0,False,False,0,0,0.0,0.0,False,False,0,0,0.0,0.0,False,False,0,0,0.0,0.0,False,True,0,1,0.0,1.0
409828_2018-11-06_14-02-59_filtered_2026-04-09_04-59-00,3,36,0.1612299999997049,False,False,0,0,0.0,0.0,False,False,0,0,0.0,0.0,True,False,1,0,1.0,0.0,False,False,0,0,0.0,0.0,True,False,1,0,1.0,0.0,False,False,0,0,0.0,0.0
409828_2018-11-06_14-02-59_filtered_2026-04-09_04-59-00,3,37,0.1612299999997049,False,False,0,0,0.0,0.0,False,False,0,0,0.0,0.0,True,True,1,2,1.0,0.5,False,False,0,0,0.0,0.0,False,False,0,0,0.0,0.0,False,False,0,0,0.0,0.0
409828_2018-11-06_14-02-59_filtered_2026-04-09_04-59-00,3,38,0.1612299999997049,False,False,0,0,0.0,0.0,False,True,0,1,0.0,1.0,True,True,1,2,1.0,0.5,False,False,0,0,0.0,0.0,True,False,1,0,1.0,0.0,True,False,1,0,1.0,0.0
409828_2018-11-06_14-02-59_filtered_2026-04-09_04-59-00,3,39,0.1612299999997049,False,False,0,0,0.0,0.0,False,False,0,0,0.0,0.0,False,False,0,0,0.0,0.0,False,False,0,0,0.0,0.0,False,False,0,0,0.0,0.0,False,True,0,1,0.0,1.0
409828_2018-11-06_14-02-59_filtered_2026-04-09_04-59-00,3,40,0.1612299999997049,False,False,0,0,0.0,0.0,False,False,0,0,0.0,0.0,False,False,0,0,0.0,0.0,False,False,0,0,0.0,0.0,False,False,0,0,0.0,0.0,False,False,0,0,0.0,0.0
409828_2018-11-06_14-02-59_filtered_2026-04-09_04-59-00,3,41,0.1612299999997049,True,True,13,12,0.15789473684210525,0.14285714285714285,True,True,11,17,0.2830188679245283,0.24444444444444444,True,True,9,7,0.75,0.6842105263157895,True,True,5,3,0.3333333333333333,0.7142857142857143,True,True,11,9,0.6595744680851063,0.4642857142857143,True,True,1,1,1.0,1.0
409828_2018-11-06_14-02-59_filtered_2026-04-09_04-59-00,3,42,0.1612299999997049,False,False,0,0,0.0,0.0,False,False,0,0,0.0,0.0,False,False,0,0,0.0,0.0,False,False,0,0,0.0,0.0,False,False,0,0,0.0,0.0,False,False,0,0,0.0,0.0
409828_2018-11-06_14-02-59_filtered_2026-04-09_04-59-00,3,43,0.1612299999997049,False,False,0,0,0.0,0.0,False,False,0,0,0.0,0.0,False,False,0,0,0.0,0.0,False,False,0,0,0.0,0.0,False,False,0,0,0.0,0.0,False,False,0,0,0.0,0.0
409828_2018-11-06_14-02-59_filtered_2026-04-09_04-59-00,3,44,0.1612299999997049,False,False,0,0,0.0,0.0,False,False,0,0,0.0,0.0,False,False,0,0,0.0,0.0,False,False,0,0,0.0,0.0,False,False,0,0,0.0,0.0,False,False,0,0,0.0,0.0
409828_2018-11-06_14-02-59_filtered_2026-04-09_04-59-00,3,45,0.1612299999997049,False,False,0,0,0.0,0.0,False,False,0,0,0.0,0.0,False,False,0,0,0.0,0.0,False,False,0,0,0.0,0.0,False,False,0,0,0.0,0.0,False,False,0,0,0.0,0.0
409828_2018-11-06_14-02-59_filtered_2026-04-09_04-59-00,3,46,0.1612299999997049,False,False,0,0,0.0,0.0,False,True,0,1,0.0,1.0,True,False,1,0,1.0,0.0,False,False,0,0,0.0,0.0,False,False,0,0,0.0,0.0,False,False,0,0,0.0,0.0
409828_2018-11-06_14-02-59_filtered_2026-04-09_04-59-00,3,47,0.1612299999997049,False,False,0,0,0.0,0.0,False,False,0,0,0.0,0.0,False,False,0,0,0.0,0.0,False,False,0,0,0.0,0.0,False,False,0,0,0.0,0.0,False,False,0,0,0.0,0.0
409828_2018-11-06_14-02-59_filtered_2026-04-09_04-59-00,3,48,0.1612299999997049,True,True,1,3,1.0,0.3333333333333333,True,True,3,3,0.3333333333333333,0.6,True,True,6,7,0.375,0.4,False,True,0,1,0.0,1.0,False,True,0,1,0.0,1.0,True,True,2,3,0.5,0.6666666666666666
409828_2018-11-06_14-02-59_filtered_2026-04-09_04-59-00,3,49,0.1612299999997049,False,False,0,0,0.0,0.0,False,False,0,0,0.0,0.0,False,False,0,0,0.0,0.0,False,False,0,0,0.0,0.0,False,False,0,0,0.0,0.0,False,False,0,0,0.0,0.0
409828_2018-11-06_14-02-59_filtered_2026-04-09_04-59-00,3,50,0.1612299999997049,False,False,0,0,0.0,0.0,False,False,0,0,0.0,0.0,False,False,0,0,0.0,0.0,False,False,0,0,0.0,0.0,False,False,0,0,0.0,0.0,False,False,0,0,0.0,0.0
409828_2018-11-06_14-02-59_filtered_2026-04-09_04-59-00,3,51,0.1612299999997049,False,False,0,0,0.0,0.0,False,False,0,0,0.0,0.0,False,False,0,0,0.0,0.0,False,False,0,0,0.0,0.0,False,False,0,0,0.0,0.0,False,False,0,0,0.0,0.0
409828_2018-11-06_14-02-59_filtered_2026-04-09_04-59-00,3,52,0.1612299999997049,False,False,0,0,0.0,0.0,False,False,0,0,0.0,0.0,True,False,1,0,1.0,0.0,False,False,0,0,0.0,0.0,False,False,0,0,0.0,0.0,False,False,0,0,0.0,0.0
409828_2018-11-06_14-02-59_filtered_2026-04-09_04-59-00,3,53,0.1612299999997049,True,True,4,2,0.25,0.5,True,True,8,6,0.125,0.3333333333333333,True,True,12,13,0.16,0.2,False,False,0,0,0.0,0.0,True,True,2,1,0.5,1.0,True,True,6,7,0.3333333333333333,0.3
409828_2018-11-06_14-02-59_filtered_2026-04-09_04-59-00,3,54,0.1612299999997049,False,False,0,0,0.0,0.0,False,False,0,0,0.0,0.0,False,True,0,1,0.0,1.0,False,False,0,0,0.0,0.0,False,False,0,0,0.0,0.0,False,False,0,0,0.0,0.0
409828_2018-11-06_14-02-59_filtered_2026-04-09_04-59-00,3,56,0.1612299999997049,False,False,0,0,0.0,0.0,False,False,0,0,0.0,0.0,False,False,0,0,0.0,0.0,False,False,0,0,0.0,0.0,False,False,0,0,0.0,0.0,False,False,0,0,0.0,0.0
409828_2018-11-06_14-02-59_filtered_2026-04-09_04-59-00,3,57,0.1612299999997049,False,False,0,0,0.0,0.0,False,False,0,0,0.0,0.0,False,False,0,0,0.0,0.0,False,False,0,0,0.0,0.0,False,False,0,0,0.0,0.0,False,False,0,0,0.0,0.0
409828_2018-11-06_14-02-59_filtered_2026-04-09_04-59-00,3,58,0.1612299999997049,False,False,0,0,0.0,0.0,False,False,0,0,0.0,0.0,False,True,0,1,0.0,1.0,False,False,0,0,0.0,0.0,False,False,0,0,0.0,0.0,True,False,3,0,0.3333333333333333,0.0
409828_2018-11-06_14-02-59_filtered_2026-04-09_04-59-00,3,59,0.1612299999997049,False,False,0,0,0.0,0.0,False,False,0,0,0.0,0.0,False,False,0,0,0.0,0.0,False,False,0,0,0.0,0.0,False,False,0,0,0.0,0.0,False,False,0,0,0.0,0.0
409828_2018-11-06_14-02-59_filtered_2026-04-09_04-59-00,3,60,0.1612299999997049,False,False,0,0,0.0,0.0,False,False,0,0,0.0,0.0,True,True,1,1,1.0,1.0,False,False,0,0,0.0,0.0,False,False,0,0,0.0,0.0,True,False,1,0,1.0,0.0
409828_2018-11-06_14-02-59_filtered_2026-04-09_04-59-00,3,61,0.1612299999997049,False,False,0,0,0.0,0.0,False,False,0,0,0.0,0.0,False,False,0,0,0.0,0.0,False,False,0,0,0.0,0.0,False,False,0,0,0.0,0.0,False,True,0,1,0.0,1.0
409828_2018-11-06_14-02-59_filtered_2026-04-09_04-59-00,3,62,0.1612299999997049,False,False,0,0,0.0,0.0,False,False,0,0,0.0,0.0,False,False,0,0,0.0,0.0,False,False,0,0,0.0,0.0,False,False,0,0,0.0,0.0,False,False,0,0,0.0,0.0
409828_2018-11-06_14-02-59_filtered_2026-04-09_04-59-00,3,63,0.1612299999997049,False,False,0,0,0.0,0.0,False,False,0,0,0.0,0.0,False,False,0,0,0.0,0.0,False,False,0,0,0.0,0.0,False,False,0,0,0.0,0.0,False,False,0,0,0.0,0.0
409828_2018-11-06_14-02-59_filtered_2026-04-09_04-59-00,3,65,0.1612299999997049,False,False,0,0,0.0,0.0,False,False,0,0,0.0,0.0,False,False,0,0,0.0,0.0,False,False,0,0,0.0,0.0,False,False,0,0,0.0,0.0,False,False,0,0,0.0,0.0
409828_2018-11-06_14-02-59_filtered_2026-04-09_04-59-00,3,66,0.1612299999997049,False,False,0,0,0.0,0.0,False,False,0,0,0.0,0.0,False,False,0,0,0.0,0.0,False,False,0,0,0.0,0.0,False,True,0,1,0.0,1.0,False,True,0,1,0.0,1.0
409828_2018-11-06_14-02-59_filtered_2026-04-09_04-59-00,3,67,0.1612299999997049,False,False,0,0,0.0,0.0,False,False,0,0,0.0,0.0,False,False,0,0,0.0,0.0,False,False,0,0,0.0,0.0,False,False,0,0,0.0,0.0,False,False,0,0,0.0,0.0
409828_2018-11-06_14-02-59_filtered_2026-04-09_04-59-00,3,68,0.1612299999997049,False,False,0,0,0.0,0.0,False,False,0,0,0.0,0.0,False,True,0,1,0.0,1.0,False,False,0,0,0.0,0.0,False,False,0,0,0.0,0.0,False,True,0,1,0.0,1.0
409828_2018-11-06_14-02-59_filtered_2026-04-09_04-59-00,3,69,0.1612299999997049,True,True,7,10,0.25,0.1,True,True,16,13,0.17857142857142858,0.2857142857142857,True,True,9,7,0.39344262295081966,0.43137254901960786,True,False,1,0,1.0,0.0,True,True,3,3,0.6,0.3333333333333333,True,True,13,11,0.325,0.39473684210526316
409828_2018-11-06_14-02-59_filtered_2026-04-09_04-59-00,3,70,0.1612299999997049,True,True,7,4,0.2222222222222222,0.4,True,True,11,8,0.23529411764705882,0.38461538461538464,True,True,13,16,0.18421052631578946,0.15789473684210525,False,True,0,1,0.0,1.0,True,True,6,1,0.25,1.0,True,True,11,12,0.2647058823529412,0.21052631578947367
409828_2018-11-06_14-02-59_filtered_2026-04-09_04-59-00,3,71,0.1612299999997049,False,True,0,1,0.0,1.0,False,True,0,2,0.0,0.5,True,True,1,2,1.0,0.75,False,True,0,1,0.0,1.0,False,True,0,1,0.0,1.0,False,True,0,2,0.0,0.6666666666666666
409828_2018-11-06_14-02-59_filtered_2026-04-09_04-59-00,3,72,0.1612299999997049,False,False,0,0,0.0,0.0,False,False,0,0,0.0,0.0,False,False,0,0,0.0,0.0,False,False,0,0,0.0,0.0,False,False,0,0,0.0,0.0,True,False,1,0,1.0,0.0
409828_2018-11-06_14-02-59_filtered_2026-04-09_04-59-00,3,73,0.1612299999997049,False,False,0,0,0.0,0.0,False,True,0,1,0.0,1.0,True,True,2,3,0.5,0.6,False,False,0,0,0.0,0.0,True,True,1,1,1.0,1.0,True,True,2,1,0.5,1.0
409828_2018-11-06_14-02-59_filtered_2026-04-09_04-59-00,3,74,0.1612299999997049,False,False,0,0,0.0,0.0,False,False,0,0,0.0,0.0,False,False,0,0,0.0,0.0,False,False,0,0,0.0,0.0,False,False,0,0,0.0,0.0,False,False,0,0,0.0,0.0
409828_2018-11-06_14-02-59_filtered_2026-04-09_04-59-00,3,75,0.1612299999997049,False,False,0,0,0.0,0.0,False,False,0,0,0.0,0.0,False,True,0,1,0.0,1.0,False,False,0,0,0.0,0.0,False,False,0,0,0.0,0.0,True,True,1,1,1.0,1.0
409828_2018-11-06_14-02-59_filtered_2026-04-09_04-59-00,3,76,0.1612299999997049,True,True,12,22,0.21739130434782608,0.10344827586206896,True,True,14,19,0.19642857142857142,0.125,True,True,2,3,0.9875,0.6842105263157895,True,True,10,10,0.18181818181818182,0.23076923076923078,True,True,6,4,0.6619718309859155,0.6619718309859155,True,True,1,1,1.0,1.0
409828_2018-11-06_14-02-59_filtered_2026-04-09_04-59-00,3,77,0.1612299999997049,False,False,0,0,0.0,0.0,False,False,0,0,0.0,0.0,False,False,0,0,0.0,0.0,False,False,0,0,0.0,0.0,False,False,0,0,0.0,0.0,False,False,0,0,0.0,0.0
409828_2018-11-06_14-02-59_filtered_2026-04-09_04-59-00,3,78,0.1612299999997049,False,False,0,0,0.0,0.0,False,False,0,0,0.0,0.0,True,True,1,2,1.0,0.5,False,False,0,0,0.0,0.0,True,False,1,0,1.0,0.0,True,True,1,1,1.0,1.0
409828_2018-11-06_14-02-59_filtered_2026-04-09_04-59-00,3,80,0.1612299999997049,True,True,7,10,0.25,0.25,True,True,16,14,0.21875,0.3142857142857143,True,True,9,13,0.6538461538461539,0.49056603773584906,False,False,0,0,0.0,0.0,True,True,5,4,0.2857142857142857,0.625,True,True,7,7,0.6307692307692307,0.6811594202898551
409828_2018-11-06_14-02-59_filtered_2026-04-09_04-59-00,3,82,0.1612299999997049,False,False,0,0,0.0,0.0,False,False,0,0,0.0,0.0,False,False,0,0,0.0,0.0,False,False,0,0,0.0,0.0,False,False,0,0,0.0,0.0,False,False,0,0,0.0,0.0
409828_2018-11-06_14-02-59_filtered_2026-04-09_04-59-00,3,83,0.1612299999997049,True,True,16,21,0.15625,0.0967741935483871,True,True,8,7,0.5396825396825397,0.7121212121212122,True,True,4,3,0.875,0.9342105263157895,True,True,11,13,0.29411764705882354,0.3,True,True,6,3,0.49295774647887325,0.7567567567567568,True,True,1,1,1.0,1.0
409828_2018-11-06_14-02-59_filtered_2026-04-09_04-59-00,3,84,0.1612299999997049,False,False,0,0,0.0,0.0,False,False,0,0,0.0,0.0,True,False,3,0,0.3333333333333333,0.0,False,False,0,0,0.0,0.0,True,False,1,0,1.0,0.0,True,False,2,0,0.6666666666666666,0.0
409828_2018-11-06_14-02-59_filtered_2026-04-09_04-59-00,3,85,0.1612299999997049,False,False,0,0,0.0,0.0,False,False,0,0,0.0,0.0,False,False,0,0,0.0,0.0,False,False,0,0,0.0,0.0,False,False,0,0,0.0,0.0,False,False,0,0,0.0,0.0
409828_2018-11-06_14-02-59_filtered_2026-04-09_04-59-00,3,86,0.1612299999997049,False,False,0,0,0.0,0.0,True,True,1,1,1.0,1.0,True,True,5,5,0.2857142857142857,0.375,False,False,0,0,0.0,0.0,True,True,2,1,0.6666666666666666,1.0,True,True,6,3,0.2857142857142857,0.5
409828_2018-11-06_14-02-59_filtered_2026-04-09_04-59-00,3,87,0.1612299999997049,False,False,0,0,0.0,0.0,True,True,4,1,0.25,1.0,True,True,4,4,0.25,0.5714285714285714,False,False,0,0,0.0,0.0,False,True,0,1,0.0,1.0,True,True,3,5,0.3333333333333333,0.2
409828_2018-11-06_14-02-59_filtered_2026-04-09_04-59-00,3,88,0.1612299999997049,True,True,10,8,0.1,0.125,True,True,15,15,0.19230769230769232,0.15789473684210525,True,True,16,16,0.20512820512820512,0.16,False,True,0,1,0.0,1.0,True,True,6,2,0.16666666666666666,0.5,True,True,10,12,0.21052631578947367,0.2222222222222222
409828_2018-11-06_14-02-59_filtered_2026-04-09_04-59-00,3,90,0.1612299999997049,True,True,4,5,0.8974358974358975,0.3333333333333333,True,True,1,1,1.0,1.0,True,True,1,1,1.0,1.0,True,True,2,5,0.989247311827957,0.935064935064935,True,True,1,1,1.0,1.0,True,True,1,1,1.0,1.0
409828_2018-11-06_14-02-59_filtered_2026-04-09_04-59-00,3,91,0.1612299999997049,False,False,0,0,0.0,0.0,False,False,0,0,0.0,0.0,False,False,0,0,0.0,0.0,False,False,0,0,0.0,0.0,False,False,0,0,0.0,0.0,False,False,0,0,0.0,0.0
409828_2018-11-06_14-02-59_filtered_2026-04-09_04-59-00,3,92,0.1612299999997049,False,False,0,0,0.0,0.0,False,False,0,0,0.0,0.0,True,False,1,0,1.0,0.0,False,False,0,0,0.0,0.0,True,False,1,0,1.0,0.0,True,False,1,0,1.0,0.0
409828_2018-11-06_14-02-59_filtered_2026-04-09_04-59-00,3,93,0.1612299999997049,False,False,0,0,0.0,0.0,False,False,0,0,0.0,0.0,True,False,1,0,1.0,0.0,False,False,0,0,0.0,0.0,True,False,1,0,1.0,0.0,True,False,1,0,1.0,0.0
409828_2018-11-06_14-02-59_filtered_2026-04-09_04-59-00,3,94,0.1612299999997049,False,False,0,0,0.0,0.0,False,False,0,0,0.0,0.0,False,False,0,0,0.0,0.0,False,False,0,0,0.0,0.0,True,False,1,0,1.0,0.0,True,False,1,0,1.0,0.0
409828_2018-11-06_14-02-59_filtered_2026-04-09_04-59-00,3,95,0.1612299999997049,False,False,0,0,0.0,0.0,False,False,0,0,0.0,0.0,False,False,0,0,0.0,0.0,False,False,0,0,0.0,0.0,False,False,0,0,0.0,0.0,False,False,0,0,0.0,0.0
409828_2018-11-06_14-02-59_filtered_2026-04-09_04-59-00,3,96,0.1612299999997049,False,False,0,0,0.0,0.0,False,False,0,0,0.0,0.0,True,True,1,1,1.0,1.0,False,False,0,0,0.0,0.0,False,False,0,0,0.0,0.0,False,False,0,0,0.0,0.0
409828_2018-11-06_14-02-59_filtered_2026-04-09_04-59-00,3,98,0.1612299999997049,True,True,10,11,0.25,0.14285714285714285,True,True,13,11,0.2857142857142857,0.3877551020408163,True,True,9,5,0.5645161290322581,0.696969696969697,True,True,1,2,1.0,0.8,True,True,7,7,0.5714285714285714,0.23529411764705882,True,True,6,3,0.7058823529411765,0.9452054794520548
409828_2018-11-06_14-02-59_filtered_2026-04-09_04-59-00,3,99,0.1612299999997049,False,False,0,0,0.0,0.0,False,False,0,0,0.0,0.0,True,True,2,2,0.6666666666666666,0.5,False,False,0,0,0.0,0.0,True,False,1,0,1.0,0.0,True,False,3,0,0.3333333333333333,0.0
409828_2018-11-06_14-02-59_filtered_2026-04-09_04-59-00,3,100,0.1612299999997049,False,False,0,0,0.0,0.0,False,False,0,0,0.0,0.0,False,False,0,0,0.0,0.0,False,False,0,0,0.0,0.0,False,False,0,0,0.0,0.0,False,False,0,0,0.0,0.0
409828_2018-11-06_14-02-59_filtered_2026-04-09_04-59-00,3,101,0.1612299999997049,False,False,0,0,0.0,0.0,False,True,0,1,0.0,1.0,True,False,4,0,0.25,0.0,False,False,0,0,0.0,0.0,True,False,1,0,1.0,0.0,True,True,2,2,0.5,0.5
409828_2018-11-06_14-02-59_filtered_2026-04-09_04-59-00,3,102,0.1612299999997049,False,False,0,0,0.0,0.0,False,False,0,0,0.0,0.0,False,False,0,0,0.0,0.0,False,False,0,0,0.0,0.0,False,False,0,0,0.0,0.0,False,False,0,0,0.0,0.0
409828_2018-11-06_14-02-59_filtered_2026-04-09_04-59-00,3,103,0.1612299999997049,False,False,0,0,0.0,0.0,True,False,1,0,1.0,0.0,False,True,0,1,0.0,1.0,False,False,0,0,0.0,0.0,False,False,0,0,0.0,0.0,False,False,0,0,0.0,0.0
409828_2018-11-06_14-02-59_filtered_2026-04-09_04-59-00,3,104,0.1612299999997049,False,False,0,0,0.0,0.0,False,False,0,0,0.0,0.0,False,False,0,0,0.0,0.0,False,False,0,0,0.0,0.0,False,False,0,0,0.0,0.0,False,False,0,0,0.0,0.0
409828_2018-11-06_14-02-59_filtered_2026-04-09_04-59-00,3,105,0.1612299999997049,False,False,0,0,0.0,0.0,False,False,0,0,0.0,0.0,False,False,0,0,0.0,0.0,False,False,0,0,0.0,0.0,False,False,0,0,0.0,0.0,True,False,1,0,1.0,0.0
409828_2018-11-06_14-02-59_filtered_2026-04-09_04-59-00,3,106,0.1612299999997049,False,False,0,0,0.0,0.0,False,False,0,0,0.0,0.0,True,True,3,1,0.3333333333333333,1.0,False,False,0,0,0.0,0.0,False,False,0,0,0.0,0.0,False,False,0,0,0.0,0.0
409828_2018-11-06_14-02-59_filtered_2026-04-09_04-59-00,3,107,0.1612299999997049,False,False,0,0,0.0,0.0,False,False,0,0,0.0,0.0,False,False,0,0,0.0,0.0,False,False,0,0,0.0,0.0,False,False,0,0,0.0,0.0,False,True,0,1,0.0,1.0
409828_2018-11-06_14-02-59_filtered_2026-04-09_04-59-00,3,109,0.1612299999997049,False,False,0,0,0.0,0.0,False,False,0,0,0.0,0.0,False,True,0,1,0.0,1.0,False,False,0,0,0.0,0.0,False,False,0,0,0.0,0.0,False,False,0,0,0.0,0.0
409828_2018-11-06_14-02-59_filtered_2026-04-09_04-59-00,3,111,0.1612299999997049,False,False,0,0,0.0,0.0,False,False,0,0,0.0,0.0,False,False,0,0,0.0,0.0,False,False,0,0,0.0,0.0,False,False,0,0,0.0,0.0,False,False,0,0,0.0,0.0
409828_2018-11-06_14-02-59_filtered_2026-04-09_04-59-00,3,112,0.1612299999997049,False,False,0,0,0.0,0.0,False,False,0,0,0.0,0.0,False,False,0,0,0.0,0.0,False,False,0,0,0.0,0.0,False,False,0,0,0.0,0.0,False,False,0,0,0.0,0.0
409828_2018-11-06_14-02-59_filtered_2026-04-09_04-59-00,3,113,0.1612299999997049,False,False,0,0,0.0,0.0,False,False,0,0,0.0,0.0,False,False,0,0,0.0,0.0,False,False,0,0,0.0,0.0,False,False,0,0,0.0,0.0,True,False,1,0,1.0,0.0
409828_2018-11-06_14-02-59_filtered_2026-04-09_04-59-00,3,114,0.1612299999997049,False,False,0,0,0.0,0.0,False,False,0,0,0.0,0.0,False,False,0,0,0.0,0.0,False,False,0,0,0.0,0.0,False,False,0,0,0.0,0.0,True,False,1,0,1.0,0.0
409828_2018-11-06_14-02-59_filtered_2026-04-09_04-59-00,3,115,0.1612299999997049,False,False,0,0,0.0,0.0,False,False,0,0,0.0,0.0,True,False,1,0,1.0,0.0,False,False,0,0,0.0,0.0,False,False,0,0,0.0,0.0,True,False,1,0,1.0,0.0
409828_2018-11-06_14-02-59_filtered_2026-04-09_04-59-00,3,116,0.1612299999997049,True,True,4,2,0.25,0.5,True,True,11,11,0.23529411764705882,0.2,True,True,13,16,0.275,0.325,False,False,0,0,0.0,0.0,True,True,2,1,0.6666666666666666,1.0,True,True,13,12,0.32,0.16666666666666666
409828_2018-11-06_14-02-59_filtered_2026-04-09_04-59-00,3,117,0.1612299999997049,False,False,0,0,0.0,0.0,False,False,0,0,0.0,0.0,False,False,0,0,0.0,0.0,False,False,0,0,0.0,0.0,False,False,0,0,0.0,0.0,True,False,1,0,1.0,0.0
409828_2018-11-06_14-02-59_filtered_2026-04-09_04-59-00,3,118,0.1612299999997049,False,False,0,0,0.0,0.0,False,False,0,0,0.0,0.0,False,False,0,0,0.0,0.0,False,False,0,0,0.0,0.0,False,False,0,0,0.0,0.0,False,False,0,0,0.0,0.0
409828_2018-11-06_14-02-59_filtered_2026-04-09_04-59-00,3,119,0.1612299999997049,False,False,0,0,0.0,0.0,False,False,0,0,0.0,0.0,False,False,0,0,0.0,0.0,False,False,0,0,0.0,0.0,False,False,0,0,0.0,0.0,False,False,0,0,0.0,0.0
409828_2018-11-06_14-02-59_filtered_2026-04-09_04-59-00,3,120,0.1612299999997049,False,False,0,0,0.0,0.0,False,False,0,0,0.0,0.0,True,True,1,1,1.0,1.0,False,False,0,0,0.0,0.0,False,True,0,1,0.0,1.0,True,True,1,1,1.0,1.0
409828_2018-11-06_14-02-59_filtered_2026-04-09_04-59-00,3,121,0.1612299999997049,False,False,0,0,0.0,0.0,False,False,0,0,0.0,0.0,False,True,0,1,0.0,1.0,False,False,0,0,0.0,0.0,False,True,0,1,0.0,1.0,True,True,2,3,0.5,0.5
409828_2018-11-06_14-02-59_filtered_2026-04-09_04-59-00,3,122,0.1612299999997049,False,False,0,0,0.0,0.0,False,False,0,0,0.0,0.0,True,True,1,1,1.0,1.0,False,False,0,0,0.0,0.0,False,True,0,1,0.0,1.0,False,True,0,2,0.0,0.5
409828_2018-11-06_14-02-59_filtered_2026-04-09_04-59-00,3,124,0.1612299999997049,False,False,0,0,0.0,0.0,False,False,0,0,0.0,0.0,False,False,0,0,0.0,0.0,False,False,0,0,0.0,0.0,True,False,1,0,1.0,0.0,True,False,2,0,0.5,0.0
409828_2018-11-06_14-02-59_filtered_2026-04-09_04-59-00,3,126,0.1612299999997049,False,False,0,0,0.0,0.0,False,False,0,0,0.0,0.0,True,True,5,2,0.3333333333333333,0.5,False,False,0,0,0.0,0.0,False,False,0,0,0.0,0.0,True,False,4,0,0.5,0.0
409828_2018-11-06_14-02-59_filtered_2026-04-09_04-59-00,3,128,0.1612299999997049,False,False,0,0,0.0,0.0,False,False,0,0,0.0,0.0,False,False,0,0,0.0,0.0,False,False,0,0,0.0,0.0,False,False,0,0,0.0,0.0,False,False,0,0,0.0,0.0
409828_2018-11-06_14-02-59_filtered_2026-04-09_04-59-00,3,130,0.1612299999997049,True,True,17,16,0.12,0.1724137931034483,True,True,9,11,0.509090909090909,0.4074074074074074,True,True,2,5,0.9615384615384616,0.8194444444444444,True,True,3,1,0.6,1.0,True,True,14,14,0.25925925925925924,0.2857142857142857,True,True,1,1,1.0,1.0
409828_2018-11-06_14-02-59_filtered_2026-04-09_04-59-00,3,131,0.1612299999997049,True,True,1,1,1.0,1.0,True,True,1,1,1.0,1.0,True,True,2,1,0.75,1.0,True,False,1,0,1.0,0.0,True,False,1,0,1.0,0.0,True,True,2,1,0.6666666666666666,1.0
409828_2018-11-06_14-02-59_filtered_2026-04-09_04-59-00,3,132,0.1612299999997049,False,False,0,0,0.0,0.0,False,False,0,0,0.0,0.0,False,False,0,0,0.0,0.0,False,False,0,0,0.0,0.0,False,False,0,0,0.0,0.0,False,True,0,2,0.0,0.5
409828_2018-11-06_14-02-59_filtered_2026-04-09_04-59-00,3,133,0.1612299999997049,False,False,0,0,0.0,0.0,False,False,0,0,0.0,0.0,True,True,1,1,1.0,1.0,False,False,0,0,0.0,0.0,False,True,0,1,0.0,1.0,False,True,0,1,0.0,1.0
409828_2018-11-06_14-02-59_filtered_2026-04-09_04-59-00,3,134,0.1612299999997049,False,False,0,0,0.0,0.0,False,False,0,0,0.0,0.0,False,False,0,0,0.0,0.0,False,False,0,0,0.0,0.0,True,False,1,0,1.0,0.0,True,False,1,0,1.0,0.0
409828_2018-11-06_14-02-59_filtered_2026-04-09_04-59-00,3,135,0.1612299999997049,False,False,0,0,0.0,0.0,False,False,0,0,0.0,0.0,True,False,1,0,1.0,0.0,False,False,0,0,0.0,0.0,False,False,0,0,0.0,0.0,False,False,0,0,0.0,0.0
409828_2018-11-06_14-02-59_filtered_2026-04-09_04-59-00,3,138,0.1612299999997049,True,True,8,9,0.2222222222222222,0.2,True,True,15,12,0.18518518518518517,0.30303030303030304,True,True,16,14,0.2916666666666667,0.26,False,True,0,1,0.0,1.0,True,True,2,2,0.5,0.8,True,True,16,17,0.35,0.24242424242424243
409828_2018-11-06_14-02-59_filtered_2026-04-09_04-59-00,3,143,0.1612299999997049,False,False,0,0,0.0,0.0,False,False,0,0,0.0,0.0,True,False,1,0,1.0,0.0,False,False,0,0,0.0,0.0,False,False,0,0,0.0,0.0,True,False,1,0,1.0,0.0
409828_2018-11-06_14-02-59_filtered_2026-04-09_04-59-00,3,144,0.1612299999997049,False,False,0,0,0.0,0.0,False,False,0,0,0.0,0.0,False,False,0,0,0.0,0.0,False,False,0,0,0.0,0.0,False,False,0,0,0.0,0.0,True,True,1,1,1.0,1.0
409828_2018-11-06_14-02-59_filtered_2026-04-09_04-59-00,3,147,0.1612299999997049,False,False,0,0,0.0,0.0,False,False,0,0,0.0,0.0,False,True,0,2,0.0,0.5,False,False,0,0,0.0,0.0,False,False,0,0,0.0,0.0,False,False,0,0,0.0,0.0
409828_2018-11-06_14-02-59_filtered_2026-04-09_04-59-00,3,148,0.1612299999997049,False,False,0,0,0.0,0.0,False,False,0,0,0.0,0.0,False,False,0,0,0.0,0.0,False,False,0,0,0.0,0.0,False,False,0,0,0.0,0.0,False,False,0,0,0.0,0.0
409828_2018-11-06_14-02-59_filtered_2026-04-09_04-59-00,3,149,0.1612299999997049,False,True,0,1,0.0,1.0,False,False,0,0,0.0,0.0,True,True,1,1,1.0,1.0,False,False,0,0,0.0,0.0,False,True,0,1,0.0,1.0,False,True,0,1,0.0,1.0
409828_2018-11-06_14-02-59_filtered_2026-04-09_04-59-00,3,150,0.1612299999997049,True,True,13,12,0.125,0.1875,True,True,15,18,0.23076923076923078,0.18181818181818182,True,True,10,15,0.5263157894736842,0.2765957446808511,False,True,0,1,0.0,1.0,True,True,4,6,0.4,0.4444444444444444,True,True,8,12,0.22,0.20930232558139536
409828_2018-11-06_14-02-59_filtered_2026-04-09_04-59-00,3,154,0.1612299999997049,False,False,0,0,0.0,0.0,False,False,0,0,0.0,0.0,False,False,0,0,0.0,0.0,False,False,0,0,0.0,0.0,False,False,0,0,0.0,0.0,False,False,0,0,0.0,0.0
409828_2018-11-06_14-02-59_filtered_2026-04-09_04-59-00,3,155,0.1612299999997049,False,False,0,0,0.0,0.0,False,False,0,0,0.0,0.0,False,False,0,0,0.0,0.0,False,False,0,0,0.0,0.0,False,False,0,0,0.0,0.0,False,False,0,0,0.0,0.0
409828_2018-11-06_14-02-59_filtered_2026-04-09_04-59-00,3,156,0.1612299999997049,True,True,7,1,0.14285714285714285,1.0,True,True,9,11,0.29411764705882354,0.23076923076923078,True,True,15,19,0.19444444444444445,0.14285714285714285,True,True,1,1,1.0,1.0,True,True,1,2,1.0,0.6666666666666666,True,True,9,13,0.29411764705882354,0.16666666666666666
409828_2018-11-06_14-02-59_filtered_2026-04-09_04-59-00,3,157,0.1612299999997049,True,True,4,8,0.4,0.2222222222222222,True,True,14,15,0.2,0.20833333333333334,True,True,12,11,0.5769230769230769,0.6363636363636364,False,True,0,1,0.0,1.0,True,True,3,5,0.3333333333333333,0.5,True,True,9,14,0.37037037037037035,0.23076923076923078
409828_2018-11-06_14-02-59_filtered_2026-04-09_04-59-00,3,159,0.1612299999997049,False,False,0,0,0.0,0.0,False,False,0,0,0.0,0.0,True,False,1,0,1.0,0.0,False,False,0,0,0.0,0.0,False,False,0,0,0.0,0.0,True,False,1,0,1.0,0.0
409828_2018-11-06_14-02-59_filtered_2026-04-09_04-59-00,3,160,0.1612299999997049,False,False,0,0,0.0,0.0,False,False,0,0,0.0,0.0,False,False,0,0,0.0,0.0,False,False,0,0,0.0,0.0,False,False,0,0,0.0,0.0,True,False,1,0,1.0,0.0
409828_2018-11-06_14-02-59_filtered_2026-04-09_04-59-00,3,161,0.1612299999997049,True,True,13,8,0.125,0.3333333333333333,True,True,16,16,0.19444444444444445,0.15555555555555556,True,True,3,4,0.9090909090909091,0.7833333333333333,False,True,0,1,0.0,1.0,True,True,10,8,0.16666666666666666,0.25,True,True,2,4,0.9880952380952381,0.9577464788732394
409828_2018-11-06_14-02-59_filtered_2026-04-09_04-59-00,3,162,0.1612299999997049,False,False,0,0,0.0,0.0,True,True,2,1,0.5,1.0,False,True,0,2,0.0,0.5,False,False,0,0,0.0,0.0,False,False,0,0,0.0,0.0,True,False,1,0,1.0,0.0
409828_2018-11-06_14-02-59_filtered_2026-04-09_04-59-00,3,164,0.1612299999997049,False,False,0,0,0.0,0.0,False,True,0,1,0.0,1.0,True,True,1,1,1.0,1.0,False,False,0,0,0.0,0.0,False,False,0,0,0.0,0.0,True,True,1,1,1.0,1.0
409828_2018-11-06_14-02-59_filtered_2026-04-09_04-59-00,3,165,0.1612299999997049,False,False,0,0,0.0,0.0,False,False,0,0,0.0,0.0,False,False,0,0,0.0,0.0,False,False,0,0,0.0,0.0,False,False,0,0,0.0,0.0,False,False,0,0,0.0,0.0
409828_2018-11-06_14-02-59_filtered_2026-04-09_04-59-00,3,167,0.1612299999997049,True,True,4,4,0.2857142857142857,0.5,True,True,12,13,0.30434782608695654,0.23529411764705882,True,True,16,10,0.3018867924528302,0.2727272727272727,True,True,1,1,1.0,1.0,True,True,9,7,0.3333333333333333,0.14285714285714285,True,True,2,4,0.9868421052631579,0.9466666666666667
409828_2018-11-06_14-02-59_filtered_2026-04-09_04-59-00,3,174,0.1612299999997049,False,False,0,0,0.0,0.0,False,False,0,0,0.0,0.0,False,False,0,0,0.0,0.0,False,False,0,0,0.0,0.0,False,False,0,0,0.0,0.0,False,False,0,0,0.0,0.0
409828_2018-11-06_14-02-59_filtered_2026-04-09_04-59-00,3,175,0.1612299999997049,False,False,0,0,0.0,0.0,False,False,0,0,0.0,0.0,False,False,0,0,0.0,0.0,False,False,0,0,0.0,0.0,False,False,0,0,0.0,0.0,False,False,0,0,0.0,0.0
409828_2018-11-06_14-02-59_filtered_2026-04-09_04-59-00,3,181,0.1612299999997049,False,False,0,0,0.0,0.0,False,False,0,0,0.0,0.0,False,False,0,0,0.0,0.0,False,False,0,0,0.0,0.0,False,False,0,0,0.0,0.0,False,False,0,0,0.0,0.0
409828_2018-11-06_14-02-59_filtered_2026-04-09_04-59-00,3,183,0.1612299999997049,False,False,0,0,0.0,0.0,False,False,0,0,0.0,0.0,False,False,0,0,0.0,0.0,False,False,0,0,0.0,0.0,True,False,1,0,1.0,0.0,True,True,1,1,1.0,1.0
409828_2018-11-06_14-02-59_filtered_2026-04-09_04-59-00,3,184,0.1612299999997049,False,False,0,0,0.0,0.0,False,False,0,0,0.0,0.0,False,False,0,0,0.0,0.0,False,False,0,0,0.0,0.0,False,False,0,0,0.0,0.0,False,False,0,0,0.0,0.0
409828_2018-11-06_14-02-59_filtered_2026-04-09_04-59-00,3,189,0.1612299999997049,False,False,0,0,0.0,0.0,False,False,0,0,0.0,0.0,False,False,0,0,0.0,0.0,False,False,0,0,0.0,0.0,False,False,0,0,0.0,0.0,False,False,0,0,0.0,0.0
409828_2018-11-06_14-02-59_filtered_2026-04-09_04-59-00,3,195,0.1612299999997049,False,False,0,0,0.0,0.0,False,False,0,0,0.0,0.0,True,True,2,3,0.5,0.3333333333333333,False,False,0,0,0.0,0.0,False,False,0,0,0.0,0.0,False,False,0,0,0.0,0.0
409828_2018-11-06_14-02-59_filtered_2026-04-09_04-59-00,3,197,0.1612299999997049,True,True,13,16,0.20689655172413793,0.16,True,True,5,7,0.9459459459459459,0.515625,True,True,2,3,0.9759036144578314,0.8133333333333334,True,True,1,1,1.0,1.0,True,True,9,6,0.25,0.5454545454545454,True,True,5,5,0.8032786885245902,0.864406779661017
409828_2018-11-06_14-02-59_filtered_2026-04-09_04-59-00,3,202,0.1612299999997049,False,False,0,0,0.0,0.0,False,False,0,0,0.0,0.0,False,False,0,0,0.0,0.0,False,False,0,0,0.0,0.0,False,False,0,0,0.0,0.0,False,False,0,0,0.0,0.0
409828_2018-11-06_14-02-59_filtered_2026-04-09_04-59-00,3,205,0.1612299999997049,False,False,0,0,0.0,0.0,False,False,0,0,0.0,0.0,False,True,0,2,0.0,0.5,False,False,0,0,0.0,0.0,False,False,0,0,0.0,0.0,True,True,1,2,1.0,0.5
409828_2018-11-06_14-02-59_filtered_2026-04-09_04-59-00,3,231,0.1612299999997049,False,False,0,0,0.0,0.0,False,True,0,1,0.0,1.0,False,True,0,2,0.0,0.6666666666666666,False,False,0,0,0.0,0.0,True,False,1,0,1.0,0.0,True,True,1,1,1.0,1.0
409828_2018-11-06_14-02-59_filtered_2026-04-09_04-59-00,3,240,0.1612299999997049,True,False,1,0,1.0,0.0,True,True,6,4,0.16666666666666666,0.25,True,True,6,6,0.3,0.16666666666666666,False,False,0,0,0.0,0.0,True,True,1,1,1.0,1.0,True,True,6,5,0.375,0.3333333333333333
409828_2018-11-06_14-02-59_filtered_2026-04-09_04-59-00,3,245,0.1612299999997049,False,False,0,0,0.0,0.0,False,False,0,0,0.0,0.0,False,False,0,0,0.0,0.0,False,False,0,0,0.0,0.0,False,False,0,0,0.0,0.0,False,False,0,0,0.0,0.0
409828_2018-11-06_14-02-59_filtered_2026-04-09_04-59-00,3,259,0.1612299999997049,False,False,0,0,0.0,0.0,False,False,0,0,0.0,0.0,False,False,0,0,0.0,0.0,False,False,0,0,0.0,0.0,True,False,1,0,1.0,0.0,True,False,3,0,0.3333333333333333,0.0
409828_2018-11-06_14-02-59_filtered_2026-04-09_04-59-00,3,272,0.1612299999997049,False,False,0,0,0.0,0.0,False,False,0,0,0.0,0.0,False,False,0,0,0.0,0.0,False,False,0,0,0.0,0.0,False,False,0,0,0.0,0.0,False,False,0,0,0.0,0.0
409828_2018-11-06_14-02-59_filtered_2026-04-09_04-59-00,3,276,0.1612299999997049,False,False,0,0,0.0,0.0,False,False,0,0,0.0,0.0,True,True,1,1,1.0,1.0,False,False,0,0,0.0,0.0,False,False,0,0,0.0,0.0,False,False,0,0,0.0,0.0
409828_2018-11-06_14-02-59_filtered_2026-04-09_04-59-00,3,282,0.1612299999997049,False,False,0,0,0.0,0.0,False,False,0,0,0.0,0.0,False,False,0,0,0.0,0.0,False,False,0,0,0.0,0.0,False,False,0,0,0.0,0.0,False,False,0,0,0.0,0.0
409828_2018-11-06_14-02-59_filtered_2026-04-09_04-59-00,3,317,0.1612299999997049,False,False,0,0,0.0,0.0,False,False,0,0,0.0,0.0,False,False,0,0,0.0,0.0,False,False,0,0,0.0,0.0,False,False,0,0,0.0,0.0,False,False,0,0,0.0,0.0
409828_2018-11-06_14-02-59_filtered_2026-04-09_04-59-00,3,324,0.1612299999997049,False,False,0,0,0.0,0.0,False,False,0,0,0.0,0.0,False,False,0,0,0.0,0.0,False,False,0,0,0.0,0.0,False,False,0,0,0.0,0.0,False,False,0,0,0.0,0.0
409828_2018-11-06_14-02-59_filtered_2026-04-09_04-59-00,3,326,0.1612299999997049,False,False,0,0,0.0,0.0,False,False,0,0,0.0,0.0,False,True,0,1,0.0,1.0,False,False,0,0,0.0,0.0,False,False,0,0,0.0,0.0,False,False,0,0,0.0,0.0
409828_2018-11-06_14-02-59_filtered_2026-04-09_04-59-00,3,353,0.1612299999997049,False,True,0,2,0.0,0.5,True,True,10,11,0.1,0.16666666666666666,True,True,12,18,0.27586206896551724,0.12,True,False,1,0,1.0,0.0,True,True,1,1,1.0,1.0,True,True,8,11,0.42857142857142855,0.15384615384615385
409828_2018-11-06_14-02-59_filtered_2026-04-09_04-59-00,3,435,0.1612299999997049,False,False,0,0,0.0,0.0,False,False,0,0,0.0,0.0,False,True,0,2,0.0,0.5,False,False,0,0,0.0,0.0,False,False,0,0,0.0,0.0,True,False,1,0,1.0,0.0
409828_2018-11-06_14-02-59_filtered_2026-04-09_04-59-00,3,464,0.1612299999997049,False,False,0,0,0.0,0.0,False,False,0,0,0.0,0.0,False,False,0,0,0.0,0.0,False,False,0,0,0.0,0.0,True,False,1,0,1.0,0.0,True,False,1,0,1.0,0.0
409828_2018-11-06_14-02-59_filtered_2026-04-09_04-59-00,3,498,0.1612299999997049,False,False,0,0,0.0,0.0,False,True,0,1,0.0,1.0,False,False,0,0,0.0,0.0,False,False,0,0,0.0,0.0,False,False,0,0,0.0,0.0,True,False,1,0,1.0,0.0
409828_2018-11-06_14-02-59_filtered_2026-04-09_04-59-00,3,516,0.1612299999997049,False,False,0,0,0.0,0.0,False,False,0,0,0.0,0.0,False,False,0,0,0.0,0.0,False,False,0,0,0.0,0.0,True,False,1,0,1.0,0.0,True,False,1,0,1.0,0.0
409828_2018-11-06_14-02-59_filtered_2026-04-09_04-59-00,4,0,0.16122999999993226,False,False,0,0,0.0,0.0,False,False,0,0,0.0,0.0,False,False,0,0,0.0,0.0,False,False,0,0,0.0,0.0,False,False,0,0,0.0,0.0,False,False,0,0,0.0,0.0
409828_2018-11-06_14-02-59_filtered_2026-04-09_04-59-00,4,1,0.16122999999993226,False,False,0,0,0.0,0.0,False,False,0,0,0.0,0.0,False,False,0,0,0.0,0.0,False,False,0,0,0.0,0.0,False,False,0,0,0.0,0.0,False,False,0,0,0.0,0.0
409828_2018-11-06_14-02-59_filtered_2026-04-09_04-59-00,4,2,0.16122999999993226,False,False,0,0,0.0,0.0,False,False,0,0,0.0,0.0,False,False,0,0,0.0,0.0,False,False,0,0,0.0,0.0,False,False,0,0,0.0,0.0,False,False,0,0,0.0,0.0
409828_2018-11-06_14-02-59_filtered_2026-04-09_04-59-00,4,3,0.16122999999993226,False,False,0,0,0.0,0.0,False,False,0,0,0.0,0.0,False,False,0,0,0.0,0.0,False,False,0,0,0.0,0.0,False,False,0,0,0.0,0.0,False,False,0,0,0.0,0.0
409828_2018-11-06_14-02-59_filtered_2026-04-09_04-59-00,4,4,0.16122999999993226,False,False,0,0,0.0,0.0,False,False,0,0,0.0,0.0,False,True,0,1,0.0,1.0,False,False,0,0,0.0,0.0,False,False,0,0,0.0,0.0,True,False,1,0,1.0,0.0
409828_2018-11-06_14-02-59_filtered_2026-04-09_04-59-00,4,5,0.16122999999993226,False,False,0,0,0.0,0.0,False,False,0,0,0.0,0.0,False,False,0,0,0.0,0.0,False,False,0,0,0.0,0.0,False,False,0,0,0.0,0.0,False,False,0,0,0.0,0.0
409828_2018-11-06_14-02-59_filtered_2026-04-09_04-59-00,4,6,0.16122999999993226,False,False,0,0,0.0,0.0,False,True,0,1,0.0,1.0,False,False,0,0,0.0,0.0,False,False,0,0,0.0,0.0,False,False,0,0,0.0,0.0,False,False,0,0,0.0,0.0
409828_2018-11-06_14-02-59_filtered_2026-04-09_04-59-00,4,7,0.16122999999993226,False,False,0,0,0.0,0.0,False,False,0,0,0.0,0.0,False,False,0,0,0.0,0.0,False,False,0,0,0.0,0.0,False,False,0,0,0.0,0.0,False,False,0,0,0.0,0.0
409828_2018-11-06_14-02-59_filtered_2026-04-09_04-59-00,4,8,0.16122999999993226,False,False,0,0,0.0,0.0,False,True,0,1,0.0,1.0,False,False,0,0,0.0,0.0,False,False,0,0,0.0,0.0,True,False,1,0,1.0,0.0,True,True,1,1,1.0,1.0
409828_2018-11-06_14-02-59_filtered_2026-04-09_04-59-00,4,9,0.16122999999993226,False,False,0,0,0.0,0.0,False,False,0,0,0.0,0.0,False,True,0,1,0.0,1.0,False,False,0,0,0.0,0.0,False,False,0,0,0.0,0.0,False,False,0,0,0.0,0.0
409828_2018-11-06_14-02-59_filtered_2026-04-09_04-59-00,4,10,0.16122999999993226,False,False,0,0,0.0,0.0,False,False,0,0,0.0,0.0,True,False,1,0,1.0,0.0,False,False,0,0,0.0,0.0,False,False,0,0,0.0,0.0,True,False,2,0,0.5,0.0
409828_2018-11-06_14-02-59_filtered_2026-04-09_04-59-00,4,11,0.16122999999993226,False,False,0,0,0.0,0.0,False,False,0,0,0.0,0.0,False,False,0,0,0.0,0.0,False,False,0,0,0.0,0.0,False,False,0,0,0.0,0.0,False,False,0,0,0.0,0.0
409828_2018-11-06_14-02-59_filtered_2026-04-09_04-59-00,4,12,0.16122999999993226,False,False,0,0,0.0,0.0,False,False,0,0,0.0,0.0,False,True,0,1,0.0,1.0,False,False,0,0,0.0,0.0,False,False,0,0,0.0,0.0,True,False,1,0,1.0,0.0
409828_2018-11-06_14-02-59_filtered_2026-04-09_04-59-00,4,13,0.16122999999993226,False,False,0,0,0.0,0.0,False,False,0,0,0.0,0.0,True,True,1,1,1.0,1.0,False,False,0,0,0.0,0.0,False,False,0,0,0.0,0.0,True,False,1,0,1.0,0.0
409828_2018-11-06_14-02-59_filtered_2026-04-09_04-59-00,4,14,0.16122999999993226,False,False,0,0,0.0,0.0,False,False,0,0,0.0,0.0,False,False,0,0,0.0,0.0,False,False,0,0,0.0,0.0,False,False,0,0,0.0,0.0,False,False,0,0,0.0,0.0
409828_2018-11-06_14-02-59_filtered_2026-04-09_04-59-00,4,15,0.16122999999993226,False,False,0,0,0.0,0.0,False,False,0,0,0.0,0.0,True,False,1,0,1.0,0.0,False,False,0,0,0.0,0.0,False,False,0,0,0.0,0.0,True,False,1,0,1.0,0.0
409828_2018-11-06_14-02-59_filtered_2026-04-09_04-59-00,4,16,0.16122999999993226,False,False,0,0,0.0,0.0,False,False,0,0,0.0,0.0,False,True,0,1,0.0,1.0,False,False,0,0,0.0,0.0,False,False,0,0,0.0,0.0,False,True,0,1,0.0,1.0
409828_2018-11-06_14-02-59_filtered_2026-04-09_04-59-00,4,17,0.16122999999993226,False,False,0,0,0.0,0.0,False,False,0,0,0.0,0.0,True,True,1,2,1.0,0.5,False,False,0,0,0.0,0.0,False,True,0,1,0.0,1.0,False,True,0,1,0.0,1.0
409828_2018-11-06_14-02-59_filtered_2026-04-09_04-59-00,4,18,0.16122999999993226,False,False,0,0,0.0,0.0,False,False,0,0,0.0,0.0,False,False,0,0,0.0,0.0,False,False,0,0,0.0,0.0,False,False,0,0,0.0,0.0,False,False,0,0,0.0,0.0
409828_2018-11-06_14-02-59_filtered_2026-04-09_04-59-00,4,19,0.16122999999993226,False,False,0,0,0.0,0.0,False,False,0,0,0.0,0.0,True,True,1,1,1.0,1.0,False,False,0,0,0.0,0.0,False,False,0,0,0.0,0.0,False,False,0,0,0.0,0.0
409828_2018-11-06_14-02-59_filtered_2026-04-09_04-59-00,4,20,0.16122999999993226,False,False,0,0,0.0,0.0,False,False,0,0,0.0,0.0,False,False,0,0,0.0,0.0,False,False,0,0,0.0,0.0,False,False,0,0,0.0,0.0,False,False,0,0,0.0,0.0
409828_2018-11-06_14-02-59_filtered_2026-04-09_04-59-00,4,21,0.16122999999993226,False,False,0,0,0.0,0.0,False,False,0,0,0.0,0.0,False,False,0,0,0.0,0.0,False,False,0,0,0.0,0.0,False,False,0,0,0.0,0.0,False,False,0,0,0.0,0.0
409828_2018-11-06_14-02-59_filtered_2026-04-09_04-59-00,4,22,0.16122999999993226,False,False,0,0,0.0,0.0,False,False,0,0,0.0,0.0,False,False,0,0,0.0,0.0,False,False,0,0,0.0,0.0,False,False,0,0,0.0,0.0,False,False,0,0,0.0,0.0
409828_2018-11-06_14-02-59_filtered_2026-04-09_04-59-00,4,23,0.16122999999993226,False,False,0,0,0.0,0.0,False,False,0,0,0.0,0.0,False,False,0,0,0.0,0.0,False,False,0,0,0.0,0.0,False,False,0,0,0.0,0.0,False,False,0,0,0.0,0.0
409828_2018-11-06_14-02-59_filtered_2026-04-09_04-59-00,4,24,0.16122999999993226,False,False,0,0,0.0,0.0,False,False,0,0,0.0,0.0,False,False,0,0,0.0,0.0,False,False,0,0,0.0,0.0,False,False,0,0,0.0,0.0,False,False,0,0,0.0,0.0
409828_2018-11-06_14-02-59_filtered_2026-04-09_04-59-00,4,25,0.16122999999993226,False,False,0,0,0.0,0.0,False,False,0,0,0.0,0.0,False,False,0,0,0.0,0.0,False,False,0,0,0.0,0.0,False,False,0,0,0.0,0.0,False,False,0,0,0.0,0.0
409828_2018-11-06_14-02-59_filtered_2026-04-09_04-59-00,4,26,0.16122999999993226,False,False,0,0,0.0,0.0,False,False,0,0,0.0,0.0,False,False,0,0,0.0,0.0,False,False,0,0,0.0,0.0,False,False,0,0,0.0,0.0,False,False,0,0,0.0,0.0
409828_2018-11-06_14-02-59_filtered_2026-04-09_04-59-00,4,27,0.16122999999993226,False,False,0,0,0.0,0.0,False,False,0,0,0.0,0.0,False,False,0,0,0.0,0.0,False,False,0,0,0.0,0.0,False,False,0,0,0.0,0.0,False,True,0,1,0.0,1.0
409828_2018-11-06_14-02-59_filtered_2026-04-09_04-59-00,4,28,0.16122999999993226,False,False,0,0,0.0,0.0,False,False,0,0,0.0,0.0,False,False,0,0,0.0,0.0,False,False,0,0,0.0,0.0,False,False,0,0,0.0,0.0,False,True,0,1,0.0,1.0
409828_2018-11-06_14-02-59_filtered_2026-04-09_04-59-00,4,29,0.16122999999993226,False,False,0,0,0.0,0.0,False,False,0,0,0.0,0.0,False,False,0,0,0.0,0.0,False,False,0,0,0.0,0.0,False,False,0,0,0.0,0.0,False,False,0,0,0.0,0.0
409828_2018-11-06_14-02-59_filtered_2026-04-09_04-59-00,4,30,0.16122999999993226,False,False,0,0,0.0,0.0,False,False,0,0,0.0,0.0,False,False,0,0,0.0,0.0,False,False,0,0,0.0,0.0,False,False,0,0,0.0,0.0,False,False,0,0,0.0,0.0
409828_2018-11-06_14-02-59_filtered_2026-04-09_04-59-00,4,31,0.16122999999993226,False,False,0,0,0.0,0.0,False,False,0,0,0.0,0.0,True,True,2,1,0.6666666666666666,1.0,False,False,0,0,0.0,0.0,True,False,1,0,1.0,0.0,True,False,1,0,1.0,0.0
409828_2018-11-06_14-02-59_filtered_2026-04-09_04-59-00,4,32,0.16122999999993226,False,False,0,0,0.0,0.0,False,False,0,0,0.0,0.0,True,False,1,0,1.0,0.0,False,False,0,0,0.0,0.0,False,False,0,0,0.0,0.0,False,True,0,1,0.0,1.0
409828_2018-11-06_14-02-59_filtered_2026-04-09_04-59-00,4,33,0.16122999999993226,False,False,0,0,0.0,0.0,False,False,0,0,0.0,0.0,False,False,0,0,0.0,0.0,False,False,0,0,0.0,0.0,False,False,0,0,0.0,0.0,False,False,0,0,0.0,0.0
409828_2018-11-06_14-02-59_filtered_2026-04-09_04-59-00,4,34,0.16122999999993226,False,False,0,0,0.0,0.0,False,False,0,0,0.0,0.0,False,False,0,0,0.0,0.0,False,False,0,0,0.0,0.0,False,False,0,0,0.0,0.0,False,False,0,0,0.0,0.0
409828_2018-11-06_14-02-59_filtered_2026-04-09_04-59-00,4,35,0.16122999999993226,False,False,0,0,0.0,0.0,False,False,0,0,0.0,0.0,False,False,0,0,0.0,0.0,False,False,0,0,0.0,0.0,False,False,0,0,0.0,0.0,True,False,1,0,1.0,0.0
409828_2018-11-06_14-02-59_filtered_2026-04-09_04-59-00,4,36,0.16122999999993226,False,False,0,0,0.0,0.0,False,False,0,0,0.0,0.0,False,False,0,0,0.0,0.0,False,False,0,0,0.0,0.0,False,False,0,0,0.0,0.0,False,False,0,0,0.0,0.0
409828_2018-11-06_14-02-59_filtered_2026-04-09_04-59-00,4,37,0.16122999999993226,False,False,0,0,0.0,0.0,False,False,0,0,0.0,0.0,False,False,0,0,0.0,0.0,False,False,0,0,0.0,0.0,False,False,0,0,0.0,0.0,False,False,0,0,0.0,0.0
409828_2018-11-06_14-02-59_filtered_2026-04-09_04-59-00,4,38,0.16122999999993226,False,False,0,0,0.0,0.0,True,False,1,0,1.0,0.0,False,False,0,0,0.0,0.0,False,False,0,0,0.0,0.0,False,False,0,0,0.0,0.0,False,True,0,1,0.0,1.0
409828_2018-11-06_14-02-59_filtered_2026-04-09_04-59-00,4,39,0.16122999999993226,False,False,0,0,0.0,0.0,False,False,0,0,0.0,0.0,False,False,0,0,0.0,0.0,False,False,0,0,0.0,0.0,False,False,0,0,0.0,0.0,False,False,0,0,0.0,0.0
409828_2018-11-06_14-02-59_filtered_2026-04-09_04-59-00,4,40,0.16122999999993226,False,False,0,0,0.0,0.0,False,False,0,0,0.0,0.0,False,False,0,0,0.0,0.0,False,False,0,0,0.0,0.0,False,False,0,0,0.0,0.0,False,False,0,0,0.0,0.0
409828_2018-11-06_14-02-59_filtered_2026-04-09_04-59-00,4,41,0.16122999999993226,False,False,0,0,0.0,0.0,False,False,0,0,0.0,0.0,False,False,0,0,0.0,0.0,False,False,0,0,0.0,0.0,False,False,0,0,0.0,0.0,False,False,0,0,0.0,0.0
409828_2018-11-06_14-02-59_filtered_2026-04-09_04-59-00,4,42,0.16122999999993226,False,False,0,0,0.0,0.0,False,False,0,0,0.0,0.0,False,False,0,0,0.0,0.0,False,False,0,0,0.0,0.0,False,False,0,0,0.0,0.0,False,False,0,0,0.0,0.0
409828_2018-11-06_14-02-59_filtered_2026-04-09_04-59-00,4,43,0.16122999999993226,False,False,0,0,0.0,0.0,False,False,0,0,0.0,0.0,False,False,0,0,0.0,0.0,False,False,0,0,0.0,0.0,False,False,0,0,0.0,0.0,False,False,0,0,0.0,0.0
409828_2018-11-06_14-02-59_filtered_2026-04-09_04-59-00,4,44,0.16122999999993226,False,False,0,0,0.0,0.0,False,False,0,0,0.0,0.0,True,False,1,0,1.0,0.0,False,False,0,0,0.0,0.0,False,False,0,0,0.0,0.0,True,False,1,0,1.0,0.0
409828_2018-11-06_14-02-59_filtered_2026-04-09_04-59-00,4,45,0.16122999999993226,False,False,0,0,0.0,0.0,False,False,0,0,0.0,0.0,False,False,0,0,0.0,0.0,False,False,0,0,0.0,0.0,False,False,0,0,0.0,0.0,False,False,0,0,0.0,0.0
409828_2018-11-06_14-02-59_filtered_2026-04-09_04-59-00,4,46,0.16122999999993226,False,False,0,0,0.0,0.0,False,False,0,0,0.0,0.0,False,False,0,0,0.0,0.0,False,False,0,0,0.0,0.0,False,False,0,0,0.0,0.0,False,False,0,0,0.0,0.0
409828_2018-11-06_14-02-59_filtered_2026-04-09_04-59-00,4,47,0.16122999999993226,False,False,0,0,0.0,0.0,False,False,0,0,0.0,0.0,False,False,0,0,0.0,0.0,False,False,0,0,0.0,0.0,False,False,0,0,0.0,0.0,False,True,0,1,0.0,1.0
409828_2018-11-06_14-02-59_filtered_2026-04-09_04-59-00,4,48,0.16122999999993226,False,False,0,0,0.0,0.0,False,False,0,0,0.0,0.0,True,False,1,0,1.0,0.0,False,False,0,0,0.0,0.0,False,False,0,0,0.0,0.0,True,False,1,0,1.0,0.0
409828_2018-11-06_14-02-59_filtered_2026-04-09_04-59-00,4,49,0.16122999999993226,False,False,0,0,0.0,0.0,False,False,0,0,0.0,0.0,False,False,0,0,0.0,0.0,False,False,0,0,0.0,0.0,False,False,0,0,0.0,0.0,False,False,0,0,0.0,0.0
409828_2018-11-06_14-02-59_filtered_2026-04-09_04-59-00,4,50,0.16122999999993226,False,False,0,0,0.0,0.0,False,False,0,0,0.0,0.0,False,False,0,0,0.0,0.0,False,False,0,0,0.0,0.0,False,False,0,0,0.0,0.0,False,False,0,0,0.0,0.0
409828_2018-11-06_14-02-59_filtered_2026-04-09_04-59-00,4,51,0.16122999999993226,True,True,2,1,0.5,1.0,False,False,0,0,0.0,0.0,True,False,1,0,1.0,0.0,False,False,0,0,0.0,0.0,False,False,0,0,0.0,0.0,True,False,1,0,1.0,0.0
409828_2018-11-06_14-02-59_filtered_2026-04-09_04-59-00,4,52,0.16122999999993226,True,True,2,1,0.5,1.0,True,True,10,7,0.25,0.14285714285714285,True,True,10,13,0.38095238095238093,0.16666666666666666,False,False,0,0,0.0,0.0,False,True,0,1,0.0,1.0,True,True,6,7,0.2727272727272727,0.3333333333333333
409828_2018-11-06_14-02-59_filtered_2026-04-09_04-59-00,4,53,0.16122999999993226,False,False,0,0,0.0,0.0,False,False,0,0,0.0,0.0,False,False,0,0,0.0,0.0,False,False,0,0,0.0,0.0,False,False,0,0,0.0,0.0,False,False,0,0,0.0,0.0
409828_2018-11-06_14-02-59_filtered_2026-04-09_04-59-00,4,54,0.16122999999993226,False,False,0,0,0.0,0.0,False,False,0,0,0.0,0.0,True,True,3,2,0.3333333333333333,0.5,False,False,0,0,0.0,0.0,False,False,0,0,0.0,0.0,False,True,0,2,0.0,0.5
409828_2018-11-06_14-02-59_filtered_2026-04-09_04-59-00,4,55,0.16122999999993226,False,False,0,0,0.0,0.0,False,False,0,0,0.0,0.0,False,False,0,0,0.0,0.0,False,False,0,0,0.0,0.0,False,False,0,0,0.0,0.0,True,False,1,0,1.0,0.0
409828_2018-11-06_14-02-59_filtered_2026-04-09_04-59-00,4,56,0.16122999999993226,False,False,0,0,0.0,0.0,False,False,0,0,0.0,0.0,False,False,0,0,0.0,0.0,False,False,0,0,0.0,0.0,False,False,0,0,0.0,0.0,False,False,0,0,0.0,0.0
409828_2018-11-06_14-02-59_filtered_2026-04-09_04-59-00,4,57,0.16122999999993226,False,False,0,0,0.0,0.0,False,False,0,0,0.0,0.0,False,False,0,0,0.0,0.0,False,False,0,0,0.0,0.0,False,False,0,0,0.0,0.0,False,False,0,0,0.0,0.0
409828_2018-11-06_14-02-59_filtered_2026-04-09_04-59-00,4,58,0.16122999999993226,False,False,0,0,0.0,0.0,False,False,0,0,0.0,0.0,True,False,1,0,1.0,0.0,False,False,0,0,0.0,0.0,True,False,1,0,1.0,0.0,True,False,1,0,1.0,0.0
409828_2018-11-06_14-02-59_filtered_2026-04-09_04-59-00,4,59,0.16122999999993226,False,False,0,0,0.0,0.0,False,False,0,0,0.0,0.0,False,False,0,0,0.0,0.0,False,False,0,0,0.0,0.0,False,False,0,0,0.0,0.0,False,False,0,0,0.0,0.0
409828_2018-11-06_14-02-59_filtered_2026-04-09_04-59-00,4,60,0.16122999999993226,False,False,0,0,0.0,0.0,False,False,0,0,0.0,0.0,True,True,1,1,1.0,1.0,False,False,0,0,0.0,0.0,False,False,0,0,0.0,0.0,True,True,1,2,1.0,0.5
409828_2018-11-06_14-02-59_filtered_2026-04-09_04-59-00,4,61,0.16122999999993226,False,False,0,0,0.0,0.0,False,False,0,0,0.0,0.0,False,False,0,0,0.0,0.0,False,False,0,0,0.0,0.0,False,False,0,0,0.0,0.0,False,False,0,0,0.0,0.0
409828_2018-11-06_14-02-59_filtered_2026-04-09_04-59-00,4,62,0.16122999999993226,False,False,0,0,0.0,0.0,False,False,0,0,0.0,0.0,False,False,0,0,0.0,0.0,False,False,0,0,0.0,0.0,False,False,0,0,0.0,0.0,True,False,1,0,1.0,0.0
409828_2018-11-06_14-02-59_filtered_2026-04-09_04-59-00,4,63,0.16122999999993226,False,False,0,0,0.0,0.0,True,False,1,0,1.0,0.0,True,True,1,1,1.0,1.0,False,False,0,0,0.0,0.0,False,False,0,0,0.0,0.0,True,True,1,1,1.0,1.0
409828_2018-11-06_14-02-59_filtered_2026-04-09_04-59-00,4,64,0.16122999999993226,False,False,0,0,0.0,0.0,False,False,0,0,0.0,0.0,True,True,1,1,1.0,1.0,False,False,0,0,0.0,0.0,False,False,0,0,0.0,0.0,True,False,1,0,1.0,0.0
409828_2018-11-06_14-02-59_filtered_2026-04-09_04-59-00,4,65,0.16122999999993226,False,False,0,0,0.0,0.0,False,False,0,0,0.0,0.0,True,True,3,2,0.3333333333333333,0.5,False,False,0,0,0.0,0.0,True,False,1,0,1.0,0.0,True,True,5,2,0.2857142857142857,0.5
409828_2018-11-06_14-02-59_filtered_2026-04-09_04-59-00,4,66,0.16122999999993226,False,False,0,0,0.0,0.0,False,False,0,0,0.0,0.0,False,False,0,0,0.0,0.0,False,False,0,0,0.0,0.0,False,False,0,0,0.0,0.0,False,False,0,0,0.0,0.0
409828_2018-11-06_14-02-59_filtered_2026-04-09_04-59-00,4,67,0.16122999999993226,False,False,0,0,0.0,0.0,False,False,0,0,0.0,0.0,False,False,0,0,0.0,0.0,False,False,0,0,0.0,0.0,False,False,0,0,0.0,0.0,False,False,0,0,0.0,0.0
409828_2018-11-06_14-02-59_filtered_2026-04-09_04-59-00,4,68,0.16122999999993226,False,False,0,0,0.0,0.0,False,False,0,0,0.0,0.0,False,False,0,0,0.0,0.0,False,False,0,0,0.0,0.0,False,False,0,0,0.0,0.0,True,False,1,0,1.0,0.0
409828_2018-11-06_14-02-59_filtered_2026-04-09_04-59-00,4,69,0.16122999999993226,False,False,0,0,0.0,0.0,False,False,0,0,0.0,0.0,False,False,0,0,0.0,0.0,False,False,0,0,0.0,0.0,False,False,0,0,0.0,0.0,False,False,0,0,0.0,0.0
409828_2018-11-06_14-02-59_filtered_2026-04-09_04-59-00,4,70,0.16122999999993226,False,False,0,0,0.0,0.0,False,False,0,0,0.0,0.0,False,False,0,0,0.0,0.0,False,False,0,0,0.0,0.0,False,False,0,0,0.0,0.0,False,False,0,0,0.0,0.0
409828_2018-11-06_14-02-59_filtered_2026-04-09_04-59-00,4,71,0.16122999999993226,False,False,0,0,0.0,0.0,False,False,0,0,0.0,0.0,False,False,0,0,0.0,0.0,False,False,0,0,0.0,0.0,False,False,0,0,0.0,0.0,False,True,0,1,0.0,1.0
409828_2018-11-06_14-02-59_filtered_2026-04-09_04-59-00,4,72,0.16122999999993226,False,False,0,0,0.0,0.0,False,False,0,0,0.0,0.0,True,False,1,0,1.0,0.0,False,False,0,0,0.0,0.0,False,False,0,0,0.0,0.0,True,False,1,0,1.0,0.0
409828_2018-11-06_14-02-59_filtered_2026-04-09_04-59-00,4,73,0.16122999999993226,False,False,0,0,0.0,0.0,False,False,0,0,0.0,0.0,True,True,1,1,1.0,1.0,False,False,0,0,0.0,0.0,False,False,0,0,0.0,0.0,False,False,0,0,0.0,0.0
409828_2018-11-06_14-02-59_filtered_2026-04-09_04-59-00,4,74,0.16122999999993226,False,False,0,0,0.0,0.0,False,False,0,0,0.0,0.0,False,False,0,0,0.0,0.0,False,False,0,0,0.0,0.0,False,False,0,0,0.0,0.0,True,False,1,0,1.0,0.0
409828_2018-11-06_14-02-59_filtered_2026-04-09_04-59-00,4,75,0.16122999999993226,True,True,8,9,0.25,0.25,True,True,11,14,0.3181818181818182,0.2,True,True,10,14,0.5283018867924528,0.36363636363636365,False,False,0,0,0.0,0.0,True,True,6,4,0.4444444444444444,0.4,True,True,12,10,0.44,0.1891891891891892
409828_2018-11-06_14-02-59_filtered_2026-04-09_04-59-00,4,76,0.16122999999993226,False,False,0,0,0.0,0.0,False,False,0,0,0.0,0.0,False,False,0,0,0.0,0.0,False,False,0,0,0.0,0.0,False,False,0,0,0.0,0.0,False,False,0,0,0.0,0.0
409828_2018-11-06_14-02-59_filtered_2026-04-09_04-59-00,4,77,0.16122999999993226,False,False,0,0,0.0,0.0,False,False,0,0,0.0,0.0,False,False,0,0,0.0,0.0,False,False,0,0,0.0,0.0,False,False,0,0,0.0,0.0,False,False,0,0,0.0,0.0
409828_2018-11-06_14-02-59_filtered_2026-04-09_04-59-00,4,78,0.16122999999993226,True,True,5,9,0.2,0.18181818181818182,True,True,16,12,0.24242424242424243,0.2727272727272727,True,True,9,13,0.2549019607843137,0.22727272727272727,False,False,0,0,0.0,0.0,True,True,12,7,0.1875,0.2727272727272727,True,True,10,11,0.6451612903225806,0.21428571428571427
409828_2018-11-06_14-02-59_filtered_2026-04-09_04-59-00,4,79,0.16122999999993226,False,False,0,0,0.0,0.0,False,False,0,0,0.0,0.0,False,False,0,0,0.0,0.0,False,False,0,0,0.0,0.0,False,False,0,0,0.0,0.0,False,False,0,0,0.0,0.0
409828_2018-11-06_14-02-59_filtered_2026-04-09_04-59-00,4,81,0.16122999999993226,False,False,0,0,0.0,0.0,True,False,1,0,1.0,0.0,True,True,2,3,0.5,0.3333333333333333,False,False,0,0,0.0,0.0,False,False,0,0,0.0,0.0,True,False,3,0,0.3333333333333333,0.0
409828_2018-11-06_14-02-59_filtered_2026-04-09_04-59-00,4,82,0.16122999999993226,False,False,0,0,0.0,0.0,False,False,0,0,0.0,0.0,False,False,0,0,0.0,0.0,False,False,0,0,0.0,0.0,False,False,0,0,0.0,0.0,True,False,1,0,1.0,0.0
409828_2018-11-06_14-02-59_filtered_2026-04-09_04-59-00,4,83,0.16122999999993226,False,False,0,0,0.0,0.0,False,False,0,0,0.0,0.0,False,False,0,0,0.0,0.0,False,False,0,0,0.0,0.0,False,False,0,0,0.0,0.0,True,True,2,1,0.5,1.0
409828_2018-11-06_14-02-59_filtered_2026-04-09_04-59-00,4,84,0.16122999999993226,False,False,0,0,0.0,0.0,False,True,0,1,0.0,1.0,False,False,0,0,0.0,0.0,False,False,0,0,0.0,0.0,False,False,0,0,0.0,0.0,False,False,0,0,0.0,0.0
409828_2018-11-06_14-02-59_filtered_2026-04-09_04-59-00,4,85,0.16122999999993226,False,False,0,0,0.0,0.0,False,False,0,0,0.0,0.0,False,False,0,0,0.0,0.0,False,False,0,0,0.0,0.0,False,False,0,0,0.0,0.0,False,False,0,0,0.0,0.0
409828_2018-11-06_14-02-59_filtered_2026-04-09_04-59-00,4,86,0.16122999999993226,False,False,0,0,0.0,0.0,True,False,1,0,1.0,0.0,False,False,0,0,0.0,0.0,False,False,0,0,0.0,0.0,False,False,0,0,0.0,0.0,False,False,0,0,0.0,0.0
409828_2018-11-06_14-02-59_filtered_2026-04-09_04-59-00,4,87,0.16122999999993226,False,False,0,0,0.0,0.0,False,False,0,0,0.0,0.0,False,False,0,0,0.0,0.0,False,False,0,0,0.0,0.0,False,False,0,0,0.0,0.0,False,False,0,0,0.0,0.0
409828_2018-11-06_14-02-59_filtered_2026-04-09_04-59-00,4,88,0.16122999999993226,False,False,0,0,0.0,0.0,False,False,0,0,0.0,0.0,False,False,0,0,0.0,0.0,False,False,0,0,0.0,0.0,False,False,0,0,0.0,0.0,False,False,0,0,0.0,0.0
409828_2018-11-06_14-02-59_filtered_2026-04-09_04-59-00,4,89,0.16122999999993226,False,False,0,0,0.0,0.0,False,False,0,0,0.0,0.0,False,False,0,0,0.0,0.0,False,False,0,0,0.0,0.0,False,False,0,0,0.0,0.0,False,True,0,1,0.0,1.0
409828_2018-11-06_14-02-59_filtered_2026-04-09_04-59-00,4,90,0.16122999999993226,False,False,0,0,0.0,0.0,False,False,0,0,0.0,0.0,False,False,0,0,0.0,0.0,False,False,0,0,0.0,0.0,False,False,0,0,0.0,0.0,False,False,0,0,0.0,0.0
409828_2018-11-06_14-02-59_filtered_2026-04-09_04-59-00,4,91,0.16122999999993226,False,False,0,0,0.0,0.0,False,False,0,0,0.0,0.0,True,False,1,0,1.0,0.0,False,False,0,0,0.0,0.0,False,False,0,0,0.0,0.0,True,False,1,0,1.0,0.0
409828_2018-11-06_14-02-59_filtered_2026-04-09_04-59-00,4,92,0.16122999999993226,True,False,2,0,0.5,0.0,False,False,0,0,0.0,0.0,True,True,2,3,0.5,0.6,False,False,0,0,0.0,0.0,False,True,0,1,0.0,1.0,True,True,2,1,0.5,1.0
409828_2018-11-06_14-02-59_filtered_2026-04-09_04-59-00,4,93,0.16122999999993226,False,False,0,0,0.0,0.0,False,False,0,0,0.0,0.0,False,False,0,0,0.0,0.0,False,False,0,0,0.0,0.0,False,False,0,0,0.0,0.0,False,False,0,0,0.0,0.0
409828_2018-11-06_14-02-59_filtered_2026-04-09_04-59-00,4,94,0.16122999999993226,False,False,0,0,0.0,0.0,False,False,0,0,0.0,0.0,True,False,1,0,1.0,0.0,False,False,0,0,0.0,0.0,False,False,0,0,0.0,0.0,False,False,0,0,0.0,0.0
409828_2018-11-06_14-02-59_filtered_2026-04-09_04-59-00,4,95,0.16122999999993226,False,False,0,0,0.0,0.0,False,False,0,0,0.0,0.0,True,False,1,0,1.0,0.0,False,False,0,0,0.0,0.0,True,False,1,0,1.0,0.0,True,False,1,0,1.0,0.0
409828_2018-11-06_14-02-59_filtered_2026-04-09_04-59-00,4,96,0.16122999999993226,False,False,0,0,0.0,0.0,False,False,0,0,0.0,0.0,False,False,0,0,0.0,0.0,False,False,0,0,0.0,0.0,False,False,0,0,0.0,0.0,False,False,0,0,0.0,0.0
409828_2018-11-06_14-02-59_filtered_2026-04-09_04-59-00,4,97,0.16122999999993226,False,False,0,0,0.0,0.0,False,False,0,0,0.0,0.0,False,True,0,1,0.0,1.0,False,False,0,0,0.0,0.0,False,False,0,0,0.0,0.0,True,False,3,0,0.3333333333333333,0.0
409828_2018-11-06_14-02-59_filtered_2026-04-09_04-59-00,4,99,0.16122999999993226,False,False,0,0,0.0,0.0,False,False,0,0,0.0,0.0,False,False,0,0,0.0,0.0,False,False,0,0,0.0,0.0,False,False,0,0,0.0,0.0,False,False,0,0,0.0,0.0
409828_2018-11-06_14-02-59_filtered_2026-04-09_04-59-00,4,100,0.16122999999993226,False,False,0,0,0.0,0.0,False,False,0,0,0.0,0.0,True,False,1,0,1.0,0.0,False,False,0,0,0.0,0.0,False,True,0,1,0.0,1.0,True,True,2,1,0.5,1.0
409828_2018-11-06_14-02-59_filtered_2026-04-09_04-59-00,4,101,0.16122999999993226,False,False,0,0,0.0,0.0,False,False,0,0,0.0,0.0,True,True,2,1,0.5,1.0,False,False,0,0,0.0,0.0,False,False,0,0,0.0,0.0,True,False,1,0,1.0,0.0
409828_2018-11-06_14-02-59_filtered_2026-04-09_04-59-00,4,102,0.16122999999993226,True,True,10,9,0.23076923076923078,0.2,True,True,15,18,0.22580645161290322,0.12,True,True,7,13,0.5409836065573771,0.3333333333333333,False,True,0,1,0.0,1.0,True,True,13,9,0.21052631578947367,0.25,True,True,6,3,0.8169014084507042,0.5
409828_2018-11-06_14-02-59_filtered_2026-04-09_04-59-00,4,103,0.16122999999993226,True,True,2,6,0.5,0.16666666666666666,True,True,8,12,0.125,0.15384615384615385,True,True,16,19,0.2,0.11538461538461539,False,False,0,0,0.0,0.0,True,True,1,2,1.0,0.5,True,True,7,7,0.38461538461538464,0.25
409828_2018-11-06_14-02-59_filtered_2026-04-09_04-59-00,4,104,0.16122999999993226,False,False,0,0,0.0,0.0,False,False,0,0,0.0,0.0,False,False,0,0,0.0,0.0,False,False,0,0,0.0,0.0,False,False,0,0,0.0,0.0,False,False,0,0,0.0,0.0
409828_2018-11-06_14-02-59_filtered_2026-04-09_04-59-00,4,105,0.16122999999993226,False,False,0,0,0.0,0.0,True,True,1,3,1.0,0.3333333333333333,True,True,6,3,0.2857142857142857,0.3333333333333333,False,False,0,0,0.0,0.0,True,False,1,0,1.0,0.0,True,True,5,2,0.3333333333333333,0.75
409828_2018-11-06_14-02-59_filtered_2026-04-09_04-59-00,4,106,0.16122999999993226,False,False,0,0,0.0,0.0,False,False,0,0,0.0,0.0,False,False,0,0,0.0,0.0,False,False,0,0,0.0,0.0,False,False,0,0,0.0,0.0,True,False,1,0,1.0,0.0
409828_2018-11-06_14-02-59_filtered_2026-04-09_04-59-00,4,107,0.16122999999993226,False,False,0,0,0.0,0.0,False,False,0,0,0.0,0.0,True,False,2,0,0.5,0.0,False,False,0,0,0.0,0.0,False,False,0,0,0.0,0.0,True,False,1,0,1.0,0.0
409828_2018-11-06_14-02-59_filtered_2026-04-09_04-59-00,4,108,0.16122999999993226,False,False,0,0,0.0,0.0,False,False,0,0,0.0,0.0,True,False,1,0,1.0,0.0,False,False,0,0,0.0,0.0,False,False,0,0,0.0,0.0,True,False,1,0,1.0,0.0
409828_2018-11-06_14-02-59_filtered_2026-04-09_04-59-00,4,109,0.16122999999993226,False,False,0,0,0.0,0.0,False,False,0,0,0.0,0.0,True,False,1,0,1.0,0.0,False,False,0,0,0.0,0.0,False,False,0,0,0.0,0.0,True,False,1,0,1.0,0.0
409828_2018-11-06_14-02-59_filtered_2026-04-09_04-59-00,4,110,0.16122999999993226,False,False,0,0,0.0,0.0,False,False,0,0,0.0,0.0,True,False,1,0,1.0,0.0,False,False,0,0,0.0,0.0,False,False,0,0,0.0,0.0,True,False,1,0,1.0,0.0
409828_2018-11-06_14-02-59_filtered_2026-04-09_04-59-00,4,111,0.16122999999993226,False,False,0,0,0.0,0.0,False,False,0,0,0.0,0.0,False,False,0,0,0.0,0.0,False,False,0,0,0.0,0.0,False,False,0,0,0.0,0.0,False,False,0,0,0.0,0.0
409828_2018-11-06_14-02-59_filtered_2026-04-09_04-59-00,4,112,0.16122999999993226,False,False,0,0,0.0,0.0,False,True,0,1,0.0,1.0,False,False,0,0,0.0,0.0,False,False,0,0,0.0,0.0,False,False,0,0,0.0,0.0,False,False,0,0,0.0,0.0
409828_2018-11-06_14-02-59_filtered_2026-04-09_04-59-00,4,113,0.16122999999993226,False,False,0,0,0.0,0.0,False,False,0,0,0.0,0.0,False,False,0,0,0.0,0.0,False,False,0,0,0.0,0.0,False,False,0,0,0.0,0.0,False,False,0,0,0.0,0.0
409828_2018-11-06_14-02-59_filtered_2026-04-09_04-59-00,4,114,0.16122999999993226,False,False,0,0,0.0,0.0,False,False,0,0,0.0,0.0,True,False,1,0,1.0,0.0,False,False,0,0,0.0,0.0,True,False,1,0,1.0,0.0,True,False,1,0,1.0,0.0
409828_2018-11-06_14-02-59_filtered_2026-04-09_04-59-00,4,115,0.16122999999993226,False,True,0,1,0.0,1.0,False,True,0,1,0.0,1.0,False,False,0,0,0.0,0.0,False,False,0,0,0.0,0.0,False,False,0,0,0.0,0.0,True,False,1,0,1.0,0.0
409828_2018-11-06_14-02-59_filtered_2026-04-09_04-59-00,4,116,0.16122999999993226,True,True,2,2,0.5,0.5,True,True,3,8,0.5,0.125,True,True,14,16,0.22727272727272727,0.13043478260869565,False,False,0,0,0.0,0.0,True,True,1,1,1.0,1.0,True,True,10,8,0.26666666666666666,0.2222222222222222
409828_2018-11-06_14-02-59_filtered_2026-04-09_04-59-00,4,117,0.16122999999993226,False,False,0,0,0.0,0.0,False,False,0,0,0.0,0.0,False,False,0,0,0.0,0.0,False,False,0,0,0.0,0.0,False,False,0,0,0.0,0.0,False,False,0,0,0.0,0.0
409828_2018-11-06_14-02-59_filtered_2026-04-09_04-59-00,4,119,0.16122999999993226,False,False,0,0,0.0,0.0,False,False,0,0,0.0,0.0,False,False,0,0,0.0,0.0,False,False,0,0,0.0,0.0,False,False,0,0,0.0,0.0,False,False,0,0,0.0,0.0
409828_2018-11-06_14-02-59_filtered_2026-04-09_04-59-00,4,120,0.16122999999993226,False,False,0,0,0.0,0.0,False,False,0,0,0.0,0.0,False,False,0,0,0.0,0.0,False,False,0,0,0.0,0.0,False,False,0,0,0.0,0.0,False,False,0,0,0.0,0.0
409828_2018-11-06_14-02-59_filtered_2026-04-09_04-59-00,4,122,0.16122999999993226,False,False,0,0,0.0,0.0,True,False,1,0,1.0,0.0,True,True,1,2,1.0,0.5,False,False,0,0,0.0,0.0,False,False,0,0,0.0,0.0,False,True,0,3,0.0,0.3333333333333333
409828_2018-11-06_14-02-59_filtered_2026-04-09_04-59-00,4,123,0.16122999999993226,False,False,0,0,0.0,0.0,False,False,0,0,0.0,0.0,False,False,0,0,0.0,0.0,False,False,0,0,0.0,0.0,False,False,0,0,0.0,0.0,False,False,0,0,0.0,0.0
409828_2018-11-06_14-02-59_filtered_2026-04-09_04-59-00,4,124,0.16122999999993226,False,False,0,0,0.0,0.0,True,False,2,0,0.5,0.0,True,True,3,4,0.5,0.4,False,False,0,0,0.0,0.0,False,True,0,1,0.0,1.0,True,True,3,3,0.3333333333333333,0.6
409828_2018-11-06_14-02-59_filtered_2026-04-09_04-59-00,4,125,0.16122999999993226,False,False,0,0,0.0,0.0,False,False,0,0,0.0,0.0,False,False,0,0,0.0,0.0,False,False,0,0,0.0,0.0,False,False,0,0,0.0,0.0,False,False,0,0,0.0,0.0
409828_2018-11-06_14-02-59_filtered_2026-04-09_04-59-00,4,127,0.16122999999993226,True,True,3,4,0.3333333333333333,0.25,True,True,14,16,0.19047619047619047,0.13043478260869565,True,True,18,14,0.18181818181818182,0.22727272727272727,False,False,0,0,0.0,0.0,True,False,1,0,1.0,0.0,True,True,15,17,0.2,0.125
409828_2018-11-06_14-02-59_filtered_2026-04-09_04-59-00,4,128,0.16122999999993226,False,False,0,0,0.0,0.0,False,False,0,0,0.0,0.0,False,False,0,0,0.0,0.0,False,False,0,0,0.0,0.0,False,False,0,0,0.0,0.0,True,False,1,0,1.0,0.0
409828_2018-11-06_14-02-59_filtered_2026-04-09_04-59-00,4,129,0.16122999999993226,False,False,0,0,0.0,0.0,False,True,0,3,0.0,0.3333333333333333,True,True,3,3,0.3333333333333333,0.3333333333333333,False,False,0,0,0.0,0.0,False,True,0,1,0.0,1.0,True,True,5,6,0.42857142857142855,0.4444444444444444
409828_2018-11-06_14-02-59_filtered_2026-04-09_04-59-00,4,130,0.16122999999993226,False,False,0,0,0.0,0.0,True,False,1,0,1.0,0.0,True,True,1,1,1.0,1.0,False,False,0,0,0.0,0.0,False,False,0,0,0.0,0.0,True,False,2,0,0.5,0.0
409828_2018-11-06_14-02-59_filtered_2026-04-09_04-59-00,4,131,0.16122999999993226,False,False,0,0,0.0,0.0,False,False,0,0,0.0,0.0,False,False,0,0,0.0,0.0,False,False,0,0,0.0,0.0,False,False,0,0,0.0,0.0,False,False,0,0,0.0,0.0
409828_2018-11-06_14-02-59_filtered_2026-04-09_04-59-00,4,132,0.16122999999993226,False,False,0,0,0.0,0.0,False,True,0,2,0.0,0.5,True,True,6,5,0.2857142857142857,0.2,False,False,0,0,0.0,0.0,True,False,1,0,1.0,0.0,True,False,3,0,0.6,0.0
409828_2018-11-06_14-02-59_filtered_2026-04-09_04-59-00,4,133,0.16122999999993226,False,False,0,0,0.0,0.0,False,False,0,0,0.0,0.0,False,False,0,0,0.0,0.0,False,False,0,0,0.0,0.0,False,False,0,0,0.0,0.0,False,False,0,0,0.0,0.0
409828_2018-11-06_14-02-59_filtered_2026-04-09_04-59-00,4,134,0.16122999999993226,False,False,0,0,0.0,0.0,False,False,0,0,0.0,0.0,False,False,0,0,0.0,0.0,False,False,0,0,0.0,0.0,False,False,0,0,0.0,0.0,False,False,0,0,0.0,0.0
409828_2018-11-06_14-02-59_filtered_2026-04-09_04-59-00,4,135,0.16122999999993226,False,False,0,0,0.0,0.0,False,False,0,0,0.0,0.0,False,False,0,0,0.0,0.0,False,False,0,0,0.0,0.0,False,False,0,0,0.0,0.0,False,False,0,0,0.0,0.0
409828_2018-11-06_14-02-59_filtered_2026-04-09_04-59-00,4,136,0.16122999999993226,False,False,0,0,0.0,0.0,False,False,0,0,0.0,0.0,False,False,0,0,0.0,0.0,False,False,0,0,0.0,0.0,False,False,0,0,0.0,0.0,False,False,0,0,0.0,0.0
409828_2018-11-06_14-02-59_filtered_2026-04-09_04-59-00,4,137,0.16122999999993226,False,False,0,0,0.0,0.0,False,False,0,0,0.0,0.0,False,False,0,0,0.0,0.0,False,False,0,0,0.0,0.0,False,False,0,0,0.0,0.0,False,True,0,1,0.0,1.0
409828_2018-11-06_14-02-59_filtered_2026-04-09_04-59-00,4,138,0.16122999999993226,False,False,0,0,0.0,0.0,False,False,0,0,0.0,0.0,False,False,0,0,0.0,0.0,False,False,0,0,0.0,0.0,False,False,0,0,0.0,0.0,False,False,0,0,0.0,0.0
409828_2018-11-06_14-02-59_filtered_2026-04-09_04-59-00,4,139,0.16122999999993226,False,False,0,0,0.0,0.0,False,False,0,0,0.0,0.0,False,False,0,0,0.0,0.0,False,False,0,0,0.0,0.0,False,False,0,0,0.0,0.0,False,False,0,0,0.0,0.0
409828_2018-11-06_14-02-59_filtered_2026-04-09_04-59-00,4,140,0.16122999999993226,False,False,0,0,0.0,0.0,False,False,0,0,0.0,0.0,False,False,0,0,0.0,0.0,False,False,0,0,0.0,0.0,False,False,0,0,0.0,0.0,False,False,0,0,0.0,0.0
409828_2018-11-06_14-02-59_filtered_2026-04-09_04-59-00,4,141,0.16122999999993226,False,False,0,0,0.0,0.0,False,False,0,0,0.0,0.0,False,False,0,0,0.0,0.0,False,False,0,0,0.0,0.0,False,False,0,0,0.0,0.0,True,False,1,0,1.0,0.0
409828_2018-11-06_14-02-59_filtered_2026-04-09_04-59-00,4,142,0.16122999999993226,False,False,0,0,0.0,0.0,False,False,0,0,0.0,0.0,False,False,0,0,0.0,0.0,False,False,0,0,0.0,0.0,False,False,0,0,0.0,0.0,False,False,0,0,0.0,0.0
409828_2018-11-06_14-02-59_filtered_2026-04-09_04-59-00,4,143,0.16122999999993226,False,False,0,0,0.0,0.0,False,False,0,0,0.0,0.0,False,False,0,0,0.0,0.0,False,False,0,0,0.0,0.0,False,False,0,0,0.0,0.0,False,False,0,0,0.0,0.0
409828_2018-11-06_14-02-59_filtered_2026-04-09_04-59-00,4,144,0.16122999999993226,False,False,0,0,0.0,0.0,False,False,0,0,0.0,0.0,False,False,0,0,0.0,0.0,False,False,0,0,0.0,0.0,False,False,0,0,0.0,0.0,False,False,0,0,0.0,0.0
409828_2018-11-06_14-02-59_filtered_2026-04-09_04-59-00,4,145,0.16122999999993226,False,False,0,0,0.0,0.0,False,False,0,0,0.0,0.0,False,False,0,0,0.0,0.0,False,False,0,0,0.0,0.0,False,False,0,0,0.0,0.0,False,False,0,0,0.0,0.0
409828_2018-11-06_14-02-59_filtered_2026-04-09_04-59-00,4,147,0.16122999999993226,False,False,0,0,0.0,0.0,False,False,0,0,0.0,0.0,False,False,0,0,0.0,0.0,False,False,0,0,0.0,0.0,False,False,0,0,0.0,0.0,False,False,0,0,0.0,0.0
409828_2018-11-06_14-02-59_filtered_2026-04-09_04-59-00,4,149,0.16122999999993226,False,False,0,0,0.0,0.0,False,False,0,0,0.0,0.0,True,False,1,0,1.0,0.0,False,False,0,0,0.0,0.0,False,False,0,0,0.0,0.0,True,False,1,0,1.0,0.0
409828_2018-11-06_14-02-59_filtered_2026-04-09_04-59-00,4,150,0.16122999999993226,False,False,0,0,0.0,0.0,False,False,0,0,0.0,0.0,False,False,0,0,0.0,0.0,False,False,0,0,0.0,0.0,False,False,0,0,0.0,0.0,False,False,0,0,0.0,0.0
409828_2018-11-06_14-02-59_filtered_2026-04-09_04-59-00,4,151,0.16122999999993226,True,True,12,14,0.2727272727272727,0.3055555555555556,True,True,9,13,0.39285714285714285,0.26,True,True,3,3,0.922077922077922,0.8947368421052632,True,True,5,1,0.3333333333333333,1.0,True,True,8,14,0.45454545454545453,0.2631578947368421,True,True,1,1,1.0,1.0
409828_2018-11-06_14-02-59_filtered_2026-04-09_04-59-00,4,152,0.16122999999993226,False,False,0,0,0.0,0.0,False,False,0,0,0.0,0.0,False,False,0,0,0.0,0.0,False,False,0,0,0.0,0.0,True,False,1,0,1.0,0.0,True,True,1,1,1.0,1.0
409828_2018-11-06_14-02-59_filtered_2026-04-09_04-59-00,4,153,0.16122999999993226,False,False,0,0,0.0,0.0,False,False,0,0,0.0,0.0,False,False,0,0,0.0,0.0,False,False,0,0,0.0,0.0,False,False,0,0,0.0,0.0,False,False,0,0,0.0,0.0
409828_2018-11-06_14-02-59_filtered_2026-04-09_04-59-00,4,154,0.16122999999993226,False,False,0,0,0.0,0.0,False,False,0,0,0.0,0.0,False,False,0,0,0.0,0.0,False,False,0,0,0.0,0.0,False,False,0,0,0.0,0.0,False,False,0,0,0.0,0.0
409828_2018-11-06_14-02-59_filtered_2026-04-09_04-59-00,4,155,0.16122999999993226,False,False,0,0,0.0,0.0,False,False,0,0,0.0,0.0,False,False,0,0,0.0,0.0,False,False,0,0,0.0,0.0,False,False,0,0,0.0,0.0,True,False,1,0,1.0,0.0
409828_2018-11-06_14-02-59_filtered_2026-04-09_04-59-00,4,156,0.16122999999993226,False,False,0,0,0.0,0.0,False,False,0,0,0.0,0.0,False,True,0,1,0.0,1.0,False,False,0,0,0.0,0.0,False,False,0,0,0.0,0.0,True,False,1,0,1.0,0.0
409828_2018-11-06_14-02-59_filtered_2026-04-09_04-59-00,4,157,0.16122999999993226,True,True,3,5,0.3333333333333333,0.2,True,True,13,13,0.13333333333333333,0.13333333333333333,True,True,13,12,0.16666666666666666,0.2692307692307692,False,True,0,1,0.0,1.0,True,True,2,2,0.75,0.5,True,True,15,14,0.2222222222222222,0.175
409828_2018-11-06_14-02-59_filtered_2026-04-09_04-59-00,4,158,0.16122999999993226,False,False,0,0,0.0,0.0,True,True,1,1,1.0,1.0,False,True,0,1,0.0,1.0,False,False,0,0,0.0,0.0,False,False,0,0,0.0,0.0,False,False,0,0,0.0,0.0
409828_2018-11-06_14-02-59_filtered_2026-04-09_04-59-00,4,159,0.16122999999993226,True,False,2,0,0.5,0.0,True,True,2,1,0.5,1.0,True,True,3,2,0.3333333333333333,0.75,False,False,0,0,0.0,0.0,False,True,0,1,0.0,1.0,True,True,6,1,0.2857142857142857,1.0
409828_2018-11-06_14-02-59_filtered_2026-04-09_04-59-00,4,160,0.16122999999993226,False,False,0,0,0.0,0.0,False,False,0,0,0.0,0.0,False,False,0,0,0.0,0.0,False,False,0,0,0.0,0.0,False,False,0,0,0.0,0.0,True,False,1,0,1.0,0.0
409828_2018-11-06_14-02-59_filtered_2026-04-09_04-59-00,4,161,0.16122999999993226,True,True,13,14,0.17391304347826086,0.16666666666666666,True,True,13,20,0.20930232558139536,0.18421052631578946,True,True,6,7,0.8985507246376812,0.39705882352941174,False,False,0,0,0.0,0.0,True,True,5,6,0.2857142857142857,0.25,True,True,10,10,0.22950819672131148,0.4074074074074074
409828_2018-11-06_14-02-59_filtered_2026-04-09_04-59-00,4,162,0.16122999999993226,False,False,0,0,0.0,0.0,False,False,0,0,0.0,0.0,False,False,0,0,0.0,0.0,False,False,0,0,0.0,0.0,False,False,0,0,0.0,0.0,True,True,1,1,1.0,1.0
409828_2018-11-06_14-02-59_filtered_2026-04-09_04-59-00,4,163,0.16122999999993226,False,False,0,0,0.0,0.0,False,False,0,0,0.0,0.0,False,False,0,0,0.0,0.0,False,False,0,0,0.0,0.0,True,False,1,0,1.0,0.0,False,False,0,0,0.0,0.0
409828_2018-11-06_14-02-59_filtered_2026-04-09_04-59-00,4,164,0.16122999999993226,False,False,0,0,0.0,0.0,False,False,0,0,0.0,0.0,False,False,0,0,0.0,0.0,False,False,0,0,0.0,0.0,False,True,0,1,0.0,1.0,False,True,0,1,0.0,1.0
409828_2018-11-06_14-02-59_filtered_2026-04-09_04-59-00,4,165,0.16122999999993226,True,True,4,1,0.25,1.0,True,True,7,4,0.14285714285714285,0.4,True,True,11,9,0.13333333333333333,0.25,False,False,0,0,0.0,0.0,False,True,0,2,0.0,0.75,True,True,10,6,0.1,0.4
409828_2018-11-06_14-02-59_filtered_2026-04-09_04-59-00,4,166,0.16122999999993226,False,False,0,0,0.0,0.0,False,False,0,0,0.0,0.0,False,False,0,0,0.0,0.0,False,False,0,0,0.0,0.0,False,False,0,0,0.0,0.0,False,False,0,0,0.0,0.0
409828_2018-11-06_14-02-59_filtered_2026-04-09_04-59-00,4,167,0.16122999999993226,False,False,0,0,0.0,0.0,False,False,0,0,0.0,0.0,True,False,1,0,1.0,0.0,False,False,0,0,0.0,0.0,False,False,0,0,0.0,0.0,False,False,0,0,0.0,0.0
409828_2018-11-06_14-02-59_filtered_2026-04-09_04-59-00,4,168,0.16122999999993226,False,False,0,0,0.0,0.0,True,False,1,0,1.0,0.0,False,False,0,0,0.0,0.0,False,False,0,0,0.0,0.0,False,False,0,0,0.0,0.0,False,False,0,0,0.0,0.0
409828_2018-11-06_14-02-59_filtered_2026-04-09_04-59-00,4,169,0.16122999999993226,False,True,0,1,0.0,1.0,True,True,3,1,0.3333333333333333,1.0,True,True,6,1,0.25,1.0,False,False,0,0,0.0,0.0,False,False,0,0,0.0,0.0,True,True,5,4,0.4444444444444444,0.25
409828_2018-11-06_14-02-59_filtered_2026-04-09_04-59-00,4,170,0.16122999999993226,True,True,10,19,0.39285714285714285,0.15384615384615385,True,True,9,10,0.4166666666666667,0.39344262295081966,True,True,2,2,0.9753086419753086,0.9,True,True,1,2,1.0,0.6666666666666666,True,True,15,8,0.1951219512195122,0.46808510638297873,True,True,1,1,1.0,1.0
409828_2018-11-06_14-02-59_filtered_2026-04-09_04-59-00,4,171,0.16122999999993226,False,False,0,0,0.0,0.0,False,False,0,0,0.0,0.0,False,False,0,0,0.0,0.0,False,False,0,0,0.0,0.0,False,False,0,0,0.0,0.0,False,False,0,0,0.0,0.0
409828_2018-11-06_14-02-59_filtered_2026-04-09_04-59-00,4,172,0.16122999999993226,False,False,0,0,0.0,0.0,False,False,0,0,0.0,0.0,False,False,0,0,0.0,0.0,False,False,0,0,0.0,0.0,False,False,0,0,0.0,0.0,False,False,0,0,0.0,0.0
409828_2018-11-06_14-02-59_filtered_2026-04-09_04-59-00,4,173,0.16122999999993226,False,False,0,0,0.0,0.0,False,False,0,0,0.0,0.0,False,False,0,0,0.0,0.0,False,False,0,0,0.0,0.0,False,False,0,0,0.0,0.0,False,False,0,0,0.0,0.0
409828_2018-11-06_14-02-59_filtered_2026-04-09_04-59-00,4,174,0.16122999999993226,False,False,0,0,0.0,0.0,False,False,0,0,0.0,0.0,False,False,0,0,0.0,0.0,False,False,0,0,0.0,0.0,False,False,0,0,0.0,0.0,False,False,0,0,0.0,0.0
409828_2018-11-06_14-02-59_filtered_2026-04-09_04-59-00,4,175,0.16122999999993226,False,False,0,0,0.0,0.0,False,False,0,0,0.0,0.0,False,False,0,0,0.0,0.0,False,False,0,0,0.0,0.0,False,False,0,0,0.0,0.0,False,False,0,0,0.0,0.0
409828_2018-11-06_14-02-59_filtered_2026-04-09_04-59-00,4,176,0.16122999999993226,False,False,0,0,0.0,0.0,False,False,0,0,0.0,0.0,True,False,1,0,1.0,0.0,False,False,0,0,0.0,0.0,True,False,1,0,1.0,0.0,True,False,1,0,1.0,0.0
409828_2018-11-06_14-02-59_filtered_2026-04-09_04-59-00,4,177,0.16122999999993226,False,False,0,0,0.0,0.0,False,False,0,0,0.0,0.0,False,False,0,0,0.0,0.0,False,False,0,0,0.0,0.0,False,False,0,0,0.0,0.0,False,True,0,1,0.0,1.0
409828_2018-11-06_14-02-59_filtered_2026-04-09_04-59-00,4,178,0.16122999999993226,False,False,0,0,0.0,0.0,False,False,0,0,0.0,0.0,False,True,0,1,0.0,1.0,False,False,0,0,0.0,0.0,False,False,0,0,0.0,0.0,True,False,1,0,1.0,0.0
409828_2018-11-06_14-02-59_filtered_2026-04-09_04-59-00,4,180,0.16122999999993226,False,False,0,0,0.0,0.0,False,False,0,0,0.0,0.0,False,True,0,1,0.0,1.0,False,False,0,0,0.0,0.0,True,True,1,1,1.0,1.0,True,True,1,1,1.0,1.0
409828_2018-11-06_14-02-59_filtered_2026-04-09_04-59-00,4,181,0.16122999999993226,False,False,0,0,0.0,0.0,False,False,0,0,0.0,0.0,False,False,0,0,0.0,0.0,False,False,0,0,0.0,0.0,False,False,0,0,0.0,0.0,False,False,0,0,0.0,0.0
409828_2018-11-06_14-02-59_filtered_2026-04-09_04-59-00,4,182,0.16122999999993226,False,False,0,0,0.0,0.0,False,False,0,0,0.0,0.0,True,True,1,1,1.0,1.0,False,False,0,0,0.0,0.0,False,False,0,0,0.0,0.0,False,True,0,1,0.0,1.0
409828_2018-11-06_14-02-59_filtered_2026-04-09_04-59-00,4,183,0.16122999999993226,False,False,0,0,0.0,0.0,False,False,0,0,0.0,0.0,False,True,0,1,0.0,1.0,False,False,0,0,0.0,0.0,False,False,0,0,0.0,0.0,True,False,1,0,1.0,0.0
409828_2018-11-06_14-02-59_filtered_2026-04-09_04-59-00,4,186,0.16122999999993226,True,True,2,1,0.5,1.0,True,True,5,7,0.2,0.14285714285714285,True,True,10,13,0.16666666666666666,0.16666666666666666,False,False,0,0,0.0,0.0,True,True,1,1,1.0,1.0,True,True,5,5,0.3333333333333333,0.2857142857142857
409828_2018-11-06_14-02-59_filtered_2026-04-09_04-59-00,4,188,0.16122999999993226,False,False,0,0,0.0,0.0,False,True,0,1,0.0,1.0,False,True,0,1,0.0,1.0,False,False,0,0,0.0,0.0,False,True,0,1,0.0,1.0,False,True,0,1,0.0,1.0
409828_2018-11-06_14-02-59_filtered_2026-04-09_04-59-00,4,189,0.16122999999993226,True,False,1,0,1.0,0.0,True,False,1,0,1.0,0.0,True,True,1,2,1.0,0.5,False,False,0,0,0.0,0.0,False,False,0,0,0.0,0.0,True,True,2,1,0.6666666666666666,1.0
409828_2018-11-06_14-02-59_filtered_2026-04-09_04-59-00,4,191,0.16122999999993226,False,False,0,0,0.0,0.0,False,False,0,0,0.0,0.0,False,False,0,0,0.0,0.0,False,False,0,0,0.0,0.0,False,False,0,0,0.0,0.0,False,False,0,0,0.0,0.0
409828_2018-11-06_14-02-59_filtered_2026-04-09_04-59-00,4,192,0.16122999999993226,False,False,0,0,0.0,0.0,False,False,0,0,0.0,0.0,False,True,0,1,0.0,1.0,False,False,0,0,0.0,0.0,False,False,0,0,0.0,0.0,False,False,0,0,0.0,0.0
409828_2018-11-06_14-02-59_filtered_2026-04-09_04-59-00,4,193,0.16122999999993226,False,False,0,0,0.0,0.0,False,False,0,0,0.0,0.0,False,False,0,0,0.0,0.0,False,False,0,0,0.0,0.0,False,False,0,0,0.0,0.0,False,False,0,0,0.0,0.0
409828_2018-11-06_14-02-59_filtered_2026-04-09_04-59-00,4,194,0.16122999999993226,False,False,0,0,0.0,0.0,False,False,0,0,0.0,0.0,False,False,0,0,0.0,0.0,False,False,0,0,0.0,0.0,False,False,0,0,0.0,0.0,False,False,0,0,0.0,0.0
409828_2018-11-06_14-02-59_filtered_2026-04-09_04-59-00,4,197,0.16122999999993226,False,False,0,0,0.0,0.0,False,False,0,0,0.0,0.0,False,False,0,0,0.0,0.0,False,False,0,0,0.0,0.0,False,False,0,0,0.0,0.0,False,False,0,0,0.0,0.0
409828_2018-11-06_14-02-59_filtered_2026-04-09_04-59-00,4,198,0.16122999999993226,False,False,0,0,0.0,0.0,False,False,0,0,0.0,0.0,False,False,0,0,0.0,0.0,False,False,0,0,0.0,0.0,False,False,0,0,0.0,0.0,False,False,0,0,0.0,0.0
409828_2018-11-06_14-02-59_filtered_2026-04-09_04-59-00,4,199,0.16122999999993226,False,False,0,0,0.0,0.0,True,False,1,0,1.0,0.0,False,False,0,0,0.0,0.0,False,False,0,0,0.0,0.0,False,False,0,0,0.0,0.0,False,True,0,2,0.0,0.5
409828_2018-11-06_14-02-59_filtered_2026-04-09_04-59-00,4,202,0.16122999999993226,False,False,0,0,0.0,0.0,False,False,0,0,0.0,0.0,False,False,0,0,0.0,0.0,False,False,0,0,0.0,0.0,False,False,0,0,0.0,0.0,False,False,0,0,0.0,0.0
409828_2018-11-06_14-02-59_filtered_2026-04-09_04-59-00,4,203,0.16122999999993226,False,False,0,0,0.0,0.0,True,True,1,1,1.0,1.0,False,False,0,0,0.0,0.0,False,False,0,0,0.0,0.0,False,True,0,1,0.0,1.0,False,True,0,2,0.0,0.5
409828_2018-11-06_14-02-59_filtered_2026-04-09_04-59-00,4,205,0.16122999999993226,False,False,0,0,0.0,0.0,False,False,0,0,0.0,0.0,False,False,0,0,0.0,0.0,False,False,0,0,0.0,0.0,False,False,0,0,0.0,0.0,False,False,0,0,0.0,0.0
409828_2018-11-06_14-02-59_filtered_2026-04-09_04-59-00,4,206,0.16122999999993226,False,False,0,0,0.0,0.0,False,False,0,0,0.0,0.0,False,False,0,0,0.0,0.0,False,False,0,0,0.0,0.0,False,True,0,1,0.0,1.0,False,True,0,1,0.0,1.0
409828_2018-11-06_14-02-59_filtered_2026-04-09_04-59-00,4,209,0.16122999999993226,False,False,0,0,0.0,0.0,True,True,2,2,0.5,0.5,True,True,8,7,0.25,0.3,False,False,0,0,0.0,0.0,False,True,0,2,0.0,0.5,True,True,2,3,0.5,0.6666666666666666
409828_2018-11-06_14-02-59_filtered_2026-04-09_04-59-00,4,210,0.16122999999993226,False,False,0,0,0.0,0.0,False,False,0,0,0.0,0.0,False,True,0,1,0.0,1.0,False,False,0,0,0.0,0.0,False,False,0,0,0.0,0.0,False,False,0,0,0.0,0.0
409828_2018-11-06_14-02-59_filtered_2026-04-09_04-59-00,4,211,0.16122999999993226,False,False,0,0,0.0,0.0,False,False,0,0,0.0,0.0,False,False,0,0,0.0,0.0,False,False,0,0,0.0,0.0,False,False,0,0,0.0,0.0,False,False,0,0,0.0,0.0
409828_2018-11-06_14-02-59_filtered_2026-04-09_04-59-00,4,212,0.16122999999993226,False,False,0,0,0.0,0.0,False,False,0,0,0.0,0.0,False,False,0,0,0.0,0.0,False,False,0,0,0.0,0.0,False,False,0,0,0.0,0.0,False,True,0,1,0.0,1.0
409828_2018-11-06_14-02-59_filtered_2026-04-09_04-59-00,4,213,0.16122999999993226,False,False,0,0,0.0,0.0,False,False,0,0,0.0,0.0,True,False,1,0,1.0,0.0,False,False,0,0,0.0,0.0,False,False,0,0,0.0,0.0,False,True,0,1,0.0,1.0
409828_2018-11-06_14-02-59_filtered_2026-04-09_04-59-00,4,215,0.16122999999993226,False,False,0,0,0.0,0.0,False,False,0,0,0.0,0.0,False,False,0,0,0.0,0.0,False,False,0,0,0.0,0.0,False,False,0,0,0.0,0.0,True,False,1,0,1.0,0.0
409828_2018-11-06_14-02-59_filtered_2026-04-09_04-59-00,4,219,0.16122999999993226,False,False,0,0,0.0,0.0,False,False,0,0,0.0,0.0,False,False,0,0,0.0,0.0,False,False,0,0,0.0,0.0,False,False,0,0,0.0,0.0,True,False,1,0,1.0,0.0
409828_2018-11-06_14-02-59_filtered_2026-04-09_04-59-00,4,220,0.16122999999993226,False,False,0,0,0.0,0.0,False,False,0,0,0.0,0.0,False,False,0,0,0.0,0.0,False,False,0,0,0.0,0.0,False,False,0,0,0.0,0.0,False,False,0,0,0.0,0.0
409828_2018-11-06_14-02-59_filtered_2026-04-09_04-59-00,4,221,0.16122999999993226,False,False,0,0,0.0,0.0,False,False,0,0,0.0,0.0,False,False,0,0,0.0,0.0,False,False,0,0,0.0,0.0,False,False,0,0,0.0,0.0,False,True,0,1,0.0,1.0
409828_2018-11-06_14-02-59_filtered_2026-04-09_04-59-00,4,222,0.16122999999993226,False,False,0,0,0.0,0.0,False,False,0,0,0.0,0.0,True,True,1,1,1.0,1.0,False,False,0,0,0.0,0.0,True,True,1,1,1.0,1.0,True,True,1,2,1.0,0.5
409828_2018-11-06_14-02-59_filtered_2026-04-09_04-59-00,4,223,0.16122999999993226,False,False,0,0,0.0,0.0,False,False,0,0,0.0,0.0,False,False,0,0,0.0,0.0,False,False,0,0,0.0,0.0,False,False,0,0,0.0,0.0,True,False,1,0,1.0,0.0
409828_2018-11-06_14-02-59_filtered_2026-04-09_04-59-00,4,226,0.16122999999993226,False,False,0,0,0.0,0.0,False,False,0,0,0.0,0.0,False,False,0,0,0.0,0.0,False,False,0,0,0.0,0.0,False,False,0,0,0.0,0.0,False,False,0,0,0.0,0.0
409828_2018-11-06_14-02-59_filtered_2026-04-09_04-59-00,4,227,0.16122999999993226,True,True,4,6,0.25,0.16666666666666666,True,True,9,12,0.1111111111111111,0.16666666666666666,True,True,14,18,0.16666666666666666,0.17647058823529413,False,False,0,0,0.0,0.0,True,True,1,1,1.0,1.0,True,True,9,10,0.23076923076923078,0.2857142857142857
409828_2018-11-06_14-02-59_filtered_2026-04-09_04-59-00,4,228,0.16122999999993226,False,False,0,0,0.0,0.0,True,False,1,0,1.0,0.0,True,True,7,3,0.14285714285714285,0.3333333333333333,False,False,0,0,0.0,0.0,True,True,1,1,1.0,1.0,True,True,3,2,0.3333333333333333,0.6666666666666666
409828_2018-11-06_14-02-59_filtered_2026-04-09_04-59-00,4,230,0.16122999999993226,False,True,0,1,0.0,1.0,False,False,0,0,0.0,0.0,True,False,1,0,1.0,0.0,False,False,0,0,0.0,0.0,False,False,0,0,0.0,0.0,True,True,1,1,1.0,1.0
409828_2018-11-06_14-02-59_filtered_2026-04-09_04-59-00,4,231,0.16122999999993226,False,False,0,0,0.0,0.0,False,False,0,0,0.0,0.0,True,False,1,0,1.0,0.0,False,False,0,0,0.0,0.0,False,False,0,0,0.0,0.0,True,True,1,1,1.0,1.0
409828_2018-11-06_14-02-59_filtered_2026-04-09_04-59-00,4,232,0.16122999999993226,False,False,0,0,0.0,0.0,False,True,0,2,0.0,0.5,True,False,1,0,1.0,0.0,False,False,0,0,0.0,0.0,False,False,0,0,0.0,0.0,True,True,1,1,1.0,1.0
409828_2018-11-06_14-02-59_filtered_2026-04-09_04-59-00,4,233,0.16122999999993226,False,False,0,0,0.0,0.0,False,False,0,0,0.0,0.0,False,False,0,0,0.0,0.0,False,False,0,0,0.0,0.0,False,False,0,0,0.0,0.0,False,False,0,0,0.0,0.0
409828_2018-11-06_14-02-59_filtered_2026-04-09_04-59-00,4,234,0.16122999999993226,True,True,1,2,1.0,0.5,True,True,1,3,1.0,0.3333333333333333,True,True,16,11,0.10526315789473684,0.21428571428571427,False,False,0,0,0.0,0.0,True,True,1,1,1.0,1.0,True,True,10,6,0.2,0.16666666666666666
409828_2018-11-06_14-02-59_filtered_2026-04-09_04-59-00,4,235,0.16122999999993226,False,False,0,0,0.0,0.0,False,False,0,0,0.0,0.0,False,False,0,0,0.0,0.0,False,False,0,0,0.0,0.0,False,False,0,0,0.0,0.0,False,False,0,0,0.0,0.0
409828_2018-11-06_14-02-59_filtered_2026-04-09_04-59-00,4,236,0.16122999999993226,False,False,0,0,0.0,0.0,False,False,0,0,0.0,0.0,False,False,0,0,0.0,0.0,False,False,0,0,0.0,0.0,False,False,0,0,0.0,0.0,False,False,0,0,0.0,0.0
409828_2018-11-06_14-02-59_filtered_2026-04-09_04-59-00,4,237,0.16122999999993226,False,False,0,0,0.0,0.0,False,False,0,0,0.0,0.0,False,True,0,2,0.0,0.6666666666666666,False,False,0,0,0.0,0.0,False,True,0,1,0.0,1.0,True,True,2,1,0.5,1.0
409828_2018-11-06_14-02-59_filtered_2026-04-09_04-59-00,4,239,0.16122999999993226,False,False,0,0,0.0,0.0,False,False,0,0,0.0,0.0,False,False,0,0,0.0,0.0,False,False,0,0,0.0,0.0,False,False,0,0,0.0,0.0,False,False,0,0,0.0,0.0
409828_2018-11-06_14-02-59_filtered_2026-04-09_04-59-00,4,244,0.16122999999993226,False,False,0,0,0.0,0.0,True,True,4,4,0.25,0.25,True,True,13,8,0.07692307692307693,0.2857142857142857,False,False,0,0,0.0,0.0,True,True,1,1,1.0,1.0,True,True,2,4,0.5,0.5
409828_2018-11-06_14-02-59_filtered_2026-04-09_04-59-00,4,245,0.16122999999993226,False,False,0,0,0.0,0.0,False,False,0,0,0.0,0.0,True,True,2,2,0.5,0.5,False,False,0,0,0.0,0.0,False,False,0,0,0.0,0.0,True,True,2,1,0.5,1.0
409828_2018-11-06_14-02-59_filtered_2026-04-09_04-59-00,4,246,0.16122999999993226,False,False,0,0,0.0,0.0,False,False,0,0,0.0,0.0,True,False,1,0,1.0,0.0,False,False,0,0,0.0,0.0,False,False,0,0,0.0,0.0,True,False,1,0,1.0,0.0
409828_2018-11-06_14-02-59_filtered_2026-04-09_04-59-00,4,251,0.16122999999993226,False,False,0,0,0.0,0.0,False,False,0,0,0.0,0.0,False,False,0,0,0.0,0.0,False,False,0,0,0.0,0.0,False,False,0,0,0.0,0.0,False,False,0,0,0.0,0.0
409828_2018-11-06_14-02-59_filtered_2026-04-09_04-59-00,4,252,0.16122999999993226,False,False,0,0,0.0,0.0,False,False,0,0,0.0,0.0,True,False,1,0,1.0,0.0,False,False,0,0,0.0,0.0,False,False,0,0,0.0,0.0,False,False,0,0,0.0,0.0
409828_2018-11-06_14-02-59_filtered_2026-04-09_04-59-00,4,254,0.16122999999993226,False,False,0,0,0.0,0.0,False,False,0,0,0.0,0.0,False,False,0,0,0.0,0.0,False,False,0,0,0.0,0.0,False,False,0,0,0.0,0.0,False,False,0,0,0.0,0.0
409828_2018-11-06_14-02-59_filtered_2026-04-09_04-59-00,4,255,0.16122999999993226,False,False,0,0,0.0,0.0,False,False,0,0,0.0,0.0,False,False,0,0,0.0,0.0,False,False,0,0,0.0,0.0,False,False,0,0,0.0,0.0,True,False,1,0,1.0,0.0
409828_2018-11-06_14-02-59_filtered_2026-04-09_04-59-00,4,256,0.16122999999993226,False,True,0,2,0.0,0.6666666666666666,True,True,5,8,0.2,0.125,True,True,11,11,0.14285714285714285,0.23809523809523808,False,False,0,0,0.0,0.0,True,False,2,0,0.6666666666666666,0.0,True,True,4,3,0.42857142857142855,0.3333333333333333
409828_2018-11-06_14-02-59_filtered_2026-04-09_04-59-00,4,257,0.16122999999993226,True,True,3,2,0.3333333333333333,0.5,True,True,8,2,0.2,0.5,True,True,14,11,0.22727272727272727,0.1875,False,False,0,0,0.0,0.0,True,False,1,0,1.0,0.0,True,True,6,9,0.5833333333333334,0.1111111111111111
409828_2018-11-06_14-02-59_filtered_2026-04-09_04-59-00,4,259,0.16122999999993226,False,False,0,0,0.0,0.0,False,False,0,0,0.0,0.0,False,False,0,0,0.0,0.0,False,False,0,0,0.0,0.0,False,False,0,0,0.0,0.0,False,False,0,0,0.0,0.0
409828_2018-11-06_14-02-59_filtered_2026-04-09_04-59-00,4,260,0.16122999999993226,False,False,0,0,0.0,0.0,False,False,0,0,0.0,0.0,False,False,0,0,0.0,0.0,False,False,0,0,0.0,0.0,False,False,0,0,0.0,0.0,False,False,0,0,0.0,0.0
409828_2018-11-06_14-02-59_filtered_2026-04-09_04-59-00,4,263,0.16122999999993226,False,False,0,0,0.0,0.0,False,True,0,1,0.0,1.0,False,False,0,0,0.0,0.0,False,False,0,0,0.0,0.0,False,False,0,0,0.0,0.0,True,False,1,0,1.0,0.0
409828_2018-11-06_14-02-59_filtered_2026-04-09_04-59-00,4,265,0.16122999999993226,False,False,0,0,0.0,0.0,False,False,0,0,0.0,0.0,False,False,0,0,0.0,0.0,False,False,0,0,0.0,0.0,False,False,0,0,0.0,0.0,False,False,0,0,0.0,0.0
409828_2018-11-06_14-02-59_filtered_2026-04-09_04-59-00,4,266,0.16122999999993226,False,False,0,0,0.0,0.0,False,False,0,0,0.0,0.0,True,True,2,4,0.6666666666666666,0.25,False,False,0,0,0.0,0.0,True,False,1,0,1.0,0.0,True,True,1,1,1.0,1.0
409828_2018-11-06_14-02-59_filtered_2026-04-09_04-59-00,4,268,0.16122999999993226,False,False,0,0,0.0,0.0,False,False,0,0,0.0,0.0,True,True,6,3,0.375,0.3333333333333333,False,False,0,0,0.0,0.0,True,False,1,0,1.0,0.0,True,True,2,1,0.75,1.0
409828_2018-11-06_14-02-59_filtered_2026-04-09_04-59-00,4,270,0.16122999999993226,False,False,0,0,0.0,0.0,False,False,0,0,0.0,0.0,True,False,1,0,1.0,0.0,False,False,0,0,0.0,0.0,False,True,0,1,0.0,1.0,True,True,1,1,1.0,1.0
409828_2018-11-06_14-02-59_filtered_2026-04-09_04-59-00,4,272,0.16122999999993226,False,False,0,0,0.0,0.0,False,False,0,0,0.0,0.0,True,False,1,0,1.0,0.0,False,False,0,0,0.0,0.0,False,False,0,0,0.0,0.0,True,False,1,0,1.0,0.0
409828_2018-11-06_14-02-59_filtered_2026-04-09_04-59-00,4,273,0.16122999999993226,False,False,0,0,0.0,0.0,False,False,0,0,0.0,0.0,False,False,0,0,0.0,0.0,False,False,0,0,0.0,0.0,False,False,0,0,0.0,0.0,False,False,0,0,0.0,0.0
409828_2018-11-06_14-02-59_filtered_2026-04-09_04-59-00,4,274,0.16122999999993226,False,False,0,0,0.0,0.0,False,False,0,0,0.0,0.0,False,False,0,0,0.0,0.0,False,False,0,0,0.0,0.0,False,False,0,0,0.0,0.0,False,False,0,0,0.0,0.0
409828_2018-11-06_14-02-59_filtered_2026-04-09_04-59-00,4,275,0.16122999999993226,False,False,0,0,0.0,0.0,True,True,4,4,0.4,0.25,True,True,7,10,0.36363636363636365,0.25,False,False,0,0,0.0,0.0,True,True,1,1,1.0,1.0,True,True,7,3,0.25,0.5
409828_2018-11-06_14-02-59_filtered_2026-04-09_04-59-00,4,277,0.16122999999993226,False,False,0,0,0.0,0.0,True,True,2,1,0.5,1.0,True,True,2,3,0.5,0.3333333333333333,False,False,0,0,0.0,0.0,False,False,0,0,0.0,0.0,True,False,1,0,1.0,0.0
409828_2018-11-06_14-02-59_filtered_2026-04-09_04-59-00,4,278,0.16122999999993226,False,False,0,0,0.0,0.0,False,False,0,0,0.0,0.0,False,False,0,0,0.0,0.0,False,False,0,0,0.0,0.0,False,False,0,0,0.0,0.0,False,False,0,0,0.0,0.0
409828_2018-11-06_14-02-59_filtered_2026-04-09_04-59-00,4,279,0.16122999999993226,False,False,0,0,0.0,0.0,False,False,0,0,0.0,0.0,False,False,0,0,0.0,0.0,False,False,0,0,0.0,0.0,False,True,0,1,0.0,1.0,False,True,0,1,0.0,1.0
409828_2018-11-06_14-02-59_filtered_2026-04-09_04-59-00,4,280,0.16122999999993226,False,False,0,0,0.0,0.0,True,False,3,0,0.3333333333333333,0.0,True,True,4,1,0.4,1.0,False,False,0,0,0.0,0.0,True,True,2,1,0.5,1.0,True,True,3,3,0.5,0.5
409828_2018-11-06_14-02-59_filtered_2026-04-09_04-59-00,4,281,0.16122999999993226,False,False,0,0,0.0,0.0,False,False,0,0,0.0,0.0,True,True,1,2,1.0,0.5,False,False,0,0,0.0,0.0,False,True,0,1,0.0,1.0,False,True,0,1,0.0,1.0
409828_2018-11-06_14-02-59_filtered_2026-04-09_04-59-00,4,283,0.16122999999993226,False,False,0,0,0.0,0.0,False,False,0,0,0.0,0.0,False,False,0,0,0.0,0.0,False,False,0,0,0.0,0.0,False,False,0,0,0.0,0.0,False,False,0,0,0.0,0.0
409828_2018-11-06_14-02-59_filtered_2026-04-09_04-59-00,4,284,0.16122999999993226,False,False,0,0,0.0,0.0,False,False,0,0,0.0,0.0,True,False,1,0,1.0,0.0,False,False,0,0,0.0,0.0,False,False,0,0,0.0,0.0,False,False,0,0,0.0,0.0
409828_2018-11-06_14-02-59_filtered_2026-04-09_04-59-00,4,288,0.16122999999993226,False,False,0,0,0.0,0.0,False,False,0,0,0.0,0.0,False,False,0,0,0.0,0.0,False,False,0,0,0.0,0.0,False,False,0,0,0.0,0.0,False,True,0,1,0.0,1.0
409828_2018-11-06_14-02-59_filtered_2026-04-09_04-59-00,4,293,0.16122999999993226,False,False,0,0,0.0,0.0,False,False,0,0,0.0,0.0,False,False,0,0,0.0,0.0,False,False,0,0,0.0,0.0,False,False,0,0,0.0,0.0,False,False,0,0,0.0,0.0
409828_2018-11-06_14-02-59_filtered_2026-04-09_04-59-00,4,296,0.16122999999993226,False,False,0,0,0.0,0.0,False,False,0,0,0.0,0.0,False,False,0,0,0.0,0.0,False,False,0,0,0.0,0.0,False,False,0,0,0.0,0.0,False,False,0,0,0.0,0.0
409828_2018-11-06_14-02-59_filtered_2026-04-09_04-59-00,4,297,0.16122999999993226,False,True,0,1,0.0,1.0,False,False,0,0,0.0,0.0,False,False,0,0,0.0,0.0,False,False,0,0,0.0,0.0,False,False,0,0,0.0,0.0,True,True,1,1,1.0,1.0
409828_2018-11-06_14-02-59_filtered_2026-04-09_04-59-00,4,298,0.16122999999993226,False,False,0,0,0.0,0.0,False,False,0,0,0.0,0.0,False,False,0,0,0.0,0.0,False,False,0,0,0.0,0.0,False,False,0,0,0.0,0.0,False,False,0,0,0.0,0.0
409828_2018-11-06_14-02-59_filtered_2026-04-09_04-59-00,4,300,0.16122999999993226,False,False,0,0,0.0,0.0,False,False,0,0,0.0,0.0,False,True,0,1,0.0,1.0,False,False,0,0,0.0,0.0,False,False,0,0,0.0,0.0,False,True,0,1,0.0,1.0
409828_2018-11-06_14-02-59_filtered_2026-04-09_04-59-00,4,303,0.16122999999993226,False,False,0,0,0.0,0.0,False,False,0,0,0.0,0.0,False,False,0,0,0.0,0.0,False,False,0,0,0.0,0.0,False,False,0,0,0.0,0.0,False,False,0,0,0.0,0.0
409828_2018-11-06_14-02-59_filtered_2026-04-09_04-59-00,4,306,0.16122999999993226,False,False,0,0,0.0,0.0,False,True,0,1,0.0,1.0,True,True,6,6,0.2857142857142857,0.375,False,False,0,0,0.0,0.0,False,True,0,1,0.0,1.0,True,True,3,2,0.3333333333333333,0.6666666666666666
409828_2018-11-06_14-02-59_filtered_2026-04-09_04-59-00,4,307,0.16122999999993226,False,False,0,0,0.0,0.0,False,False,0,0,0.0,0.0,False,False,0,0,0.0,0.0,False,False,0,0,0.0,0.0,False,False,0,0,0.0,0.0,False,False,0,0,0.0,0.0
409828_2018-11-06_14-02-59_filtered_2026-04-09_04-59-00,4,309,0.16122999999993226,False,False,0,0,0.0,0.0,False,False,0,0,0.0,0.0,False,False,0,0,0.0,0.0,False,False,0,0,0.0,0.0,False,False,0,0,0.0,0.0,False,False,0,0,0.0,0.0
409828_2018-11-06_14-02-59_filtered_2026-04-09_04-59-00,4,311,0.16122999999993226,False,False,0,0,0.0,0.0,False,False,0,0,0.0,0.0,False,False,0,0,0.0,0.0,False,False,0,0,0.0,0.0,False,False,0,0,0.0,0.0,False,False,0,0,0.0,0.0
409828_2018-11-06_14-02-59_filtered_2026-04-09_04-59-00,4,312,0.16122999999993226,False,False,0,0,0.0,0.0,False,False,0,0,0.0,0.0,False,False,0,0,0.0,0.0,False,False,0,0,0.0,0.0,False,False,0,0,0.0,0.0,False,False,0,0,0.0,0.0
409828_2018-11-06_14-02-59_filtered_2026-04-09_04-59-00,4,313,0.16122999999993226,False,False,0,0,0.0,0.0,False,False,0,0,0.0,0.0,False,False,0,0,0.0,0.0,False,False,0,0,0.0,0.0,False,False,0,0,0.0,0.0,False,False,0,0,0.0,0.0
409828_2018-11-06_14-02-59_filtered_2026-04-09_04-59-00,4,314,0.16122999999993226,False,False,0,0,0.0,0.0,False,True,0,3,0.0,0.3333333333333333,True,True,2,3,0.6666666666666666,0.5,False,False,0,0,0.0,0.0,True,False,1,0,1.0,0.0,True,False,1,0,1.0,0.0
409828_2018-11-06_14-02-59_filtered_2026-04-09_04-59-00,4,317,0.16122999999993226,False,False,0,0,0.0,0.0,True,False,1,0,1.0,0.0,True,True,11,9,0.23076923076923078,0.2,False,False,0,0,0.0,0.0,True,False,1,0,1.0,0.0,True,True,2,3,0.75,0.3333333333333333
409828_2018-11-06_14-02-59_filtered_2026-04-09_04-59-00,4,318,0.16122999999993226,False,False,0,0,0.0,0.0,False,False,0,0,0.0,0.0,False,False,0,0,0.0,0.0,False,False,0,0,0.0,0.0,False,False,0,0,0.0,0.0,False,False,0,0,0.0,0.0
409828_2018-11-06_14-02-59_filtered_2026-04-09_04-59-00,4,323,0.16122999999993226,False,False,0,0,0.0,0.0,False,False,0,0,0.0,0.0,False,False,0,0,0.0,0.0,False,False,0,0,0.0,0.0,False,False,0,0,0.0,0.0,False,False,0,0,0.0,0.0
409828_2018-11-06_14-02-59_filtered_2026-04-09_04-59-00,4,324,0.16122999999993226,False,False,0,0,0.0,0.0,False,False,0,0,0.0,0.0,False,False,0,0,0.0,0.0,False,False,0,0,0.0,0.0,False,False,0,0,0.0,0.0,False,True,0,1,0.0,1.0
409828_2018-11-06_14-02-59_filtered_2026-04-09_04-59-00,4,325,0.16122999999993226,False,False,0,0,0.0,0.0,False,False,0,0,0.0,0.0,True,False,1,0,1.0,0.0,False,False,0,0,0.0,0.0,False,False,0,0,0.0,0.0,False,False,0,0,0.0,0.0
409828_2018-11-06_14-02-59_filtered_2026-04-09_04-59-00,4,326,0.16122999999993226,False,False,0,0,0.0,0.0,False,False,0,0,0.0,0.0,False,True,0,2,0.0,0.5,False,False,0,0,0.0,0.0,False,False,0,0,0.0,0.0,False,True,0,1,0.0,1.0
409828_2018-11-06_14-02-59_filtered_2026-04-09_04-59-00,4,327,0.16122999999993226,False,False,0,0,0.0,0.0,False,False,0,0,0.0,0.0,False,False,0,0,0.0,0.0,False,False,0,0,0.0,0.0,False,False,0,0,0.0,0.0,False,False,0,0,0.0,0.0
409828_2018-11-06_14-02-59_filtered_2026-04-09_04-59-00,4,329,0.16122999999993226,False,False,0,0,0.0,0.0,True,False,1,0,1.0,0.0,True,False,1,0,1.0,0.0,False,False,0,0,0.0,0.0,False,False,0,0,0.0,0.0,False,False,0,0,0.0,0.0
409828_2018-11-06_14-02-59_filtered_2026-04-09_04-59-00,4,331,0.16122999999993226,False,False,0,0,0.0,0.0,False,False,0,0,0.0,0.0,False,False,0,0,0.0,0.0,False,False,0,0,0.0,0.0,False,False,0,0,0.0,0.0,False,False,0,0,0.0,0.0
409828_2018-11-06_14-02-59_filtered_2026-04-09_04-59-00,4,334,0.16122999999993226,False,False,0,0,0.0,0.0,True,True,3,7,0.5,0.25,True,True,13,13,0.2777777777777778,0.16666666666666666,False,False,0,0,0.0,0.0,True,True,3,2,0.3333333333333333,0.5,True,True,11,13,0.3333333333333333,0.16666666666666666
409828_2018-11-06_14-02-59_filtered_2026-04-09_04-59-00,4,335,0.16122999999993226,True,True,2,1,0.5,1.0,True,True,3,2,0.3333333333333333,0.6666666666666666,True,True,7,9,0.3125,0.18181818181818182,False,False,0,0,0.0,0.0,True,False,1,0,1.0,0.0,True,True,6,5,0.3,0.25
409828_2018-11-06_14-02-59_filtered_2026-04-09_04-59-00,4,339,0.16122999999993226,False,False,0,0,0.0,0.0,False,False,0,0,0.0,0.0,True,False,1,0,1.0,0.0,False,False,0,0,0.0,0.0,True,False,1,0,1.0,0.0,True,False,1,0,1.0,0.0
409828_2018-11-06_14-02-59_filtered_2026-04-09_04-59-00,4,342,0.16122999999993226,False,False,0,0,0.0,0.0,False,True,0,1,0.0,1.0,True,True,2,2,0.5,0.5,False,False,0,0,0.0,0.0,True,False,1,0,1.0,0.0,True,True,1,1,1.0,1.0
409828_2018-11-06_14-02-59_filtered_2026-04-09_04-59-00,4,346,0.16122999999993226,False,False,0,0,0.0,0.0,False,True,0,2,0.0,0.5,True,True,5,6,0.2,0.4444444444444444,False,False,0,0,0.0,0.0,False,True,0,1,0.0,1.0,True,True,5,3,0.2,0.6
409828_2018-11-06_14-02-59_filtered_2026-04-09_04-59-00,4,348,0.16122999999993226,False,False,0,0,0.0,0.0,True,False,1,0,1.0,0.0,True,True,1,1,1.0,1.0,False,False,0,0,0.0,0.0,False,False,0,0,0.0,0.0,False,True,0,2,0.0,0.5
409828_2018-11-06_14-02-59_filtered_2026-04-09_04-59-00,4,349,0.16122999999993226,False,False,0,0,0.0,0.0,False,False,0,0,0.0,0.0,False,False,0,0,0.0,0.0,False,False,0,0,0.0,0.0,False,False,0,0,0.0,0.0,False,False,0,0,0.0,0.0
409828_2018-11-06_14-02-59_filtered_2026-04-09_04-59-00,4,350,0.16122999999993226,False,False,0,0,0.0,0.0,False,False,0,0,0.0,0.0,False,False,0,0,0.0,0.0,False,False,0,0,0.0,0.0,False,True,0,1,0.0,1.0,False,True,0,1,0.0,1.0
409828_2018-11-06_14-02-59_filtered_2026-04-09_04-59-00,4,353,0.16122999999993226,False,False,0,0,0.0,0.0,False,False,0,0,0.0,0.0,False,True,0,1,0.0,1.0,False,False,0,0,0.0,0.0,False,False,0,0,0.0,0.0,True,False,1,0,1.0,0.0
409828_2018-11-06_14-02-59_filtered_2026-04-09_04-59-00,4,355,0.16122999999993226,False,False,0,0,0.0,0.0,False,False,0,0,0.0,0.0,True,True,2,1,0.5,1.0,False,False,0,0,0.0,0.0,True,False,1,0,1.0,0.0,True,False,2,0,0.5,0.0
409828_2018-11-06_14-02-59_filtered_2026-04-09_04-59-00,4,363,0.16122999999993226,False,False,0,0,0.0,0.0,False,False,0,0,0.0,0.0,False,False,0,0,0.0,0.0,False,False,0,0,0.0,0.0,False,False,0,0,0.0,0.0,True,False,1,0,1.0,0.0
409828_2018-11-06_14-02-59_filtered_2026-04-09_04-59-00,4,367,0.16122999999993226,False,True,0,2,0.0,0.5,True,True,2,4,0.5,0.25,True,True,8,11,0.25,0.21428571428571427,False,False,0,0,0.0,0.0,False,True,0,1,0.0,1.0,True,True,2,4,0.5,0.4
409828_2018-11-06_14-02-59_filtered_2026-04-09_04-59-00,4,369,0.16122999999993226,False,False,0,0,0.0,0.0,False,False,0,0,0.0,0.0,True,False,1,0,1.0,0.0,False,False,0,0,0.0,0.0,False,False,0,0,0.0,0.0,True,True,1,1,1.0,1.0
409828_2018-11-06_14-02-59_filtered_2026-04-09_04-59-00,4,372,0.16122999999993226,False,False,0,0,0.0,0.0,False,False,0,0,0.0,0.0,False,False,0,0,0.0,0.0,False,False,0,0,0.0,0.0,False,False,0,0,0.0,0.0,False,False,0,0,0.0,0.0
409828_2018-11-06_14-02-59_filtered_2026-04-09_04-59-00,4,373,0.16122999999993226,False,False,0,0,0.0,0.0,False,False,0,0,0.0,0.0,False,False,0,0,0.0,0.0,False,False,0,0,0.0,0.0,False,False,0,0,0.0,0.0,False,False,0,0,0.0,0.0
409828_2018-11-06_14-02-59_filtered_2026-04-09_04-59-00,4,386,0.16122999999993226,False,False,0,0,0.0,0.0,False,False,0,0,0.0,0.0,False,False,0,0,0.0,0.0,False,False,0,0,0.0,0.0,False,False,0,0,0.0,0.0,False,False,0,0,0.0,0.0
409828_2018-11-06_14-02-59_filtered_2026-04-09_04-59-00,4,387,0.16122999999993226,False,False,0,0,0.0,0.0,False,False,0,0,0.0,0.0,True,True,3,3,0.3333333333333333,0.3333333333333333,False,False,0,0,0.0,0.0,True,False,1,0,1.0,0.0,True,True,2,2,0.5,0.5
409828_2018-11-06_14-02-59_filtered_2026-04-09_04-59-00,4,389,0.16122999999993226,False,False,0,0,0.0,0.0,False,False,0,0,0.0,0.0,False,False,0,0,0.0,0.0,False,False,0,0,0.0,0.0,False,False,0,0,0.0,0.0,False,False,0,0,0.0,0.0
409828_2018-11-06_14-02-59_filtered_2026-04-09_04-59-00,4,392,0.16122999999993226,False,False,0,0,0.0,0.0,False,False,0,0,0.0,0.0,False,False,0,0,0.0,0.0,False,False,0,0,0.0,0.0,False,False,0,0,0.0,0.0,False,False,0,0,0.0,0.0
409828_2018-11-06_14-02-59_filtered_2026-04-09_04-59-00,4,396,0.16122999999993226,False,False,0,0,0.0,0.0,False,False,0,0,0.0,0.0,False,False,0,0,0.0,0.0,False,False,0,0,0.0,0.0,False,False,0,0,0.0,0.0,False,False,0,0,0.0,0.0
409828_2018-11-06_14-02-59_filtered_2026-04-09_04-59-00,4,398,0.16122999999993226,False,False,0,0,0.0,0.0,False,False,0,0,0.0,0.0,True,True,2,1,0.5,1.0,False,False,0,0,0.0,0.0,False,True,0,1,0.0,1.0,False,True,0,1,0.0,1.0
409828_2018-11-06_14-02-59_filtered_2026-04-09_04-59-00,4,399,0.16122999999993226,False,False,0,0,0.0,0.0,False,False,0,0,0.0,0.0,True,True,2,2,0.5,0.6666666666666666,False,False,0,0,0.0,0.0,False,True,0,1,0.0,1.0,False,True,0,1,0.0,1.0
409828_2018-11-06_14-02-59_filtered_2026-04-09_04-59-00,4,400,0.16122999999993226,False,False,0,0,0.0,0.0,False,False,0,0,0.0,0.0,False,False,0,0,0.0,0.0,False,False,0,0,0.0,0.0,False,False,0,0,0.0,0.0,False,False,0,0,0.0,0.0
409828_2018-11-06_14-02-59_filtered_2026-04-09_04-59-00,4,401,0.16122999999993226,False,False,0,0,0.0,0.0,False,True,0,2,0.0,0.5,True,True,9,4,0.2727272727272727,0.25,False,False,0,0,0.0,0.0,True,False,1,0,1.0,0.0,True,True,2,2,0.8,0.5
409828_2018-11-06_14-02-59_filtered_2026-04-09_04-59-00,4,406,0.16122999999993226,False,False,0,0,0.0,0.0,True,False,1,0,1.0,0.0,False,False,0,0,0.0,0.0,False,False,0,0,0.0,0.0,False,False,0,0,0.0,0.0,False,True,0,2,0.0,0.5
409828_2018-11-06_14-02-59_filtered_2026-04-09_04-59-00,4,418,0.16122999999993226,False,False,0,0,0.0,0.0,False,False,0,0,0.0,0.0,False,False,0,0,0.0,0.0,False,False,0,0,0.0,0.0,False,False,0,0,0.0,0.0,False,False,0,0,0.0,0.0
409828_2018-11-06_14-02-59_filtered_2026-04-09_04-59-00,4,423,0.16122999999993226,False,False,0,0,0.0,0.0,False,False,0,0,0.0,0.0,False,False,0,0,0.0,0.0,False,False,0,0,0.0,0.0,False,False,0,0,0.0,0.0,False,False,0,0,0.0,0.0
409828_2018-11-06_14-02-59_filtered_2026-04-09_04-59-00,4,430,0.16122999999993226,False,False,0,0,0.0,0.0,False,False,0,0,0.0,0.0,False,False,0,0,0.0,0.0,False,False,0,0,0.0,0.0,False,False,0,0,0.0,0.0,True,False,1,0,1.0,0.0
409828_2018-11-06_14-02-59_filtered_2026-04-09_04-59-00,4,431,0.16122999999993226,False,False,0,0,0.0,0.0,False,False,0,0,0.0,0.0,False,False,0,0,0.0,0.0,False,False,0,0,0.0,0.0,False,False,0,0,0.0,0.0,False,False,0,0,0.0,0.0
409828_2018-11-06_14-02-59_filtered_2026-04-09_04-59-00,4,432,0.16122999999993226,False,False,0,0,0.0,0.0,False,False,0,0,0.0,0.0,False,False,0,0,0.0,0.0,False,False,0,0,0.0,0.0,False,False,0,0,0.0,0.0,False,False,0,0,0.0,0.0
409828_2018-11-06_14-02-59_filtered_2026-04-09_04-59-00,4,433,0.16122999999993226,False,False,0,0,0.0,0.0,False,True,0,1,0.0,1.0,False,True,0,1,0.0,1.0,False,False,0,0,0.0,0.0,False,False,0,0,0.0,0.0,True,True,2,2,0.5,0.5
409828_2018-11-06_14-02-59_filtered_2026-04-09_04-59-00,4,453,0.16122999999993226,False,False,0,0,0.0,0.0,True,True,7,3,0.14285714285714285,0.3333333333333333,True,True,6,9,0.4444444444444444,0.1111111111111111,False,False,0,0,0.0,0.0,True,False,1,0,1.0,0.0,True,True,3,3,0.5,0.3333333333333333
409828_2018-11-06_14-02-59_filtered_2026-04-09_04-59-00,4,456,0.16122999999993226,False,False,0,0,0.0,0.0,False,False,0,0,0.0,0.0,False,False,0,0,0.0,0.0,False,False,0,0,0.0,0.0,False,False,0,0,0.0,0.0,False,False,0,0,0.0,0.0
409828_2018-11-06_14-02-59_filtered_2026-04-09_04-59-00,4,458,0.16122999999993226,False,False,0,0,0.0,0.0,False,False,0,0,0.0,0.0,False,False,0,0,0.0,0.0,False,False,0,0,0.0,0.0,False,False,0,0,0.0,0.0,False,False,0,0,0.0,0.0
409828_2018-11-06_14-02-59_filtered_2026-04-09_04-59-00,4,461,0.16122999999993226,True,False,1,0,1.0,0.0,True,True,2,5,0.6666666666666666,0.2,True,True,6,12,0.25,0.08333333333333333,False,False,0,0,0.0,0.0,True,False,1,0,1.0,0.0,True,True,2,2,0.75,0.5
409828_2018-11-06_14-02-59_filtered_2026-04-09_04-59-00,4,462,0.16122999999993226,False,False,0,0,0.0,0.0,True,True,1,1,1.0,1.0,True,True,1,2,1.0,0.6666666666666666,False,False,0,0,0.0,0.0,False,True,0,1,0.0,1.0,True,True,1,1,1.0,1.0
409828_2018-11-06_14-02-59_filtered_2026-04-09_04-59-00,4,470,0.16122999999993226,False,False,0,0,0.0,0.0,False,False,0,0,0.0,0.0,False,False,0,0,0.0,0.0,False,False,0,0,0.0,0.0,False,True,0,1,0.0,1.0,False,False,0,0,0.0,0.0
409828_2018-11-06_14-02-59_filtered_2026-04-09_04-59-00,4,474,0.16122999999993226,False,False,0,0,0.0,0.0,False,False,0,0,0.0,0.0,False,False,0,0,0.0,0.0,False,False,0,0,0.0,0.0,False,False,0,0,0.0,0.0,False,False,0,0,0.0,0.0
409828_2018-11-06_14-02-59_filtered_2026-04-09_04-59-00,4,509,0.16122999999993226,True,True,8,8,0.18181818181818182,0.125,True,True,18,16,0.17857142857142858,0.13043478260869565,True,True,7,13,0.39655172413793105,0.30434782608695654,False,False,0,0,0.0,0.0,True,True,2,5,0.8,0.3333333333333333,True,True,7,13,0.48,0.20930232558139536
409828_2018-11-06_14-02-59_filtered_2026-04-09_04-59-00,4,515,0.16122999999993226,False,False,0,0,0.0,0.0,False,False,0,0,0.0,0.0,False,False,0,0,0.0,0.0,False,False,0,0,0.0,0.0,False,False,0,0,0.0,0.0,False,False,0,0,0.0,0.0
409828_2018-11-06_14-02-59_filtered_2026-04-09_04-59-00,4,527,0.16122999999993226,False,False,0,0,0.0,0.0,False,False,0,0,0.0,0.0,False,True,0,1,0.0,1.0,False,False,0,0,0.0,0.0,False,False,0,0,0.0,0.0,False,False,0,0,0.0,0.0
409828_2018-11-06_14-02-59_filtered_2026-04-09_04-59-00,4,531,0.16122999999993226,False,False,0,0,0.0,0.0,False,False,0,0,0.0,0.0,True,True,3,1,0.3333333333333333,1.0,False,False,0,0,0.0,0.0,False,True,0,1,0.0,1.0,True,True,1,1,1.0,1.0
409828_2018-11-06_14-02-59_filtered_2026-04-09_04-59-00,4,532,0.16122999999993226,True,True,4,4,0.25,0.4,True,True,10,9,0.16666666666666666,0.2,True,True,17,14,0.20588235294117646,0.19047619047619047,False,False,0,0,0.0,0.0,True,True,2,1,0.6666666666666666,1.0,True,True,16,11,0.21428571428571427,0.20833333333333334
409828_2018-11-06_14-02-59_filtered_2026-04-09_04-59-00,4,554,0.16122999999993226,False,False,0,0,0.0,0.0,False,False,0,0,0.0,0.0,False,False,0,0,0.0,0.0,False,False,0,0,0.0,0.0,True,False,1,0,1.0,0.0,True,False,1,0,1.0,0.0
409828_2018-11-06_14-02-59_filtered_2026-04-09_04-59-00,4,556,0.16122999999993226,False,False,0,0,0.0,0.0,False,False,0,0,0.0,0.0,False,False,0,0,0.0,0.0,False,False,0,0,0.0,0.0,False,False,0,0,0.0,0.0,False,False,0,0,0.0,0.0
409828_2018-11-06_14-02-59_filtered_2026-04-09_04-59-00,4,557,0.16122999999993226,False,False,0,0,0.0,0.0,False,False,0,0,0.0,0.0,True,True,1,1,1.0,1.0,False,False,0,0,0.0,0.0,False,False,0,0,0.0,0.0,True,True,2,1,0.6666666666666666,1.0
409828_2018-11-06_14-02-59_filtered_2026-04-09_04-59-00,4,570,0.16122999999993226,False,False,0,0,0.0,0.0,True,False,1,0,1.0,0.0,False,False,0,0,0.0,0.0,False,False,0,0,0.0,0.0,False,False,0,0,0.0,0.0,False,False,0,0,0.0,0.0
409828_2018-11-06_14-02-59_filtered_2026-04-09_04-59-00,4,578,0.16122999999993226,False,False,0,0,0.0,0.0,False,False,0,0,0.0,0.0,True,False,1,0,1.0,0.0,False,False,0,0,0.0,0.0,False,False,0,0,0.0,0.0,False,False,0,0,0.0,0.0
409828_2018-11-06_14-02-59_filtered_2026-04-09_04-59-00,4,581,0.16122999999993226,True,False,2,0,0.5,0.0,True,True,3,2,0.3333333333333333,0.5,True,True,10,6,0.21428571428571427,0.25,False,False,0,0,0.0,0.0,True,True,1,1,1.0,1.0,True,True,3,4,0.5,0.3333333333333333
409828_2018-11-06_14-02-59_filtered_2026-04-09_04-59-00,4,591,0.16122999999993226,False,False,0,0,0.0,0.0,False,False,0,0,0.0,0.0,False,True,0,1,0.0,1.0,False,False,0,0,0.0,0.0,False,False,0,0,0.0,0.0,False,True,0,1,0.0,1.0
409828_2018-11-06_14-02-59_filtered_2026-04-09_04-59-00,4,607,0.16122999999993226,False,False,0,0,0.0,0.0,False,False,0,0,0.0,0.0,False,False,0,0,0.0,0.0,False,False,0,0,0.0,0.0,False,False,0,0,0.0,0.0,False,False,0,0,0.0,0.0
409828_2018-11-06_14-02-59_filtered_2026-04-09_04-59-00,4,618,0.16122999999993226,False,False,0,0,0.0,0.0,False,False,0,0,0.0,0.0,True,True,1,3,1.0,0.5,False,False,0,0,0.0,0.0,False,True,0,1,0.0,1.0,True,True,2,1,0.5,1.0
409828_2018-11-06_14-02-59_filtered_2026-04-09_04-59-00,4,629,0.16122999999993226,False,False,0,0,0.0,0.0,False,False,0,0,0.0,0.0,False,False,0,0,0.0,0.0,False,False,0,0,0.0,0.0,False,False,0,0,0.0,0.0,False,False,0,0,0.0,0.0
409828_2018-11-06_14-02-59_filtered_2026-04-09_04-59-00,4,687,0.16122999999993226,False,False,0,0,0.0,0.0,False,False,0,0,0.0,0.0,False,False,0,0,0.0,0.0,False,False,0,0,0.0,0.0,False,False,0,0,0.0,0.0,False,False,0,0,0.0,0.0
409828_2018-11-06_14-02-59_filtered_2026-04-09_04-59-00,4,692,0.16122999999993226,False,False,0,0,0.0,0.0,False,False,0,0,0.0,0.0,False,False,0,0,0.0,0.0,False,False,0,0,0.0,0.0,False,False,0,0,0.0,0.0,False,False,0,0,0.0,0.0
409828_2018-11-06_14-02-59_filtered_2026-04-09_04-59-00,4,693,0.16122999999993226,False,False,0,0,0.0,0.0,False,True,0,1,0.0,1.0,False,False,0,0,0.0,0.0,False,False,0,0,0.0,0.0,False,False,0,0,0.0,0.0,True,False,2,0,0.5,0.0
409828_2018-11-06_14-02-59_filtered_2026-04-09_04-59-00,4,758,0.16122999999993226,False,False,0,0,0.0,0.0,False,False,0,0,0.0,0.0,False,False,0,0,0.0,0.0,False,False,0,0,0.0,0.0,False,False,0,0,0.0,0.0,False,True,0,1,0.0,1.0
409828_2018-11-06_14-02-59_filtered_2026-04-09_04-59-00,4,770,0.16122999999993226,False,False,0,0,0.0,0.0,False,True,0,1,0.0,1.0,False,True,0,2,0.0,0.5,False,False,0,0,0.0,0.0,False,False,0,0,0.0,0.0,False,True,0,1,0.0,1.0
409828_2018-11-06_14-02-59_filtered_2026-04-09_04-59-00,4,816,0.16122999999993226,False,False,0,0,0.0,0.0,False,False,0,0,0.0,0.0,False,True,0,1,0.0,1.0,False,False,0,0,0.0,0.0,False,False,0,0,0.0,0.0,False,False,0,0,0.0,0.0
409828_2018-11-06_14-02-59_filtered_2026-04-09_04-59-00,4,825,0.16122999999993226,False,False,0,0,0.0,0.0,False,False,0,0,0.0,0.0,False,False,0,0,0.0,0.0,False,False,0,0,0.0,0.0,False,False,0,0,0.0,0.0,False,False,0,0,0.0,0.0
409828_2018-11-06_14-02-59_filtered_2026-04-09_04-59-00,4,828,0.16122999999993226,False,False,0,0,0.0,0.0,False,False,0,0,0.0,0.0,True,False,1,0,1.0,0.0,False,False,0,0,0.0,0.0,False,True,0,1,0.0,1.0,True,True,1,1,1.0,1.0
409828_2018-11-06_14-02-59_filtered_2026-04-09_04-59-00,4,949,0.16122999999993226,False,True,0,1,0.0,1.0,False,True,0,1,0.0,1.0,True,True,1,2,1.0,0.5,False,False,0,0,0.0,0.0,False,True,0,1,0.0,1.0,True,True,2,1,0.5,1.0
409828_2018-11-06_14-02-59_filtered_2026-04-09_04-59-00,5,0,0.16122999999993226,False,False,0,0,0.0,0.0,False,False,0,0,0.0,0.0,False,False,0,0,0.0,0.0,False,False,0,0,0.0,0.0,False,False,0,0,0.0,0.0,False,False,0,0,0.0,0.0
409828_2018-11-06_14-02-59_filtered_2026-04-09_04-59-00,5,1,0.16122999999993226,True,False,1,0,1.0,0.0,False,False,0,0,0.0,0.0,True,True,4,4,0.25,0.25,False,False,0,0,0.0,0.0,False,False,0,0,0.0,0.0,False,True,0,2,0.0,0.5
409828_2018-11-06_14-02-59_filtered_2026-04-09_04-59-00,5,2,0.16122999999993226,False,False,0,0,0.0,0.0,True,False,1,0,1.0,0.0,True,True,1,1,1.0,1.0,False,False,0,0,0.0,0.0,False,True,0,1,0.0,1.0,True,False,1,0,1.0,0.0
409828_2018-11-06_14-02-59_filtered_2026-04-09_04-59-00,5,3,0.16122999999993226,False,False,0,0,0.0,0.0,False,False,0,0,0.0,0.0,False,False,0,0,0.0,0.0,False,False,0,0,0.0,0.0,False,False,0,0,0.0,0.0,False,False,0,0,0.0,0.0
409828_2018-11-06_14-02-59_filtered_2026-04-09_04-59-00,5,4,0.16122999999993226,False,False,0,0,0.0,0.0,False,False,0,0,0.0,0.0,True,False,2,0,0.5,0.0,False,False,0,0,0.0,0.0,False,False,0,0,0.0,0.0,True,False,1,0,1.0,0.0
409828_2018-11-06_14-02-59_filtered_2026-04-09_04-59-00,5,5,0.16122999999993226,False,False,0,0,0.0,0.0,False,False,0,0,0.0,0.0,False,False,0,0,0.0,0.0,False,False,0,0,0.0,0.0,False,False,0,0,0.0,0.0,False,False,0,0,0.0,0.0
409828_2018-11-06_14-02-59_filtered_2026-04-09_04-59-00,5,6,0.16122999999993226,False,False,0,0,0.0,0.0,False,False,0,0,0.0,0.0,True,True,2,1,0.5,1.0,False,False,0,0,0.0,0.0,False,False,0,0,0.0,0.0,True,False,1,0,1.0,0.0
409828_2018-11-06_14-02-59_filtered_2026-04-09_04-59-00,5,7,0.16122999999993226,False,False,0,0,0.0,0.0,False,False,0,0,0.0,0.0,True,True,1,1,1.0,1.0,False,False,0,0,0.0,0.0,False,False,0,0,0.0,0.0,False,True,0,1,0.0,1.0
409828_2018-11-06_14-02-59_filtered_2026-04-09_04-59-00,5,8,0.16122999999993226,False,False,0,0,0.0,0.0,False,True,0,1,0.0,1.0,True,True,2,5,0.5,0.2,False,False,0,0,0.0,0.0,False,False,0,0,0.0,0.0,True,True,1,1,1.0,1.0
409828_2018-11-06_14-02-59_filtered_2026-04-09_04-59-00,5,9,0.16122999999993226,False,True,0,1,0.0,1.0,False,False,0,0,0.0,0.0,True,True,2,2,0.5,0.5,False,False,0,0,0.0,0.0,False,False,0,0,0.0,0.0,True,True,1,2,1.0,0.5
409828_2018-11-06_14-02-59_filtered_2026-04-09_04-59-00,5,10,0.16122999999993226,False,False,0,0,0.0,0.0,False,False,0,0,0.0,0.0,False,True,0,2,0.0,0.5,False,False,0,0,0.0,0.0,False,False,0,0,0.0,0.0,True,True,1,1,1.0,1.0
409828_2018-11-06_14-02-59_filtered_2026-04-09_04-59-00,5,11,0.16122999999993226,False,False,0,0,0.0,0.0,False,False,0,0,0.0,0.0,False,False,0,0,0.0,0.0,False,False,0,0,0.0,0.0,False,False,0,0,0.0,0.0,True,False,1,0,1.0,0.0
409828_2018-11-06_14-02-59_filtered_2026-04-09_04-59-00,5,12,0.16122999999993226,False,False,0,0,0.0,0.0,False,False,0,0,0.0,0.0,False,False,0,0,0.0,0.0,False,False,0,0,0.0,0.0,False,False,0,0,0.0,0.0,True,False,1,0,1.0,0.0
409828_2018-11-06_14-02-59_filtered_2026-04-09_04-59-00,5,13,0.16122999999993226,False,False,0,0,0.0,0.0,False,False,0,0,0.0,0.0,False,False,0,0,0.0,0.0,False,False,0,0,0.0,0.0,False,False,0,0,0.0,0.0,False,False,0,0,0.0,0.0
409828_2018-11-06_14-02-59_filtered_2026-04-09_04-59-00,5,14,0.16122999999993226,True,False,1,0,1.0,0.0,True,False,1,0,1.0,0.0,True,True,4,1,0.25,1.0,False,False,0,0,0.0,0.0,False,False,0,0,0.0,0.0,True,True,3,3,0.3333333333333333,0.6
409828_2018-11-06_14-02-59_filtered_2026-04-09_04-59-00,5,15,0.16122999999993226,False,False,0,0,0.0,0.0,False,False,0,0,0.0,0.0,True,False,1,0,1.0,0.0,False,False,0,0,0.0,0.0,False,False,0,0,0.0,0.0,False,False,0,0,0.0,0.0
409828_2018-11-06_14-02-59_filtered_2026-04-09_04-59-00,5,16,0.16122999999993226,False,False,0,0,0.0,0.0,False,False,0,0,0.0,0.0,False,False,0,0,0.0,0.0,False,False,0,0,0.0,0.0,False,False,0,0,0.0,0.0,False,False,0,0,0.0,0.0
409828_2018-11-06_14-02-59_filtered_2026-04-09_04-59-00,5,17,0.16122999999993226,False,False,0,0,0.0,0.0,True,False,1,0,1.0,0.0,True,True,2,3,0.5,0.5,False,False,0,0,0.0,0.0,False,False,0,0,0.0,0.0,True,True,1,1,1.0,1.0
409828_2018-11-06_14-02-59_filtered_2026-04-09_04-59-00,5,18,0.16122999999993226,False,False,0,0,0.0,0.0,False,False,0,0,0.0,0.0,False,False,0,0,0.0,0.0,False,False,0,0,0.0,0.0,False,False,0,0,0.0,0.0,True,True,1,1,1.0,1.0
409828_2018-11-06_14-02-59_filtered_2026-04-09_04-59-00,5,19,0.16122999999993226,False,False,0,0,0.0,0.0,False,False,0,0,0.0,0.0,True,True,1,1,1.0,1.0,False,False,0,0,0.0,0.0,False,False,0,0,0.0,0.0,True,True,1,2,1.0,0.5
409828_2018-11-06_14-02-59_filtered_2026-04-09_04-59-00,5,20,0.16122999999993226,False,False,0,0,0.0,0.0,False,False,0,0,0.0,0.0,False,False,0,0,0.0,0.0,False,False,0,0,0.0,0.0,False,False,0,0,0.0,0.0,True,False,1,0,1.0,0.0
409828_2018-11-06_14-02-59_filtered_2026-04-09_04-59-00,5,21,0.16122999999993226,False,False,0,0,0.0,0.0,False,False,0,0,0.0,0.0,False,False,0,0,0.0,0.0,False,False,0,0,0.0,0.0,False,False,0,0,0.0,0.0,True,True,1,1,1.0,1.0
409828_2018-11-06_14-02-59_filtered_2026-04-09_04-59-00,5,22,0.16122999999993226,False,False,0,0,0.0,0.0,False,False,0,0,0.0,0.0,False,False,0,0,0.0,0.0,False,False,0,0,0.0,0.0,False,False,0,0,0.0,0.0,False,False,0,0,0.0,0.0
409828_2018-11-06_14-02-59_filtered_2026-04-09_04-59-00,5,23,0.16122999999993226,False,False,0,0,0.0,0.0,True,False,1,0,1.0,0.0,True,False,1,0,1.0,0.0,False,False,0,0,0.0,0.0,False,False,0,0,0.0,0.0,False,False,0,0,0.0,0.0
409828_2018-11-06_14-02-59_filtered_2026-04-09_04-59-00,5,24,0.16122999999993226,False,False,0,0,0.0,0.0,False,False,0,0,0.0,0.0,False,False,0,0,0.0,0.0,False,False,0,0,0.0,0.0,False,False,0,0,0.0,0.0,False,False,0,0,0.0,0.0
409828_2018-11-06_14-02-59_filtered_2026-04-09_04-59-00,5,25,0.16122999999993226,False,False,0,0,0.0,0.0,False,False,0,0,0.0,0.0,False,False,0,0,0.0,0.0,False,False,0,0,0.0,0.0,False,False,0,0,0.0,0.0,False,False,0,0,0.0,0.0
409828_2018-11-06_14-02-59_filtered_2026-04-09_04-59-00,5,26,0.16122999999993226,False,False,0,0,0.0,0.0,False,False,0,0,0.0,0.0,False,True,0,1,0.0,1.0,False,False,0,0,0.0,0.0,False,False,0,0,0.0,0.0,False,True,0,1,0.0,1.0
409828_2018-11-06_14-02-59_filtered_2026-04-09_04-59-00,5,27,0.16122999999993226,False,False,0,0,0.0,0.0,True,False,1,0,1.0,0.0,True,True,6,2,0.2857142857142857,0.5,False,False,0,0,0.0,0.0,True,False,1,0,1.0,0.0,True,True,2,4,0.5,0.4
409828_2018-11-06_14-02-59_filtered_2026-04-09_04-59-00,5,29,0.16122999999993226,False,False,0,0,0.0,0.0,False,False,0,0,0.0,0.0,True,True,2,3,0.5,0.3333333333333333,False,False,0,0,0.0,0.0,False,False,0,0,0.0,0.0,False,False,0,0,0.0,0.0
409828_2018-11-06_14-02-59_filtered_2026-04-09_04-59-00,5,30,0.16122999999993226,False,False,0,0,0.0,0.0,False,False,0,0,0.0,0.0,True,False,1,0,1.0,0.0,False,False,0,0,0.0,0.0,False,False,0,0,0.0,0.0,False,True,0,1,0.0,1.0
409828_2018-11-06_14-02-59_filtered_2026-04-09_04-59-00,5,31,0.16122999999993226,False,False,0,0,0.0,0.0,False,True,0,1,0.0,1.0,True,True,2,1,0.5,1.0,False,False,0,0,0.0,0.0,False,False,0,0,0.0,0.0,False,False,0,0,0.0,0.0
409828_2018-11-06_14-02-59_filtered_2026-04-09_04-59-00,5,32,0.16122999999993226,False,False,0,0,0.0,0.0,False,False,0,0,0.0,0.0,False,False,0,0,0.0,0.0,False,False,0,0,0.0,0.0,False,False,0,0,0.0,0.0,False,False,0,0,0.0,0.0
409828_2018-11-06_14-02-59_filtered_2026-04-09_04-59-00,5,33,0.16122999999993226,False,False,0,0,0.0,0.0,False,True,0,1,0.0,1.0,False,True,0,3,0.0,0.3333333333333333,False,False,0,0,0.0,0.0,False,False,0,0,0.0,0.0,True,True,2,3,0.5,0.3333333333333333
409828_2018-11-06_14-02-59_filtered_2026-04-09_04-59-00,5,34,0.16122999999993226,False,False,0,0,0.0,0.0,False,False,0,0,0.0,0.0,False,True,0,1,0.0,1.0,False,False,0,0,0.0,0.0,False,False,0,0,0.0,0.0,True,True,1,1,1.0,1.0
409828_2018-11-06_14-02-59_filtered_2026-04-09_04-59-00,5,35,0.16122999999993226,False,False,0,0,0.0,0.0,False,False,0,0,0.0,0.0,True,False,2,0,0.5,0.0,False,False,0,0,0.0,0.0,False,False,0,0,0.0,0.0,True,False,1,0,1.0,0.0
409828_2018-11-06_14-02-59_filtered_2026-04-09_04-59-00,5,36,0.16122999999993226,False,False,0,0,0.0,0.0,False,False,0,0,0.0,0.0,False,False,0,0,0.0,0.0,False,False,0,0,0.0,0.0,False,False,0,0,0.0,0.0,True,False,1,0,1.0,0.0
409828_2018-11-06_14-02-59_filtered_2026-04-09_04-59-00,5,37,0.16122999999993226,False,False,0,0,0.0,0.0,False,False,0,0,0.0,0.0,False,False,0,0,0.0,0.0,False,False,0,0,0.0,0.0,False,False,0,0,0.0,0.0,False,False,0,0,0.0,0.0
409828_2018-11-06_14-02-59_filtered_2026-04-09_04-59-00,5,38,0.16122999999993226,False,False,0,0,0.0,0.0,False,False,0,0,0.0,0.0,False,False,0,0,0.0,0.0,False,False,0,0,0.0,0.0,False,False,0,0,0.0,0.0,True,False,1,0,1.0,0.0
409828_2018-11-06_14-02-59_filtered_2026-04-09_04-59-00,5,39,0.16122999999993226,False,False,0,0,0.0,0.0,False,False,0,0,0.0,0.0,False,False,0,0,0.0,0.0,False,False,0,0,0.0,0.0,False,False,0,0,0.0,0.0,True,False,1,0,1.0,0.0
409828_2018-11-06_14-02-59_filtered_2026-04-09_04-59-00,5,40,0.16122999999993226,True,False,1,0,1.0,0.0,True,True,3,2,0.3333333333333333,0.5,True,True,9,10,0.25,0.18181818181818182,False,False,0,0,0.0,0.0,True,False,1,0,1.0,0.0,True,True,5,6,0.42857142857142855,0.2857142857142857
409828_2018-11-06_14-02-59_filtered_2026-04-09_04-59-00,5,41,0.16122999999993226,False,False,0,0,0.0,0.0,False,False,0,0,0.0,0.0,True,False,2,0,0.5,0.0,False,False,0,0,0.0,0.0,False,False,0,0,0.0,0.0,False,False,0,0,0.0,0.0
409828_2018-11-06_14-02-59_filtered_2026-04-09_04-59-00,5,42,0.16122999999993226,False,False,0,0,0.0,0.0,True,False,1,0,1.0,0.0,True,False,2,0,0.5,0.0,False,False,0,0,0.0,0.0,False,False,0,0,0.0,0.0,False,True,0,1,0.0,1.0
409828_2018-11-06_14-02-59_filtered_2026-04-09_04-59-00,5,43,0.16122999999993226,False,False,0,0,0.0,0.0,False,False,0,0,0.0,0.0,False,True,0,1,0.0,1.0,False,False,0,0,0.0,0.0,False,True,0,1,0.0,1.0,True,False,1,0,1.0,0.0
409828_2018-11-06_14-02-59_filtered_2026-04-09_04-59-00,5,44,0.16122999999993226,False,False,0,0,0.0,0.0,False,False,0,0,0.0,0.0,True,False,1,0,1.0,0.0,False,False,0,0,0.0,0.0,False,False,0,0,0.0,0.0,True,True,1,1,1.0,1.0
409828_2018-11-06_14-02-59_filtered_2026-04-09_04-59-00,5,46,0.16122999999993226,False,False,0,0,0.0,0.0,False,False,0,0,0.0,0.0,False,False,0,0,0.0,0.0,False,False,0,0,0.0,0.0,False,False,0,0,0.0,0.0,False,False,0,0,0.0,0.0
409828_2018-11-06_14-02-59_filtered_2026-04-09_04-59-00,5,47,0.16122999999993226,False,True,0,1,0.0,1.0,True,False,2,0,0.5,0.0,True,True,3,3,0.4,0.3333333333333333,False,False,0,0,0.0,0.0,False,False,0,0,0.0,0.0,True,True,5,1,0.42857142857142855,1.0
409828_2018-11-06_14-02-59_filtered_2026-04-09_04-59-00,5,48,0.16122999999993226,True,False,1,0,1.0,0.0,True,False,1,0,1.0,0.0,False,True,0,2,0.0,0.5,False,False,0,0,0.0,0.0,False,True,0,1,0.0,1.0,True,True,1,2,1.0,0.5
409828_2018-11-06_14-02-59_filtered_2026-04-09_04-59-00,5,49,0.16122999999993226,True,False,1,0,1.0,0.0,True,True,1,1,1.0,1.0,True,True,1,8,1.0,0.125,False,False,0,0,0.0,0.0,False,True,0,1,0.0,1.0,True,True,3,4,0.3333333333333333,0.5
409828_2018-11-06_14-02-59_filtered_2026-04-09_04-59-00,5,50,0.16122999999993226,False,False,0,0,0.0,0.0,False,False,0,0,0.0,0.0,False,False,0,0,0.0,0.0,False,False,0,0,0.0,0.0,False,False,0,0,0.0,0.0,False,True,0,1,0.0,1.0
409828_2018-11-06_14-02-59_filtered_2026-04-09_04-59-00,5,51,0.16122999999993226,False,False,0,0,0.0,0.0,True,False,1,0,1.0,0.0,True,True,2,1,0.5,1.0,False,False,0,0,0.0,0.0,False,False,0,0,0.0,0.0,False,False,0,0,0.0,0.0
409828_2018-11-06_14-02-59_filtered_2026-04-09_04-59-00,5,52,0.16122999999993226,False,True,0,1,0.0,1.0,False,True,0,1,0.0,1.0,True,True,2,1,0.5,1.0,False,False,0,0,0.0,0.0,False,False,0,0,0.0,0.0,True,True,2,1,0.5,1.0
409828_2018-11-06_14-02-59_filtered_2026-04-09_04-59-00,5,53,0.16122999999993226,False,False,0,0,0.0,0.0,True,False,2,0,0.6666666666666666,0.0,True,False,4,0,0.5,0.0,False,False,0,0,0.0,0.0,True,False,1,0,1.0,0.0,True,True,2,2,0.6666666666666666,0.5
409828_2018-11-06_14-02-59_filtered_2026-04-09_04-59-00,5,54,0.16122999999993226,False,False,0,0,0.0,0.0,False,True,0,1,0.0,1.0,True,True,1,1,1.0,1.0,False,False,0,0,0.0,0.0,False,False,0,0,0.0,0.0,True,True,1,1,1.0,1.0
409828_2018-11-06_14-02-59_filtered_2026-04-09_04-59-00,5,55,0.16122999999993226,False,False,0,0,0.0,0.0,False,False,0,0,0.0,0.0,False,True,0,1,0.0,1.0,False,False,0,0,0.0,0.0,False,False,0,0,0.0,0.0,False,True,0,1,0.0,1.0
409828_2018-11-06_14-02-59_filtered_2026-04-09_04-59-00,5,56,0.16122999999993226,False,False,0,0,0.0,0.0,False,False,0,0,0.0,0.0,False,False,0,0,0.0,0.0,False,False,0,0,0.0,0.0,False,False,0,0,0.0,0.0,False,False,0,0,0.0,0.0
409828_2018-11-06_14-02-59_filtered_2026-04-09_04-59-00,5,57,0.16122999999993226,False,False,0,0,0.0,0.0,False,False,0,0,0.0,0.0,False,True,0,1,0.0,1.0,False,False,0,0,0.0,0.0,False,True,0,1,0.0,1.0,True,True,4,2,0.4,0.5
409828_2018-11-06_14-02-59_filtered_2026-04-09_04-59-00,5,58,0.16122999999993226,False,False,0,0,0.0,0.0,False,False,0,0,0.0,0.0,False,False,0,0,0.0,0.0,False,False,0,0,0.0,0.0,False,False,0,0,0.0,0.0,False,False,0,0,0.0,0.0
409828_2018-11-06_14-02-59_filtered_2026-04-09_04-59-00,5,59,0.16122999999993226,False,False,0,0,0.0,0.0,True,True,1,3,1.0,0.3333333333333333,True,True,3,4,0.3333333333333333,0.25,False,False,0,0,0.0,0.0,False,False,0,0,0.0,0.0,True,False,2,0,0.8,0.0
409828_2018-11-06_14-02-59_filtered_2026-04-09_04-59-00,5,60,0.16122999999993226,False,False,0,0,0.0,0.0,False,False,0,0,0.0,0.0,True,False,1,0,1.0,0.0,False,False,0,0,0.0,0.0,True,False,1,0,1.0,0.0,True,True,3,2,0.3333333333333333,0.5
409828_2018-11-06_14-02-59_filtered_2026-04-09_04-59-00,5,61,0.16122999999993226,False,False,0,0,0.0,0.0,False,False,0,0,0.0,0.0,False,True,0,1,0.0,1.0,False,False,0,0,0.0,0.0,False,False,0,0,0.0,0.0,False,False,0,0,0.0,0.0
409828_2018-11-06_14-02-59_filtered_2026-04-09_04-59-00,5,62,0.16122999999993226,False,False,0,0,0.0,0.0,False,False,0,0,0.0,0.0,False,False,0,0,0.0,0.0,False,False,0,0,0.0,0.0,False,False,0,0,0.0,0.0,False,False,0,0,0.0,0.0
409828_2018-11-06_14-02-59_filtered_2026-04-09_04-59-00,5,63,0.16122999999993226,False,False,0,0,0.0,0.0,False,False,0,0,0.0,0.0,False,False,0,0,0.0,0.0,False,False,0,0,0.0,0.0,False,False,0,0,0.0,0.0,False,False,0,0,0.0,0.0
409828_2018-11-06_14-02-59_filtered_2026-04-09_04-59-00,5,64,0.16122999999993226,False,False,0,0,0.0,0.0,True,False,2,0,0.5,0.0,True,True,4,1,0.25,1.0,False,False,0,0,0.0,0.0,False,False,0,0,0.0,0.0,True,False,1,0,1.0,0.0
409828_2018-11-06_14-02-59_filtered_2026-04-09_04-59-00,5,65,0.16122999999993226,True,True,2,5,0.5,0.2,True,True,7,7,0.14285714285714285,0.14285714285714285,True,True,12,12,0.20833333333333334,0.15384615384615385,False,False,0,0,0.0,0.0,False,False,0,0,0.0,0.0,True,True,8,3,0.3333333333333333,0.5
409828_2018-11-06_14-02-59_filtered_2026-04-09_04-59-00,5,66,0.16122999999993226,False,False,0,0,0.0,0.0,False,False,0,0,0.0,0.0,False,False,0,0,0.0,0.0,False,False,0,0,0.0,0.0,False,False,0,0,0.0,0.0,True,True,1,1,1.0,1.0
409828_2018-11-06_14-02-59_filtered_2026-04-09_04-59-00,5,67,0.16122999999993226,False,False,0,0,0.0,0.0,False,False,0,0,0.0,0.0,False,False,0,0,0.0,0.0,False,False,0,0,0.0,0.0,False,False,0,0,0.0,0.0,False,False,0,0,0.0,0.0
409828_2018-11-06_14-02-59_filtered_2026-04-09_04-59-00,5,68,0.16122999999993226,False,False,0,0,0.0,0.0,False,False,0,0,0.0,0.0,False,True,0,1,0.0,1.0,False,False,0,0,0.0,0.0,False,False,0,0,0.0,0.0,False,False,0,0,0.0,0.0
409828_2018-11-06_14-02-59_filtered_2026-04-09_04-59-00,5,69,0.16122999999993226,False,False,0,0,0.0,0.0,False,True,0,1,0.0,1.0,True,True,4,2,0.25,0.6666666666666666,False,False,0,0,0.0,0.0,False,False,0,0,0.0,0.0,True,False,2,0,0.5,0.0
409828_2018-11-06_14-02-59_filtered_2026-04-09_04-59-00,5,70,0.16122999999993226,True,False,2,0,0.5,0.0,True,True,3,2,0.3333333333333333,0.5,True,True,5,4,0.3333333333333333,0.5,False,False,0,0,0.0,0.0,False,True,0,1,0.0,1.0,True,True,2,2,0.5,0.6
409828_2018-11-06_14-02-59_filtered_2026-04-09_04-59-00,5,71,0.16122999999993226,False,False,0,0,0.0,0.0,False,False,0,0,0.0,0.0,False,False,0,0,0.0,0.0,False,False,0,0,0.0,0.0,False,False,0,0,0.0,0.0,False,False,0,0,0.0,0.0
409828_2018-11-06_14-02-59_filtered_2026-04-09_04-59-00,5,72,0.16122999999993226,False,False,0,0,0.0,0.0,False,False,0,0,0.0,0.0,False,False,0,0,0.0,0.0,False,False,0,0,0.0,0.0,False,False,0,0,0.0,0.0,True,False,1,0,1.0,0.0
409828_2018-11-06_14-02-59_filtered_2026-04-09_04-59-00,5,73,0.16122999999993226,False,False,0,0,0.0,0.0,False,False,0,0,0.0,0.0,True,True,5,3,0.2,0.3333333333333333,False,False,0,0,0.0,0.0,False,False,0,0,0.0,0.0,False,True,0,2,0.0,0.5
409828_2018-11-06_14-02-59_filtered_2026-04-09_04-59-00,5,74,0.16122999999993226,True,True,1,1,1.0,1.0,False,False,0,0,0.0,0.0,True,True,2,4,0.5,0.25,False,False,0,0,0.0,0.0,True,True,1,1,1.0,1.0,True,True,1,1,1.0,1.0
409828_2018-11-06_14-02-59_filtered_2026-04-09_04-59-00,5,75,0.16122999999993226,False,False,0,0,0.0,0.0,False,False,0,0,0.0,0.0,False,True,0,1,0.0,1.0,False,False,0,0,0.0,0.0,False,False,0,0,0.0,0.0,False,False,0,0,0.0,0.0
409828_2018-11-06_14-02-59_filtered_2026-04-09_04-59-00,5,76,0.16122999999993226,False,False,0,0,0.0,0.0,False,False,0,0,0.0,0.0,False,False,0,0,0.0,0.0,False,False,0,0,0.0,0.0,False,False,0,0,0.0,0.0,False,False,0,0,0.0,0.0
409828_2018-11-06_14-02-59_filtered_2026-04-09_04-59-00,5,77,0.16122999999993226,False,False,0,0,0.0,0.0,False,False,0,0,0.0,0.0,False,False,0,0,0.0,0.0,False,False,0,0,0.0,0.0,False,False,0,0,0.0,0.0,False,False,0,0,0.0,0.0
409828_2018-11-06_14-02-59_filtered_2026-04-09_04-59-00,5,78,0.16122999999993226,False,False,0,0,0.0,0.0,False,False,0,0,0.0,0.0,False,False,0,0,0.0,0.0,False,False,0,0,0.0,0.0,False,False,0,0,0.0,0.0,True,False,1,0,1.0,0.0
409828_2018-11-06_14-02-59_filtered_2026-04-09_04-59-00,5,79,0.16122999999993226,False,False,0,0,0.0,0.0,False,False,0,0,0.0,0.0,False,True,0,1,0.0,1.0,False,False,0,0,0.0,0.0,False,False,0,0,0.0,0.0,False,False,0,0,0.0,0.0
409828_2018-11-06_14-02-59_filtered_2026-04-09_04-59-00,5,80,0.16122999999993226,False,False,0,0,0.0,0.0,False,False,0,0,0.0,0.0,False,False,0,0,0.0,0.0,False,False,0,0,0.0,0.0,False,False,0,0,0.0,0.0,True,False,1,0,1.0,0.0
409828_2018-11-06_14-02-59_filtered_2026-04-09_04-59-00,5,81,0.16122999999993226,False,False,0,0,0.0,0.0,False,False,0,0,0.0,0.0,False,False,0,0,0.0,0.0,False,False,0,0,0.0,0.0,False,False,0,0,0.0,0.0,False,False,0,0,0.0,0.0
409828_2018-11-06_14-02-59_filtered_2026-04-09_04-59-00,5,82,0.16122999999993226,False,False,0,0,0.0,0.0,False,False,0,0,0.0,0.0,False,False,0,0,0.0,0.0,False,False,0,0,0.0,0.0,False,False,0,0,0.0,0.0,False,False,0,0,0.0,0.0
409828_2018-11-06_14-02-59_filtered_2026-04-09_04-59-00,5,83,0.16122999999993226,False,False,0,0,0.0,0.0,False,False,0,0,0.0,0.0,True,True,1,2,1.0,0.5,False,False,0,0,0.0,0.0,False,False,0,0,0.0,0.0,True,False,1,0,1.0,0.0
409828_2018-11-06_14-02-59_filtered_2026-04-09_04-59-00,5,84,0.16122999999993226,False,False,0,0,0.0,0.0,True,True,1,2,1.0,0.5,True,True,1,1,1.0,1.0,False,False,0,0,0.0,0.0,False,False,0,0,0.0,0.0,True,False,1,0,1.0,0.0
409828_2018-11-06_14-02-59_filtered_2026-04-09_04-59-00,5,85,0.16122999999993226,False,False,0,0,0.0,0.0,False,False,0,0,0.0,0.0,False,False,0,0,0.0,0.0,False,False,0,0,0.0,0.0,False,False,0,0,0.0,0.0,False,False,0,0,0.0,0.0
409828_2018-11-06_14-02-59_filtered_2026-04-09_04-59-00,5,86,0.16122999999993226,False,False,0,0,0.0,0.0,False,False,0,0,0.0,0.0,False,False,0,0,0.0,0.0,False,False,0,0,0.0,0.0,False,False,0,0,0.0,0.0,True,True,1,1,1.0,1.0
409828_2018-11-06_14-02-59_filtered_2026-04-09_04-59-00,5,87,0.16122999999993226,False,False,0,0,0.0,0.0,False,False,0,0,0.0,0.0,False,False,0,0,0.0,0.0,False,False,0,0,0.0,0.0,False,False,0,0,0.0,0.0,False,False,0,0,0.0,0.0
409828_2018-11-06_14-02-59_filtered_2026-04-09_04-59-00,5,88,0.16122999999993226,False,False,0,0,0.0,0.0,False,False,0,0,0.0,0.0,False,False,0,0,0.0,0.0,False,False,0,0,0.0,0.0,False,False,0,0,0.0,0.0,False,True,0,1,0.0,1.0
409828_2018-11-06_14-02-59_filtered_2026-04-09_04-59-00,5,89,0.16122999999993226,True,False,1,0,1.0,0.0,True,True,2,2,0.5,0.5,True,True,7,7,0.25,0.3,False,False,0,0,0.0,0.0,False,True,0,1,0.0,1.0,True,True,3,2,0.3333333333333333,0.6666666666666666
409828_2018-11-06_14-02-59_filtered_2026-04-09_04-59-00,5,90,0.16122999999993226,False,False,0,0,0.0,0.0,False,False,0,0,0.0,0.0,False,False,0,0,0.0,0.0,False,False,0,0,0.0,0.0,False,False,0,0,0.0,0.0,False,False,0,0,0.0,0.0
409828_2018-11-06_14-02-59_filtered_2026-04-09_04-59-00,5,91,0.16122999999993226,False,False,0,0,0.0,0.0,False,False,0,0,0.0,0.0,False,False,0,0,0.0,0.0,False,False,0,0,0.0,0.0,False,False,0,0,0.0,0.0,True,False,1,0,1.0,0.0
409828_2018-11-06_14-02-59_filtered_2026-04-09_04-59-00,5,92,0.16122999999993226,False,False,0,0,0.0,0.0,True,False,1,0,1.0,0.0,False,False,0,0,0.0,0.0,False,False,0,0,0.0,0.0,False,False,0,0,0.0,0.0,False,True,0,1,0.0,1.0
409828_2018-11-06_14-02-59_filtered_2026-04-09_04-59-00,5,93,0.16122999999993226,False,False,0,0,0.0,0.0,True,False,1,0,1.0,0.0,True,False,1,0,1.0,0.0,False,False,0,0,0.0,0.0,False,False,0,0,0.0,0.0,True,False,1,0,1.0,0.0
409828_2018-11-06_14-02-59_filtered_2026-04-09_04-59-00,5,94,0.16122999999993226,True,False,1,0,1.0,0.0,True,False,1,0,1.0,0.0,True,False,2,0,0.5,0.0,False,False,0,0,0.0,0.0,False,False,0,0,0.0,0.0,True,True,4,1,0.25,1.0
409828_2018-11-06_14-02-59_filtered_2026-04-09_04-59-00,5,95,0.16122999999993226,False,False,0,0,0.0,0.0,False,False,0,0,0.0,0.0,True,False,1,0,1.0,0.0,False,False,0,0,0.0,0.0,True,False,1,0,1.0,0.0,True,False,1,0,1.0,0.0
409828_2018-11-06_14-02-59_filtered_2026-04-09_04-59-00,5,96,0.16122999999993226,False,False,0,0,0.0,0.0,False,False,0,0,0.0,0.0,True,True,1,2,1.0,0.5,False,False,0,0,0.0,0.0,False,False,0,0,0.0,0.0,True,False,1,0,1.0,0.0
409828_2018-11-06_14-02-59_filtered_2026-04-09_04-59-00,5,97,0.16122999999993226,True,True,1,1,1.0,1.0,True,True,2,1,0.5,1.0,True,True,8,9,0.2727272727272727,0.2,False,False,0,0,0.0,0.0,False,True,0,1,0.0,1.0,True,True,4,3,0.25,0.6
409828_2018-11-06_14-02-59_filtered_2026-04-09_04-59-00,5,98,0.16122999999993226,False,False,0,0,0.0,0.0,False,False,0,0,0.0,0.0,False,False,0,0,0.0,0.0,False,False,0,0,0.0,0.0,False,False,0,0,0.0,0.0,False,False,0,0,0.0,0.0
409828_2018-11-06_14-02-59_filtered_2026-04-09_04-59-00,5,99,0.16122999999993226,False,False,0,0,0.0,0.0,False,False,0,0,0.0,0.0,False,False,0,0,0.0,0.0,False,False,0,0,0.0,0.0,False,False,0,0,0.0,0.0,True,False,2,0,0.5,0.0
409828_2018-11-06_14-02-59_filtered_2026-04-09_04-59-00,5,100,0.16122999999993226,False,False,0,0,0.0,0.0,False,False,0,0,0.0,0.0,False,False,0,0,0.0,0.0,False,False,0,0,0.0,0.0,False,False,0,0,0.0,0.0,False,False,0,0,0.0,0.0
409828_2018-11-06_14-02-59_filtered_2026-04-09_04-59-00,5,101,0.16122999999993226,False,False,0,0,0.0,0.0,False,False,0,0,0.0,0.0,False,False,0,0,0.0,0.0,False,False,0,0,0.0,0.0,False,False,0,0,0.0,0.0,False,False,0,0,0.0,0.0
409828_2018-11-06_14-02-59_filtered_2026-04-09_04-59-00,5,102,0.16122999999993226,False,False,0,0,0.0,0.0,False,False,0,0,0.0,0.0,False,False,0,0,0.0,0.0,False,False,0,0,0.0,0.0,False,False,0,0,0.0,0.0,False,False,0,0,0.0,0.0
409828_2018-11-06_14-02-59_filtered_2026-04-09_04-59-00,5,103,0.16122999999993226,False,False,0,0,0.0,0.0,False,True,0,1,0.0,1.0,True,True,1,3,1.0,0.3333333333333333,False,False,0,0,0.0,0.0,True,False,1,0,1.0,0.0,True,False,1,0,1.0,0.0
409828_2018-11-06_14-02-59_filtered_2026-04-09_04-59-00,5,104,0.16122999999993226,False,False,0,0,0.0,0.0,False,False,0,0,0.0,0.0,False,False,0,0,0.0,0.0,False,False,0,0,0.0,0.0,False,False,0,0,0.0,0.0,True,False,2,0,0.5,0.0
409828_2018-11-06_14-02-59_filtered_2026-04-09_04-59-00,5,105,0.16122999999993226,False,False,0,0,0.0,0.0,False,False,0,0,0.0,0.0,False,False,0,0,0.0,0.0,False,False,0,0,0.0,0.0,False,False,0,0,0.0,0.0,True,True,1,1,1.0,1.0
409828_2018-11-06_14-02-59_filtered_2026-04-09_04-59-00,5,106,0.16122999999993226,False,False,0,0,0.0,0.0,False,False,0,0,0.0,0.0,False,False,0,0,0.0,0.0,False,False,0,0,0.0,0.0,False,False,0,0,0.0,0.0,False,False,0,0,0.0,0.0
409828_2018-11-06_14-02-59_filtered_2026-04-09_04-59-00,5,107,0.16122999999993226,False,False,0,0,0.0,0.0,False,False,0,0,0.0,0.0,False,False,0,0,0.0,0.0,False,False,0,0,0.0,0.0,False,False,0,0,0.0,0.0,False,False,0,0,0.0,0.0
409828_2018-11-06_14-02-59_filtered_2026-04-09_04-59-00,5,108,0.16122999999993226,False,False,0,0,0.0,0.0,False,False,0,0,0.0,0.0,False,False,0,0,0.0,0.0,False,False,0,0,0.0,0.0,False,False,0,0,0.0,0.0,False,False,0,0,0.0,0.0
409828_2018-11-06_14-02-59_filtered_2026-04-09_04-59-00,5,109,0.16122999999993226,False,False,0,0,0.0,0.0,False,False,0,0,0.0,0.0,True,False,1,0,1.0,0.0,False,False,0,0,0.0,0.0,False,False,0,0,0.0,0.0,False,True,0,1,0.0,1.0
409828_2018-11-06_14-02-59_filtered_2026-04-09_04-59-00,5,111,0.16122999999993226,True,True,20,16,0.11428571428571428,0.16666666666666666,True,True,14,15,0.2222222222222222,0.18181818181818182,True,True,6,5,0.8714285714285714,0.8571428571428571,False,False,0,0,0.0,0.0,True,True,13,7,0.125,0.3,True,True,9,8,0.39344262295081966,0.288135593220339
409828_2018-11-06_14-02-59_filtered_2026-04-09_04-59-00,5,112,0.16122999999993226,False,False,0,0,0.0,0.0,False,False,0,0,0.0,0.0,False,False,0,0,0.0,0.0,False,False,0,0,0.0,0.0,False,False,0,0,0.0,0.0,False,False,0,0,0.0,0.0
409828_2018-11-06_14-02-59_filtered_2026-04-09_04-59-00,5,113,0.16122999999993226,False,False,0,0,0.0,0.0,False,False,0,0,0.0,0.0,False,False,0,0,0.0,0.0,False,False,0,0,0.0,0.0,True,False,1,0,1.0,0.0,True,False,1,0,1.0,0.0
409828_2018-11-06_14-02-59_filtered_2026-04-09_04-59-00,5,114,0.16122999999993226,False,False,0,0,0.0,0.0,False,False,0,0,0.0,0.0,False,False,0,0,0.0,0.0,False,False,0,0,0.0,0.0,False,False,0,0,0.0,0.0,True,True,1,1,1.0,1.0
409828_2018-11-06_14-02-59_filtered_2026-04-09_04-59-00,5,115,0.16122999999993226,False,False,0,0,0.0,0.0,False,False,0,0,0.0,0.0,False,False,0,0,0.0,0.0,False,False,0,0,0.0,0.0,False,False,0,0,0.0,0.0,False,False,0,0,0.0,0.0
409828_2018-11-06_14-02-59_filtered_2026-04-09_04-59-00,5,116,0.16122999999993226,False,False,0,0,0.0,0.0,False,False,0,0,0.0,0.0,False,True,0,1,0.0,1.0,False,False,0,0,0.0,0.0,False,False,0,0,0.0,0.0,False,True,0,1,0.0,1.0
409828_2018-11-06_14-02-59_filtered_2026-04-09_04-59-00,5,117,0.16122999999993226,False,False,0,0,0.0,0.0,False,False,0,0,0.0,0.0,False,True,0,2,0.0,0.5,False,False,0,0,0.0,0.0,False,False,0,0,0.0,0.0,False,False,0,0,0.0,0.0
409828_2018-11-06_14-02-59_filtered_2026-04-09_04-59-00,5,118,0.16122999999993226,False,False,0,0,0.0,0.0,False,False,0,0,0.0,0.0,False,False,0,0,0.0,0.0,False,False,0,0,0.0,0.0,False,True,0,1,0.0,1.0,False,False,0,0,0.0,0.0
409828_2018-11-06_14-02-59_filtered_2026-04-09_04-59-00,5,119,0.16122999999993226,True,True,16,18,0.20512820512820512,0.14634146341463414,True,True,8,9,0.6,0.3968253968253968,True,True,2,7,0.9518072289156626,0.5135135135135135,True,True,12,8,0.15789473684210525,0.2222222222222222,True,True,2,1,0.99,1.0,True,True,1,1,1.0,1.0
409828_2018-11-06_14-02-59_filtered_2026-04-09_04-59-00,5,120,0.16122999999993226,False,False,0,0,0.0,0.0,False,False,0,0,0.0,0.0,False,False,0,0,0.0,0.0,False,False,0,0,0.0,0.0,False,False,0,0,0.0,0.0,False,False,0,0,0.0,0.0
409828_2018-11-06_14-02-59_filtered_2026-04-09_04-59-00,5,121,0.16122999999993226,False,False,0,0,0.0,0.0,False,False,0,0,0.0,0.0,False,True,0,1,0.0,1.0,False,False,0,0,0.0,0.0,False,False,0,0,0.0,0.0,True,True,1,1,1.0,1.0
409828_2018-11-06_14-02-59_filtered_2026-04-09_04-59-00,5,122,0.16122999999993226,False,False,0,0,0.0,0.0,False,False,0,0,0.0,0.0,False,False,0,0,0.0,0.0,False,False,0,0,0.0,0.0,False,False,0,0,0.0,0.0,False,False,0,0,0.0,0.0
409828_2018-11-06_14-02-59_filtered_2026-04-09_04-59-00,5,123,0.16122999999993226,False,False,0,0,0.0,0.0,False,False,0,0,0.0,0.0,True,True,2,1,0.5,1.0,False,False,0,0,0.0,0.0,True,False,1,0,1.0,0.0,True,False,2,0,0.5,0.0
409828_2018-11-06_14-02-59_filtered_2026-04-09_04-59-00,5,124,0.16122999999993226,False,False,0,0,0.0,0.0,False,False,0,0,0.0,0.0,False,False,0,0,0.0,0.0,False,False,0,0,0.0,0.0,False,False,0,0,0.0,0.0,True,False,1,0,1.0,0.0
409828_2018-11-06_14-02-59_filtered_2026-04-09_04-59-00,5,125,0.16122999999993226,False,False,0,0,0.0,0.0,False,False,0,0,0.0,0.0,True,False,1,0,1.0,0.0,False,False,0,0,0.0,0.0,True,False,1,0,1.0,0.0,True,True,1,2,1.0,0.5
409828_2018-11-06_14-02-59_filtered_2026-04-09_04-59-00,5,126,0.16122999999993226,False,False,0,0,0.0,0.0,False,False,0,0,0.0,0.0,False,False,0,0,0.0,0.0,False,False,0,0,0.0,0.0,False,False,0,0,0.0,0.0,False,False,0,0,0.0,0.0
409828_2018-11-06_14-02-59_filtered_2026-04-09_04-59-00,5,127,0.16122999999993226,False,False,0,0,0.0,0.0,False,False,0,0,0.0,0.0,False,False,0,0,0.0,0.0,False,False,0,0,0.0,0.0,False,False,0,0,0.0,0.0,False,False,0,0,0.0,0.0
409828_2018-11-06_14-02-59_filtered_2026-04-09_04-59-00,5,128,0.16122999999993226,False,False,0,0,0.0,0.0,False,False,0,0,0.0,0.0,False,False,0,0,0.0,0.0,False,False,0,0,0.0,0.0,False,False,0,0,0.0,0.0,False,False,0,0,0.0,0.0
409828_2018-11-06_14-02-59_filtered_2026-04-09_04-59-00,5,129,0.16122999999993226,False,False,0,0,0.0,0.0,False,False,0,0,0.0,0.0,True,True,2,1,0.5,1.0,False,False,0,0,0.0,0.0,False,False,0,0,0.0,0.0,True,False,3,0,0.6,0.0
409828_2018-11-06_14-02-59_filtered_2026-04-09_04-59-00,5,130,0.16122999999993226,False,False,0,0,0.0,0.0,False,False,0,0,0.0,0.0,False,False,0,0,0.0,0.0,False,False,0,0,0.0,0.0,False,False,0,0,0.0,0.0,False,False,0,0,0.0,0.0
409828_2018-11-06_14-02-59_filtered_2026-04-09_04-59-00,5,131,0.16122999999993226,False,False,0,0,0.0,0.0,False,False,0,0,0.0,0.0,False,False,0,0,0.0,0.0,False,False,0,0,0.0,0.0,False,False,0,0,0.0,0.0,True,True,1,1,1.0,1.0
409828_2018-11-06_14-02-59_filtered_2026-04-09_04-59-00,5,132,0.16122999999993226,False,False,0,0,0.0,0.0,True,True,1,2,1.0,0.5,True,True,2,1,0.5,1.0,False,False,0,0,0.0,0.0,True,False,1,0,1.0,0.0,True,False,1,0,1.0,0.0
409828_2018-11-06_14-02-59_filtered_2026-04-09_04-59-00,5,134,0.16122999999993226,False,False,0,0,0.0,0.0,False,False,0,0,0.0,0.0,False,False,0,0,0.0,0.0,False,False,0,0,0.0,0.0,False,False,0,0,0.0,0.0,False,False,0,0,0.0,0.0
409828_2018-11-06_14-02-59_filtered_2026-04-09_04-59-00,5,135,0.16122999999993226,False,False,0,0,0.0,0.0,False,False,0,0,0.0,0.0,False,False,0,0,0.0,0.0,False,False,0,0,0.0,0.0,False,False,0,0,0.0,0.0,False,False,0,0,0.0,0.0
409828_2018-11-06_14-02-59_filtered_2026-04-09_04-59-00,5,136,0.16122999999993226,False,False,0,0,0.0,0.0,False,False,0,0,0.0,0.0,False,False,0,0,0.0,0.0,False,False,0,0,0.0,0.0,False,False,0,0,0.0,0.0,True,True,1,1,1.0,1.0
409828_2018-11-06_14-02-59_filtered_2026-04-09_04-59-00,5,137,0.16122999999993226,False,False,0,0,0.0,0.0,False,False,0,0,0.0,0.0,False,False,0,0,0.0,0.0,False,False,0,0,0.0,0.0,False,False,0,0,0.0,0.0,True,False,1,0,1.0,0.0
409828_2018-11-06_14-02-59_filtered_2026-04-09_04-59-00,5,138,0.16122999999993226,False,False,0,0,0.0,0.0,False,True,0,1,0.0,1.0,False,False,0,0,0.0,0.0,False,False,0,0,0.0,0.0,False,False,0,0,0.0,0.0,True,True,1,1,1.0,1.0
409828_2018-11-06_14-02-59_filtered_2026-04-09_04-59-00,5,139,0.16122999999993226,False,False,0,0,0.0,0.0,False,False,0,0,0.0,0.0,False,False,0,0,0.0,0.0,False,False,0,0,0.0,0.0,False,False,0,0,0.0,0.0,False,False,0,0,0.0,0.0
409828_2018-11-06_14-02-59_filtered_2026-04-09_04-59-00,5,140,0.16122999999993226,False,False,0,0,0.0,0.0,False,False,0,0,0.0,0.0,True,False,1,0,1.0,0.0,False,False,0,0,0.0,0.0,False,False,0,0,0.0,0.0,False,False,0,0,0.0,0.0
409828_2018-11-06_14-02-59_filtered_2026-04-09_04-59-00,5,141,0.16122999999993226,False,False,0,0,0.0,0.0,False,False,0,0,0.0,0.0,False,False,0,0,0.0,0.0,False,False,0,0,0.0,0.0,False,False,0,0,0.0,0.0,False,True,0,1,0.0,1.0
409828_2018-11-06_14-02-59_filtered_2026-04-09_04-59-00,5,142,0.16122999999993226,False,False,0,0,0.0,0.0,False,True,0,1,0.0,1.0,True,True,1,1,1.0,1.0,False,False,0,0,0.0,0.0,False,True,0,1,0.0,1.0,False,False,0,0,0.0,0.0
409828_2018-11-06_14-02-59_filtered_2026-04-09_04-59-00,5,143,0.16122999999993226,False,False,0,0,0.0,0.0,False,False,0,0,0.0,0.0,True,False,1,0,1.0,0.0,False,False,0,0,0.0,0.0,False,False,0,0,0.0,0.0,True,False,1,0,1.0,0.0
409828_2018-11-06_14-02-59_filtered_2026-04-09_04-59-00,5,144,0.16122999999993226,False,False,0,0,0.0,0.0,True,True,1,2,1.0,0.5,True,True,2,3,0.5,0.3333333333333333,False,False,0,0,0.0,0.0,False,False,0,0,0.0,0.0,True,True,2,1,0.6666666666666666,1.0
409828_2018-11-06_14-02-59_filtered_2026-04-09_04-59-00,5,145,0.16122999999993226,True,False,1,0,1.0,0.0,False,False,0,0,0.0,0.0,False,False,0,0,0.0,0.0,False,False,0,0,0.0,0.0,False,False,0,0,0.0,0.0,False,False,0,0,0.0,0.0
409828_2018-11-06_14-02-59_filtered_2026-04-09_04-59-00,5,146,0.16122999999993226,False,False,0,0,0.0,0.0,False,False,0,0,0.0,0.0,True,True,1,3,1.0,0.5,False,False,0,0,0.0,0.0,False,True,0,1,0.0,1.0,True,True,1,1,1.0,1.0
409828_2018-11-06_14-02-59_filtered_2026-04-09_04-59-00,5,147,0.16122999999993226,False,False,0,0,0.0,0.0,False,False,0,0,0.0,0.0,True,False,1,0,1.0,0.0,False,False,0,0,0.0,0.0,True,False,1,0,1.0,0.0,True,False,1,0,1.0,0.0
409828_2018-11-06_14-02-59_filtered_2026-04-09_04-59-00,5,148,0.16122999999993226,False,False,0,0,0.0,0.0,False,False,0,0,0.0,0.0,False,False,0,0,0.0,0.0,False,False,0,0,0.0,0.0,False,False,0,0,0.0,0.0,False,False,0,0,0.0,0.0
409828_2018-11-06_14-02-59_filtered_2026-04-09_04-59-00,5,149,0.16122999999993226,False,False,0,0,0.0,0.0,False,False,0,0,0.0,0.0,False,True,0,1,0.0,1.0,False,False,0,0,0.0,0.0,False,False,0,0,0.0,0.0,False,False,0,0,0.0,0.0
409828_2018-11-06_14-02-59_filtered_2026-04-09_04-59-00,5,150,0.16122999999993226,False,False,0,0,0.0,0.0,False,False,0,0,0.0,0.0,False,False,0,0,0.0,0.0,False,False,0,0,0.0,0.0,False,False,0,0,0.0,0.0,False,False,0,0,0.0,0.0
409828_2018-11-06_14-02-59_filtered_2026-04-09_04-59-00,5,151,0.16122999999993226,False,False,0,0,0.0,0.0,False,False,0,0,0.0,0.0,False,False,0,0,0.0,0.0,False,False,0,0,0.0,0.0,False,False,0,0,0.0,0.0,False,False,0,0,0.0,0.0
409828_2018-11-06_14-02-59_filtered_2026-04-09_04-59-00,5,152,0.16122999999993226,False,False,0,0,0.0,0.0,False,False,0,0,0.0,0.0,False,False,0,0,0.0,0.0,False,False,0,0,0.0,0.0,False,False,0,0,0.0,0.0,False,True,0,1,0.0,1.0
409828_2018-11-06_14-02-59_filtered_2026-04-09_04-59-00,5,153,0.16122999999993226,False,False,0,0,0.0,0.0,False,True,0,2,0.0,0.5,True,True,2,1,0.5,1.0,False,False,0,0,0.0,0.0,False,False,0,0,0.0,0.0,True,False,4,0,0.4,0.0
409828_2018-11-06_14-02-59_filtered_2026-04-09_04-59-00,5,154,0.16122999999993226,True,False,1,0,1.0,0.0,True,False,1,0,1.0,0.0,True,True,2,1,0.5,1.0,False,False,0,0,0.0,0.0,False,False,0,0,0.0,0.0,True,False,1,0,1.0,0.0
409828_2018-11-06_14-02-59_filtered_2026-04-09_04-59-00,5,155,0.16122999999993226,False,False,0,0,0.0,0.0,False,False,0,0,0.0,0.0,False,False,0,0,0.0,0.0,False,False,0,0,0.0,0.0,False,False,0,0,0.0,0.0,False,False,0,0,0.0,0.0
409828_2018-11-06_14-02-59_filtered_2026-04-09_04-59-00,5,156,0.16122999999993226,False,False,0,0,0.0,0.0,False,False,0,0,0.0,0.0,False,False,0,0,0.0,0.0,False,False,0,0,0.0,0.0,False,False,0,0,0.0,0.0,False,False,0,0,0.0,0.0
409828_2018-11-06_14-02-59_filtered_2026-04-09_04-59-00,5,157,0.16122999999993226,True,True,17,17,0.20833333333333334,0.13636363636363635,True,True,13,12,0.3125,0.18518518518518517,True,True,8,14,0.6440677966101694,0.28846153846153844,False,False,0,0,0.0,0.0,True,True,11,14,0.29411764705882354,0.19047619047619047,True,True,5,5,0.9512195121951219,0.8648648648648649
409828_2018-11-06_14-02-59_filtered_2026-04-09_04-59-00,5,158,0.16122999999993226,False,False,0,0,0.0,0.0,False,False,0,0,0.0,0.0,False,False,0,0,0.0,0.0,False,False,0,0,0.0,0.0,False,False,0,0,0.0,0.0,True,True,1,1,1.0,1.0
409828_2018-11-06_14-02-59_filtered_2026-04-09_04-59-00,5,159,0.16122999999993226,False,False,0,0,0.0,0.0,True,False,1,0,1.0,0.0,True,False,1,0,1.0,0.0,False,False,0,0,0.0,0.0,False,False,0,0,0.0,0.0,True,False,1,0,1.0,0.0
409828_2018-11-06_14-02-59_filtered_2026-04-09_04-59-00,5,160,0.16122999999993226,True,True,15,17,0.21212121212121213,0.3,True,True,16,18,0.2,0.275,True,True,3,10,0.8307692307692308,0.36363636363636365,True,False,1,0,1.0,0.0,True,True,16,15,0.16,0.18181818181818182,True,True,2,4,0.9880952380952381,0.8701298701298701
409828_2018-11-06_14-02-59_filtered_2026-04-09_04-59-00,5,161,0.16122999999993226,True,True,19,16,0.14285714285714285,0.2647058823529412,True,True,15,14,0.18604651162790697,0.16216216216216217,True,True,5,12,0.9054054054054054,0.47058823529411764,False,True,0,1,0.0,1.0,True,True,9,12,0.5454545454545454,0.16666666666666666,True,True,2,3,0.9876543209876543,0.9746835443037974
409828_2018-11-06_14-02-59_filtered_2026-04-09_04-59-00,5,162,0.16122999999993226,False,False,0,0,0.0,0.0,True,False,1,0,1.0,0.0,True,False,1,0,1.0,0.0,False,False,0,0,0.0,0.0,False,False,0,0,0.0,0.0,True,True,4,2,0.25,0.5
409828_2018-11-06_14-02-59_filtered_2026-04-09_04-59-00,5,164,0.16122999999993226,False,False,0,0,0.0,0.0,False,False,0,0,0.0,0.0,False,True,0,1,0.0,1.0,False,False,0,0,0.0,0.0,False,False,0,0,0.0,0.0,True,False,1,0,1.0,0.0
409828_2018-11-06_14-02-59_filtered_2026-04-09_04-59-00,5,165,0.16122999999993226,True,False,2,0,0.5,0.0,True,True,5,6,0.2,0.2857142857142857,True,True,16,16,0.16666666666666666,0.15384615384615385,False,False,0,0,0.0,0.0,False,True,0,1,0.0,1.0,True,True,10,5,0.23076923076923078,0.5
409828_2018-11-06_14-02-59_filtered_2026-04-09_04-59-00,5,166,0.16122999999993226,False,False,0,0,0.0,0.0,False,False,0,0,0.0,0.0,False,False,0,0,0.0,0.0,False,False,0,0,0.0,0.0,False,False,0,0,0.0,0.0,False,False,0,0,0.0,0.0
409828_2018-11-06_14-02-59_filtered_2026-04-09_04-59-00,5,167,0.16122999999993226,False,False,0,0,0.0,0.0,False,False,0,0,0.0,0.0,True,False,1,0,1.0,0.0,False,False,0,0,0.0,0.0,False,False,0,0,0.0,0.0,True,True,1,1,1.0,1.0
409828_2018-11-06_14-02-59_filtered_2026-04-09_04-59-00,5,168,0.16122999999993226,False,False,0,0,0.0,0.0,True,True,4,2,0.25,0.5,True,True,5,5,0.2,0.2,False,False,0,0,0.0,0.0,False,True,0,1,0.0,1.0,True,True,3,2,0.3333333333333333,0.6666666666666666
409828_2018-11-06_14-02-59_filtered_2026-04-09_04-59-00,5,169,0.16122999999993226,False,False,0,0,0.0,0.0,True,False,1,0,1.0,0.0,True,False,1,0,1.0,0.0,False,False,0,0,0.0,0.0,True,False,1,0,1.0,0.0,True,True,3,1,0.3333333333333333,1.0
409828_2018-11-06_14-02-59_filtered_2026-04-09_04-59-00,5,170,0.16122999999993226,False,False,0,0,0.0,0.0,False,False,0,0,0.0,0.0,False,False,0,0,0.0,0.0,False,False,0,0,0.0,0.0,False,False,0,0,0.0,0.0,False,False,0,0,0.0,0.0
409828_2018-11-06_14-02-59_filtered_2026-04-09_04-59-00,5,171,0.16122999999993226,False,False,0,0,0.0,0.0,False,False,0,0,0.0,0.0,False,False,0,0,0.0,0.0,False,False,0,0,0.0,0.0,False,False,0,0,0.0,0.0,False,False,0,0,0.0,0.0
409828_2018-11-06_14-02-59_filtered_2026-04-09_04-59-00,5,172,0.16122999999993226,False,False,0,0,0.0,0.0,False,True,0,1,0.0,1.0,False,False,0,0,0.0,0.0,False,False,0,0,0.0,0.0,False,False,0,0,0.0,0.0,False,False,0,0,0.0,0.0
409828_2018-11-06_14-02-59_filtered_2026-04-09_04-59-00,5,173,0.16122999999993226,False,False,0,0,0.0,0.0,False,False,0,0,0.0,0.0,False,False,0,0,0.0,0.0,False,False,0,0,0.0,0.0,False,False,0,0,0.0,0.0,False,False,0,0,0.0,0.0
409828_2018-11-06_14-02-59_filtered_2026-04-09_04-59-00,5,174,0.16122999999993226,False,False,0,0,0.0,0.0,False,False,0,0,0.0,0.0,False,False,0,0,0.0,0.0,False,False,0,0,0.0,0.0,False,False,0,0,0.0,0.0,False,False,0,0,0.0,0.0
409828_2018-11-06_14-02-59_filtered_2026-04-09_04-59-00,5,175,0.16122999999993226,False,False,0,0,0.0,0.0,False,False,0,0,0.0,0.0,False,False,0,0,0.0,0.0,False,False,0,0,0.0,0.0,True,False,1,0,1.0,0.0,False,False,0,0,0.0,0.0
409828_2018-11-06_14-02-59_filtered_2026-04-09_04-59-00,5,177,0.16122999999993226,False,False,0,0,0.0,0.0,False,True,0,1,0.0,1.0,True,True,2,2,0.5,0.5,False,False,0,0,0.0,0.0,False,False,0,0,0.0,0.0,True,True,3,1,0.3333333333333333,1.0
409828_2018-11-06_14-02-59_filtered_2026-04-09_04-59-00,5,178,0.16122999999993226,False,False,0,0,0.0,0.0,False,False,0,0,0.0,0.0,False,False,0,0,0.0,0.0,False,False,0,0,0.0,0.0,False,False,0,0,0.0,0.0,True,True,1,1,1.0,1.0
409828_2018-11-06_14-02-59_filtered_2026-04-09_04-59-00,5,180,0.16122999999993226,False,False,0,0,0.0,0.0,False,False,0,0,0.0,0.0,False,False,0,0,0.0,0.0,False,False,0,0,0.0,0.0,False,False,0,0,0.0,0.0,False,False,0,0,0.0,0.0
409828_2018-11-06_14-02-59_filtered_2026-04-09_04-59-00,5,181,0.16122999999993226,True,True,11,9,0.09090909090909091,0.18181818181818182,True,True,12,8,0.125,0.125,True,True,13,16,0.23684210526315788,0.20833333333333334,False,False,0,0,0.0,0.0,True,True,1,2,1.0,0.75,True,True,13,9,0.22580645161290322,0.35714285714285715
409828_2018-11-06_14-02-59_filtered_2026-04-09_04-59-00,5,182,0.16122999999993226,True,True,4,4,0.3333333333333333,0.4,True,True,10,10,0.18181818181818182,0.15384615384615385,True,True,16,9,0.13793103448275862,0.2916666666666667,False,False,0,0,0.0,0.0,True,True,4,2,0.5,0.5,True,True,16,13,0.21875,0.2
409828_2018-11-06_14-02-59_filtered_2026-04-09_04-59-00,5,183,0.16122999999993226,False,False,0,0,0.0,0.0,False,False,0,0,0.0,0.0,False,True,0,1,0.0,1.0,False,False,0,0,0.0,0.0,False,False,0,0,0.0,0.0,True,True,1,1,1.0,1.0
409828_2018-11-06_14-02-59_filtered_2026-04-09_04-59-00,5,184,0.16122999999993226,False,False,0,0,0.0,0.0,False,False,0,0,0.0,0.0,False,False,0,0,0.0,0.0,False,False,0,0,0.0,0.0,False,False,0,0,0.0,0.0,True,False,1,0,1.0,0.0
409828_2018-11-06_14-02-59_filtered_2026-04-09_04-59-00,5,185,0.16122999999993226,False,False,0,0,0.0,0.0,False,False,0,0,0.0,0.0,False,False,0,0,0.0,0.0,False,False,0,0,0.0,0.0,False,False,0,0,0.0,0.0,False,True,0,1,0.0,1.0
409828_2018-11-06_14-02-59_filtered_2026-04-09_04-59-00,5,186,0.16122999999993226,False,False,0,0,0.0,0.0,False,False,0,0,0.0,0.0,False,True,0,1,0.0,1.0,False,False,0,0,0.0,0.0,False,True,0,1,0.0,1.0,True,True,1,1,1.0,1.0
409828_2018-11-06_14-02-59_filtered_2026-04-09_04-59-00,5,187,0.16122999999993226,False,False,0,0,0.0,0.0,True,False,3,0,0.3333333333333333,0.0,True,True,1,2,1.0,0.5,False,False,0,0,0.0,0.0,False,False,0,0,0.0,0.0,True,True,2,1,0.6666666666666666,1.0
409828_2018-11-06_14-02-59_filtered_2026-04-09_04-59-00,5,188,0.16122999999993226,False,False,0,0,0.0,0.0,False,False,0,0,0.0,0.0,True,False,1,0,1.0,0.0,False,False,0,0,0.0,0.0,False,False,0,0,0.0,0.0,True,False,3,0,0.3333333333333333,0.0
409828_2018-11-06_14-02-59_filtered_2026-04-09_04-59-00,5,189,0.16122999999993226,False,False,0,0,0.0,0.0,False,False,0,0,0.0,0.0,False,False,0,0,0.0,0.0,False,False,0,0,0.0,0.0,False,False,0,0,0.0,0.0,True,False,1,0,1.0,0.0
409828_2018-11-06_14-02-59_filtered_2026-04-09_04-59-00,5,190,0.16122999999993226,False,False,0,0,0.0,0.0,False,False,0,0,0.0,0.0,False,True,0,1,0.0,1.0,False,False,0,0,0.0,0.0,False,False,0,0,0.0,0.0,True,False,1,0,1.0,0.0
409828_2018-11-06_14-02-59_filtered_2026-04-09_04-59-00,5,193,0.16122999999993226,False,False,0,0,0.0,0.0,False,False,0,0,0.0,0.0,False,False,0,0,0.0,0.0,False,False,0,0,0.0,0.0,False,False,0,0,0.0,0.0,False,False,0,0,0.0,0.0
409828_2018-11-06_14-02-59_filtered_2026-04-09_04-59-00,5,194,0.16122999999993226,True,True,13,16,0.5111111111111111,0.23404255319148937,True,True,17,4,0.26666666666666666,0.9393939393939394,True,True,2,2,0.8888888888888888,0.9529411764705882,True,True,9,9,0.1111111111111111,0.18181818181818182,True,True,5,6,0.7662337662337663,0.734375,True,True,1,1,1.0,1.0
409828_2018-11-06_14-02-59_filtered_2026-04-09_04-59-00,5,195,0.16122999999993226,False,False,0,0,0.0,0.0,False,False,0,0,0.0,0.0,False,False,0,0,0.0,0.0,False,False,0,0,0.0,0.0,False,False,0,0,0.0,0.0,False,False,0,0,0.0,0.0
409828_2018-11-06_14-02-59_filtered_2026-04-09_04-59-00,5,196,0.16122999999993226,False,False,0,0,0.0,0.0,False,False,0,0,0.0,0.0,False,False,0,0,0.0,0.0,False,False,0,0,0.0,0.0,False,False,0,0,0.0,0.0,False,False,0,0,0.0,0.0
409828_2018-11-06_14-02-59_filtered_2026-04-09_04-59-00,5,198,0.16122999999993226,False,False,0,0,0.0,0.0,True,True,2,4,0.5,0.25,True,True,4,4,0.25,0.4,False,False,0,0,0.0,0.0,True,False,1,0,1.0,0.0,True,True,6,5,0.375,0.2
409828_2018-11-06_14-02-59_filtered_2026-04-09_04-59-00,5,199,0.16122999999993226,False,False,0,0,0.0,0.0,False,False,0,0,0.0,0.0,False,False,0,0,0.0,0.0,False,False,0,0,0.0,0.0,False,False,0,0,0.0,0.0,False,False,0,0,0.0,0.0
409828_2018-11-06_14-02-59_filtered_2026-04-09_04-59-00,5,200,0.16122999999993226,False,False,0,0,0.0,0.0,False,False,0,0,0.0,0.0,True,False,3,0,0.3333333333333333,0.0,False,False,0,0,0.0,0.0,False,False,0,0,0.0,0.0,True,False,1,0,1.0,0.0
409828_2018-11-06_14-02-59_filtered_2026-04-09_04-59-00,5,201,0.16122999999993226,False,False,0,0,0.0,0.0,False,False,0,0,0.0,0.0,False,False,0,0,0.0,0.0,False,False,0,0,0.0,0.0,False,False,0,0,0.0,0.0,False,False,0,0,0.0,0.0
409828_2018-11-06_14-02-59_filtered_2026-04-09_04-59-00,5,202,0.16122999999993226,False,True,0,1,0.0,1.0,True,True,2,1,0.5,1.0,True,True,4,5,0.3333333333333333,0.3333333333333333,False,False,0,0,0.0,0.0,False,False,0,0,0.0,0.0,True,True,3,2,0.4,0.75
409828_2018-11-06_14-02-59_filtered_2026-04-09_04-59-00,5,203,0.16122999999993226,False,True,0,1,0.0,1.0,False,True,0,1,0.0,1.0,True,True,5,2,0.2,0.5,False,False,0,0,0.0,0.0,True,False,2,0,0.75,0.0,True,False,6,0,0.375,0.0
409828_2018-11-06_14-02-59_filtered_2026-04-09_04-59-00,5,204,0.16122999999993226,False,False,0,0,0.0,0.0,False,False,0,0,0.0,0.0,False,False,0,0,0.0,0.0,False,False,0,0,0.0,0.0,False,False,0,0,0.0,0.0,False,False,0,0,0.0,0.0
409828_2018-11-06_14-02-59_filtered_2026-04-09_04-59-00,5,206,0.16122999999993226,True,True,16,16,0.2682926829268293,0.2127659574468085,True,True,10,10,0.8571428571428571,0.4107142857142857,True,True,3,3,0.9259259259259259,0.9764705882352941,True,False,3,0,0.3333333333333333,0.0,True,True,13,14,0.2549019607843137,0.37254901960784315,True,True,1,1,1.0,1.0
409828_2018-11-06_14-02-59_filtered_2026-04-09_04-59-00,5,208,0.16122999999993226,False,False,0,0,0.0,0.0,False,False,0,0,0.0,0.0,False,False,0,0,0.0,0.0,False,False,0,0,0.0,0.0,False,False,0,0,0.0,0.0,True,False,1,0,1.0,0.0
409828_2018-11-06_14-02-59_filtered_2026-04-09_04-59-00,5,209,0.16122999999993226,False,False,0,0,0.0,0.0,False,False,0,0,0.0,0.0,False,False,0,0,0.0,0.0,False,False,0,0,0.0,0.0,False,False,0,0,0.0,0.0,False,True,0,1,0.0,1.0
409828_2018-11-06_14-02-59_filtered_2026-04-09_04-59-00,5,210,0.16122999999993226,True,True,11,11,0.21052631578947367,0.13333333333333333,True,True,17,19,0.13793103448275862,0.18421052631578946,True,True,8,9,0.37735849056603776,0.5245901639344263,True,False,1,0,1.0,0.0,True,True,9,11,0.25,0.15384615384615385,True,True,5,10,0.6268656716417911,0.23076923076923078
409828_2018-11-06_14-02-59_filtered_2026-04-09_04-59-00,5,211,0.16122999999993226,False,False,0,0,0.0,0.0,False,False,0,0,0.0,0.0,False,False,0,0,0.0,0.0,False,False,0,0,0.0,0.0,False,False,0,0,0.0,0.0,False,True,0,1,0.0,1.0
409828_2018-11-06_14-02-59_filtered_2026-04-09_04-59-00,5,212,0.16122999999993226,False,False,0,0,0.0,0.0,False,False,0,0,0.0,0.0,True,False,1,0,1.0,0.0,False,False,0,0,0.0,0.0,False,False,0,0,0.0,0.0,True,False,2,0,0.5,0.0
409828_2018-11-06_14-02-59_filtered_2026-04-09_04-59-00,5,213,0.16122999999993226,False,False,0,0,0.0,0.0,False,False,0,0,0.0,0.0,False,False,0,0,0.0,0.0,False,False,0,0,0.0,0.0,False,False,0,0,0.0,0.0,False,False,0,0,0.0,0.0
409828_2018-11-06_14-02-59_filtered_2026-04-09_04-59-00,5,215,0.16122999999993226,False,False,0,0,0.0,0.0,False,False,0,0,0.0,0.0,True,True,1,1,1.0,1.0,False,False,0,0,0.0,0.0,False,False,0,0,0.0,0.0,False,True,0,1,0.0,1.0
409828_2018-11-06_14-02-59_filtered_2026-04-09_04-59-00,5,217,0.16122999999993226,True,True,4,3,0.4,0.3333333333333333,True,True,11,14,0.16666666666666666,0.13333333333333333,True,True,14,19,0.16666666666666666,0.18421052631578946,False,False,0,0,0.0,0.0,False,True,0,1,0.0,1.0,True,True,10,9,0.2,0.25
409828_2018-11-06_14-02-59_filtered_2026-04-09_04-59-00,5,218,0.16122999999993226,False,False,0,0,0.0,0.0,False,False,0,0,0.0,0.0,True,False,1,0,1.0,0.0,False,False,0,0,0.0,0.0,False,False,0,0,0.0,0.0,True,True,1,1,1.0,1.0
409828_2018-11-06_14-02-59_filtered_2026-04-09_04-59-00,5,220,0.16122999999993226,True,True,5,5,0.3333333333333333,0.2,True,True,9,9,0.16666666666666666,0.1111111111111111,True,True,12,13,0.32,0.19230769230769232,False,False,0,0,0.0,0.0,True,True,1,1,1.0,1.0,True,True,8,6,0.18181818181818182,0.3333333333333333
409828_2018-11-06_14-02-59_filtered_2026-04-09_04-59-00,5,222,0.16122999999993226,False,False,0,0,0.0,0.0,False,False,0,0,0.0,0.0,True,False,1,0,1.0,0.0,False,False,0,0,0.0,0.0,False,False,0,0,0.0,0.0,True,False,1,0,1.0,0.0
409828_2018-11-06_14-02-59_filtered_2026-04-09_04-59-00,5,224,0.16122999999993226,False,False,0,0,0.0,0.0,False,False,0,0,0.0,0.0,False,False,0,0,0.0,0.0,False,False,0,0,0.0,0.0,False,False,0,0,0.0,0.0,False,False,0,0,0.0,0.0
409828_2018-11-06_14-02-59_filtered_2026-04-09_04-59-00,5,225,0.16122999999993226,False,False,0,0,0.0,0.0,False,False,0,0,0.0,0.0,False,False,0,0,0.0,0.0,False,False,0,0,0.0,0.0,False,False,0,0,0.0,0.0,True,False,1,0,1.0,0.0
409828_2018-11-06_14-02-59_filtered_2026-04-09_04-59-00,5,227,0.16122999999993226,False,False,0,0,0.0,0.0,False,False,0,0,0.0,0.0,False,False,0,0,0.0,0.0,False,False,0,0,0.0,0.0,False,False,0,0,0.0,0.0,False,True,0,1,0.0,1.0
409828_2018-11-06_14-02-59_filtered_2026-04-09_04-59-00,5,229,0.16122999999993226,False,False,0,0,0.0,0.0,False,False,0,0,0.0,0.0,False,False,0,0,0.0,0.0,False,False,0,0,0.0,0.0,False,False,0,0,0.0,0.0,False,True,0,1,0.0,1.0
409828_2018-11-06_14-02-59_filtered_2026-04-09_04-59-00,5,230,0.16122999999993226,True,True,4,3,0.4,0.3333333333333333,True,True,11,13,0.29411764705882354,0.16666666666666666,True,True,12,17,0.4444444444444444,0.16666666666666666,False,False,0,0,0.0,0.0,True,True,5,2,0.3333333333333333,0.6666666666666666,True,True,13,13,0.17391304347826086,0.2608695652173913
409828_2018-11-06_14-02-59_filtered_2026-04-09_04-59-00,5,231,0.16122999999993226,True,False,1,0,1.0,0.0,False,True,0,1,0.0,1.0,True,False,1,0,1.0,0.0,False,False,0,0,0.0,0.0,False,False,0,0,0.0,0.0,True,False,1,0,1.0,0.0
409828_2018-11-06_14-02-59_filtered_2026-04-09_04-59-00,5,232,0.16122999999993226,False,False,0,0,0.0,0.0,False,False,0,0,0.0,0.0,False,False,0,0,0.0,0.0,False,False,0,0,0.0,0.0,False,False,0,0,0.0,0.0,False,False,0,0,0.0,0.0
409828_2018-11-06_14-02-59_filtered_2026-04-09_04-59-00,5,233,0.16122999999993226,True,True,11,11,0.15384615384615385,0.14285714285714285,True,True,14,11,0.15789473684210525,0.1875,True,True,16,19,0.15384615384615385,0.2619047619047619,False,False,0,0,0.0,0.0,True,True,1,2,1.0,0.5,True,True,14,13,0.16666666666666666,0.25
409828_2018-11-06_14-02-59_filtered_2026-04-09_04-59-00,5,234,0.16122999999993226,False,False,0,0,0.0,0.0,False,False,0,0,0.0,0.0,False,False,0,0,0.0,0.0,False,False,0,0,0.0,0.0,False,False,0,0,0.0,0.0,False,False,0,0,0.0,0.0
409828_2018-11-06_14-02-59_filtered_2026-04-09_04-59-00,5,235,0.16122999999993226,False,False,0,0,0.0,0.0,False,False,0,0,0.0,0.0,True,True,1,1,1.0,1.0,False,False,0,0,0.0,0.0,False,False,0,0,0.0,0.0,True,False,1,0,1.0,0.0
409828_2018-11-06_14-02-59_filtered_2026-04-09_04-59-00,5,236,0.16122999999993226,True,True,2,11,0.9594594594594594,0.3,True,True,1,3,1.0,0.8289473684210527,True,True,1,1,1.0,1.0,True,True,10,14,0.21428571428571427,0.125,True,True,2,1,0.8877551020408163,1.0,True,True,1,1,1.0,1.0
409828_2018-11-06_14-02-59_filtered_2026-04-09_04-59-00,5,237,0.16122999999993226,True,True,4,12,0.6029411764705882,0.6229508196721312,True,True,2,5,0.9871794871794872,0.7464788732394366,True,True,1,1,1.0,1.0,True,True,9,14,0.5645161290322581,0.30612244897959184,True,True,1,1,1.0,1.0,True,True,1,1,1.0,1.0
409828_2018-11-06_14-02-59_filtered_2026-04-09_04-59-00,5,241,0.16122999999993226,False,False,0,0,0.0,0.0,False,False,0,0,0.0,0.0,False,False,0,0,0.0,0.0,False,False,0,0,0.0,0.0,False,False,0,0,0.0,0.0,True,False,1,0,1.0,0.0
409828_2018-11-06_14-02-59_filtered_2026-04-09_04-59-00,5,242,0.16122999999993226,True,True,13,12,0.2,0.2727272727272727,True,True,15,16,0.16,0.26666666666666666,True,True,14,11,0.33962264150943394,0.3728813559322034,False,False,0,0,0.0,0.0,True,True,7,6,0.14285714285714285,0.4166666666666667,True,True,8,10,0.32653061224489793,0.43478260869565216
409828_2018-11-06_14-02-59_filtered_2026-04-09_04-59-00,5,244,0.16122999999993226,False,False,0,0,0.0,0.0,True,False,1,0,1.0,0.0,True,True,4,6,0.5,0.375,False,False,0,0,0.0,0.0,True,True,1,1,1.0,1.0,True,True,2,3,0.75,0.6666666666666666
409828_2018-11-06_14-02-59_filtered_2026-04-09_04-59-00,5,245,0.16122999999993226,True,True,6,6,0.2857142857142857,0.16666666666666666,True,True,14,18,0.2631578947368421,0.05555555555555555,True,True,13,19,0.24242424242424243,0.25,False,False,0,0,0.0,0.0,True,True,2,1,0.5,1.0,True,True,15,13,0.2,0.2631578947368421
409828_2018-11-06_14-02-59_filtered_2026-04-09_04-59-00,5,246,0.16122999999993226,False,False,0,0,0.0,0.0,False,False,0,0,0.0,0.0,False,False,0,0,0.0,0.0,False,False,0,0,0.0,0.0,False,False,0,0,0.0,0.0,False,False,0,0,0.0,0.0
409828_2018-11-06_14-02-59_filtered_2026-04-09_04-59-00,5,248,0.16122999999993226,True,True,6,3,0.16666666666666666,0.3333333333333333,True,True,15,5,0.06666666666666667,0.2857142857142857,True,True,16,15,0.125,0.19230769230769232,False,False,0,0,0.0,0.0,False,True,0,2,0.0,0.75,True,True,7,9,0.25,0.25
409828_2018-11-06_14-02-59_filtered_2026-04-09_04-59-00,5,249,0.16122999999993226,False,False,0,0,0.0,0.0,True,False,2,0,0.5,0.0,True,True,5,3,0.2,0.5,False,False,0,0,0.0,0.0,False,False,0,0,0.0,0.0,True,True,2,3,0.6666666666666666,0.3333333333333333
409828_2018-11-06_14-02-59_filtered_2026-04-09_04-59-00,5,250,0.16122999999993226,False,False,0,0,0.0,0.0,False,False,0,0,0.0,0.0,False,False,0,0,0.0,0.0,False,False,0,0,0.0,0.0,False,False,0,0,0.0,0.0,True,True,1,1,1.0,1.0
409828_2018-11-06_14-02-59_filtered_2026-04-09_04-59-00,5,251,0.16122999999993226,False,False,0,0,0.0,0.0,False,False,0,0,0.0,0.0,False,False,0,0,0.0,0.0,False,False,0,0,0.0,0.0,False,False,0,0,0.0,0.0,True,True,1,1,1.0,1.0
409828_2018-11-06_14-02-59_filtered_2026-04-09_04-59-00,5,253,0.16122999999993226,False,True,0,1,0.0,1.0,False,False,0,0,0.0,0.0,True,False,1,0,1.0,0.0,False,False,0,0,0.0,0.0,False,False,0,0,0.0,0.0,True,False,1,0,1.0,0.0
409828_2018-11-06_14-02-59_filtered_2026-04-09_04-59-00,5,255,0.16122999999993226,False,False,0,0,0.0,0.0,False,False,0,0,0.0,0.0,False,False,0,0,0.0,0.0,False,False,0,0,0.0,0.0,False,False,0,0,0.0,0.0,False,False,0,0,0.0,0.0
409828_2018-11-06_14-02-59_filtered_2026-04-09_04-59-00,5,256,0.16122999999993226,False,False,0,0,0.0,0.0,False,True,0,1,0.0,1.0,False,False,0,0,0.0,0.0,False,False,0,0,0.0,0.0,False,False,0,0,0.0,0.0,False,False,0,0,0.0,0.0
409828_2018-11-06_14-02-59_filtered_2026-04-09_04-59-00,5,260,0.16122999999993226,False,False,0,0,0.0,0.0,True,False,1,0,1.0,0.0,True,True,2,1,0.5,1.0,False,False,0,0,0.0,0.0,False,False,0,0,0.0,0.0,True,True,3,3,0.3333333333333333,0.3333333333333333
409828_2018-11-06_14-02-59_filtered_2026-04-09_04-59-00,5,262,0.16122999999993226,False,False,0,0,0.0,0.0,False,False,0,0,0.0,0.0,False,False,0,0,0.0,0.0,False,False,0,0,0.0,0.0,False,False,0,0,0.0,0.0,False,False,0,0,0.0,0.0
409828_2018-11-06_14-02-59_filtered_2026-04-09_04-59-00,5,263,0.16122999999993226,False,False,0,0,0.0,0.0,False,False,0,0,0.0,0.0,False,False,0,0,0.0,0.0,False,False,0,0,0.0,0.0,False,False,0,0,0.0,0.0,False,False,0,0,0.0,0.0
409828_2018-11-06_14-02-59_filtered_2026-04-09_04-59-00,5,264,0.16122999999993226,False,False,0,0,0.0,0.0,True,False,5,0,0.2,0.0,True,True,11,4,0.09090909090909091,0.42857142857142855,False,False,0,0,0.0,0.0,False,True,0,1,0.0,1.0,True,True,2,1,0.5,1.0
409828_2018-11-06_14-02-59_filtered_2026-04-09_04-59-00,5,265,0.16122999999993226,False,False,0,0,0.0,0.0,False,False,0,0,0.0,0.0,False,False,0,0,0.0,0.0,False,False,0,0,0.0,0.0,False,True,0,1,0.0,1.0,False,True,0,2,0.0,0.5
409828_2018-11-06_14-02-59_filtered_2026-04-09_04-59-00,5,266,0.16122999999993226,False,False,0,0,0.0,0.0,False,False,0,0,0.0,0.0,False,True,0,1,0.0,1.0,False,False,0,0,0.0,0.0,False,False,0,0,0.0,0.0,False,True,0,2,0.0,0.5
409828_2018-11-06_14-02-59_filtered_2026-04-09_04-59-00,5,267,0.16122999999993226,False,False,0,0,0.0,0.0,False,False,0,0,0.0,0.0,True,True,2,1,0.5,1.0,False,False,0,0,0.0,0.0,False,False,0,0,0.0,0.0,False,False,0,0,0.0,0.0
409828_2018-11-06_14-02-59_filtered_2026-04-09_04-59-00,5,268,0.16122999999993226,False,False,0,0,0.0,0.0,False,False,0,0,0.0,0.0,False,False,0,0,0.0,0.0,False,False,0,0,0.0,0.0,False,False,0,0,0.0,0.0,False,False,0,0,0.0,0.0
409828_2018-11-06_14-02-59_filtered_2026-04-09_04-59-00,5,270,0.16122999999993226,False,False,0,0,0.0,0.0,False,True,0,1,0.0,1.0,False,False,0,0,0.0,0.0,False,False,0,0,0.0,0.0,False,False,0,0,0.0,0.0,False,True,0,1,0.0,1.0
409828_2018-11-06_14-02-59_filtered_2026-04-09_04-59-00,5,271,0.16122999999993226,False,False,0,0,0.0,0.0,False,False,0,0,0.0,0.0,False,False,0,0,0.0,0.0,False,False,0,0,0.0,0.0,False,False,0,0,0.0,0.0,False,False,0,0,0.0,0.0
409828_2018-11-06_14-02-59_filtered_2026-04-09_04-59-00,5,272,0.16122999999993226,False,False,0,0,0.0,0.0,False,False,0,0,0.0,0.0,False,True,0,1,0.0,1.0,False,False,0,0,0.0,0.0,False,False,0,0,0.0,0.0,True,False,2,0,0.5,0.0
409828_2018-11-06_14-02-59_filtered_2026-04-09_04-59-00,5,273,0.16122999999993226,False,False,0,0,0.0,0.0,False,False,0,0,0.0,0.0,True,False,2,0,0.5,0.0,False,False,0,0,0.0,0.0,True,False,1,0,1.0,0.0,True,False,2,0,0.6666666666666666,0.0
409828_2018-11-06_14-02-59_filtered_2026-04-09_04-59-00,5,274,0.16122999999993226,False,False,0,0,0.0,0.0,False,False,0,0,0.0,0.0,True,False,1,0,1.0,0.0,False,False,0,0,0.0,0.0,False,False,0,0,0.0,0.0,True,True,1,1,1.0,1.0
409828_2018-11-06_14-02-59_filtered_2026-04-09_04-59-00,5,275,0.16122999999993226,False,False,0,0,0.0,0.0,False,False,0,0,0.0,0.0,False,False,0,0,0.0,0.0,False,False,0,0,0.0,0.0,False,False,0,0,0.0,0.0,False,False,0,0,0.0,0.0
409828_2018-11-06_14-02-59_filtered_2026-04-09_04-59-00,5,276,0.16122999999993226,False,False,0,0,0.0,0.0,False,False,0,0,0.0,0.0,False,False,0,0,0.0,0.0,False,False,0,0,0.0,0.0,False,False,0,0,0.0,0.0,False,False,0,0,0.0,0.0
409828_2018-11-06_14-02-59_filtered_2026-04-09_04-59-00,5,277,0.16122999999993226,False,False,0,0,0.0,0.0,False,True,0,1,0.0,1.0,False,True,0,3,0.0,0.3333333333333333,False,False,0,0,0.0,0.0,False,True,0,1,0.0,1.0,True,True,1,1,1.0,1.0
409828_2018-11-06_14-02-59_filtered_2026-04-09_04-59-00,5,278,0.16122999999993226,True,True,2,1,0.6666666666666666,1.0,True,True,2,1,0.5,1.0,True,True,3,1,0.3333333333333333,1.0,False,False,0,0,0.0,0.0,False,True,0,2,0.0,0.5,True,True,4,3,0.25,0.5
409828_2018-11-06_14-02-59_filtered_2026-04-09_04-59-00,5,281,0.16122999999993226,True,True,2,3,0.5,0.3333333333333333,True,True,2,4,0.5,0.25,True,True,3,6,0.3333333333333333,0.25,False,False,0,0,0.0,0.0,False,True,0,1,0.0,1.0,True,True,3,2,0.3333333333333333,0.6666666666666666
409828_2018-11-06_14-02-59_filtered_2026-04-09_04-59-00,5,285,0.16122999999993226,False,False,0,0,0.0,0.0,False,False,0,0,0.0,0.0,False,True,0,2,0.0,0.5,False,False,0,0,0.0,0.0,False,False,0,0,0.0,0.0,False,False,0,0,0.0,0.0
409828_2018-11-06_14-02-59_filtered_2026-04-09_04-59-00,5,286,0.16122999999993226,False,False,0,0,0.0,0.0,False,False,0,0,0.0,0.0,False,True,0,1,0.0,1.0,False,False,0,0,0.0,0.0,False,False,0,0,0.0,0.0,False,True,0,1,0.0,1.0
409828_2018-11-06_14-02-59_filtered_2026-04-09_04-59-00,5,288,0.16122999999993226,True,True,1,1,1.0,1.0,False,True,0,2,0.0,0.5,True,True,10,5,0.1,0.3333333333333333,False,False,0,0,0.0,0.0,True,True,1,1,1.0,1.0,True,True,3,3,0.6,0.3333333333333333
409828_2018-11-06_14-02-59_filtered_2026-04-09_04-59-00,5,289,0.16122999999993226,False,False,0,0,0.0,0.0,False,False,0,0,0.0,0.0,False,False,0,0,0.0,0.0,False,False,0,0,0.0,0.0,False,False,0,0,0.0,0.0,False,False,0,0,0.0,0.0
409828_2018-11-06_14-02-59_filtered_2026-04-09_04-59-00,5,290,0.16122999999993226,False,False,0,0,0.0,0.0,False,False,0,0,0.0,0.0,True,False,1,0,1.0,0.0,False,False,0,0,0.0,0.0,False,False,0,0,0.0,0.0,True,False,1,0,1.0,0.0
409828_2018-11-06_14-02-59_filtered_2026-04-09_04-59-00,5,291,0.16122999999993226,True,True,1,1,1.0,1.0,True,True,2,1,0.5,1.0,True,True,4,2,0.25,0.5,False,False,0,0,0.0,0.0,False,False,0,0,0.0,0.0,True,True,4,4,0.25,0.625
409828_2018-11-06_14-02-59_filtered_2026-04-09_04-59-00,5,292,0.16122999999993226,True,True,17,17,0.13157894736842105,0.13333333333333333,True,True,15,15,0.22727272727272727,0.23809523809523808,True,True,10,8,0.3968253968253968,0.46875,False,True,0,1,0.0,1.0,True,True,14,13,0.125,0.2,True,True,2,2,0.9342105263157895,0.9375
409828_2018-11-06_14-02-59_filtered_2026-04-09_04-59-00,5,293,0.16122999999993226,False,False,0,0,0.0,0.0,False,False,0,0,0.0,0.0,False,False,0,0,0.0,0.0,False,False,0,0,0.0,0.0,False,False,0,0,0.0,0.0,False,False,0,0,0.0,0.0
409828_2018-11-06_14-02-59_filtered_2026-04-09_04-59-00,5,294,0.16122999999993226,False,False,0,0,0.0,0.0,False,False,0,0,0.0,0.0,False,False,0,0,0.0,0.0,False,False,0,0,0.0,0.0,False,False,0,0,0.0,0.0,False,False,0,0,0.0,0.0
409828_2018-11-06_14-02-59_filtered_2026-04-09_04-59-00,5,296,0.16122999999993226,False,False,0,0,0.0,0.0,False,False,0,0,0.0,0.0,True,True,1,1,1.0,1.0,False,False,0,0,0.0,0.0,False,False,0,0,0.0,0.0,True,True,1,1,1.0,1.0
409828_2018-11-06_14-02-59_filtered_2026-04-09_04-59-00,5,297,0.16122999999993226,True,True,3,8,0.9375,0.5483870967741935,True,True,2,2,0.9605263157894737,0.9605263157894737,True,True,1,1,1.0,1.0,True,True,5,8,0.3333333333333333,0.18181818181818182,True,True,5,3,0.4794520547945205,0.8933333333333333,True,True,1,1,1.0,1.0
409828_2018-11-06_14-02-59_filtered_2026-04-09_04-59-00,5,300,0.16122999999993226,True,True,4,4,0.25,0.25,True,True,12,12,0.13333333333333333,0.2,True,True,17,13,0.22857142857142856,0.1875,False,False,0,0,0.0,0.0,True,False,1,0,1.0,0.0,True,True,17,11,0.23333333333333334,0.21428571428571427
409828_2018-11-06_14-02-59_filtered_2026-04-09_04-59-00,5,302,0.16122999999993226,False,False,0,0,0.0,0.0,False,False,0,0,0.0,0.0,False,False,0,0,0.0,0.0,False,False,0,0,0.0,0.0,False,False,0,0,0.0,0.0,True,True,1,1,1.0,1.0
409828_2018-11-06_14-02-59_filtered_2026-04-09_04-59-00,5,303,0.16122999999993226,False,False,0,0,0.0,0.0,True,False,1,0,1.0,0.0,True,False,1,0,1.0,0.0,False,False,0,0,0.0,0.0,False,False,0,0,0.0,0.0,True,False,1,0,1.0,0.0
409828_2018-11-06_14-02-59_filtered_2026-04-09_04-59-00,5,304,0.16122999999993226,True,True,6,8,0.16666666666666666,0.2222222222222222,True,True,21,13,0.17857142857142858,0.17647058823529413,True,True,17,13,0.16666666666666666,0.3409090909090909,False,False,0,0,0.0,0.0,True,True,2,1,0.8,1.0,True,True,16,9,0.17857142857142858,0.3157894736842105
409828_2018-11-06_14-02-59_filtered_2026-04-09_04-59-00,5,306,0.16122999999993226,False,False,0,0,0.0,0.0,False,False,0,0,0.0,0.0,False,False,0,0,0.0,0.0,False,False,0,0,0.0,0.0,False,False,0,0,0.0,0.0,False,True,0,1,0.0,1.0
409828_2018-11-06_14-02-59_filtered_2026-04-09_04-59-00,5,307,0.16122999999993226,False,False,0,0,0.0,0.0,False,False,0,0,0.0,0.0,True,False,1,0,1.0,0.0,False,False,0,0,0.0,0.0,True,False,1,0,1.0,0.0,True,False,1,0,1.0,0.0
409828_2018-11-06_14-02-59_filtered_2026-04-09_04-59-00,5,311,0.16122999999993226,True,True,9,8,0.2727272727272727,0.2222222222222222,True,True,11,12,0.23529411764705882,0.1875,True,True,15,18,0.3684210526315789,0.16666666666666666,False,False,0,0,0.0,0.0,True,True,3,2,0.6,0.5,True,True,12,12,0.21212121212121213,0.22580645161290322
409828_2018-11-06_14-02-59_filtered_2026-04-09_04-59-00,5,312,0.16122999999993226,False,False,0,0,0.0,0.0,False,False,0,0,0.0,0.0,False,False,0,0,0.0,0.0,False,False,0,0,0.0,0.0,False,False,0,0,0.0,0.0,False,False,0,0,0.0,0.0
409828_2018-11-06_14-02-59_filtered_2026-04-09_04-59-00,5,313,0.16122999999993226,False,False,0,0,0.0,0.0,False,False,0,0,0.0,0.0,True,False,1,0,1.0,0.0,False,False,0,0,0.0,0.0,False,False,0,0,0.0,0.0,False,False,0,0,0.0,0.0
409828_2018-11-06_14-02-59_filtered_2026-04-09_04-59-00,5,314,0.16122999999993226,False,False,0,0,0.0,0.0,False,False,0,0,0.0,0.0,False,False,0,0,0.0,0.0,False,False,0,0,0.0,0.0,False,True,0,1,0.0,1.0,False,False,0,0,0.0,0.0
409828_2018-11-06_14-02-59_filtered_2026-04-09_04-59-00,5,315,0.16122999999993226,False,False,0,0,0.0,0.0,True,True,1,1,1.0,1.0,True,True,3,2,0.3333333333333333,0.5,False,False,0,0,0.0,0.0,False,True,0,1,0.0,1.0,False,True,0,2,0.0,0.6666666666666666
409828_2018-11-06_14-02-59_filtered_2026-04-09_04-59-00,5,316,0.16122999999993226,False,False,0,0,0.0,0.0,True,True,1,1,1.0,1.0,False,True,0,1,0.0,1.0,False,False,0,0,0.0,0.0,False,False,0,0,0.0,0.0,True,True,1,1,1.0,1.0
409828_2018-11-06_14-02-59_filtered_2026-04-09_04-59-00,5,321,0.16122999999993226,False,False,0,0,0.0,0.0,False,False,0,0,0.0,0.0,False,False,0,0,0.0,0.0,False,False,0,0,0.0,0.0,False,False,0,0,0.0,0.0,False,False,0,0,0.0,0.0
409828_2018-11-06_14-02-59_filtered_2026-04-09_04-59-00,5,323,0.16122999999993226,True,True,9,11,0.21428571428571427,0.14285714285714285,True,True,14,16,0.2692307692307692,0.125,True,True,12,10,0.22448979591836735,0.24444444444444444,False,False,0,0,0.0,0.0,True,True,4,4,0.4,0.25,True,True,14,18,0.14893617021276595,0.16216216216216217
409828_2018-11-06_14-02-59_filtered_2026-04-09_04-59-00,5,325,0.16122999999993226,False,False,0,0,0.0,0.0,False,False,0,0,0.0,0.0,False,False,0,0,0.0,0.0,False,False,0,0,0.0,0.0,False,False,0,0,0.0,0.0,True,True,1,1,1.0,1.0
409828_2018-11-06_14-02-59_filtered_2026-04-09_04-59-00,5,326,0.16122999999993226,False,False,0,0,0.0,0.0,False,False,0,0,0.0,0.0,True,True,1,2,1.0,0.5,False,False,0,0,0.0,0.0,True,True,1,1,1.0,1.0,True,True,1,1,1.0,1.0
409828_2018-11-06_14-02-59_filtered_2026-04-09_04-59-00,5,327,0.16122999999993226,False,False,0,0,0.0,0.0,False,False,0,0,0.0,0.0,False,False,0,0,0.0,0.0,False,False,0,0,0.0,0.0,False,False,0,0,0.0,0.0,False,False,0,0,0.0,0.0
409828_2018-11-06_14-02-59_filtered_2026-04-09_04-59-00,5,329,0.16122999999993226,False,False,0,0,0.0,0.0,False,False,0,0,0.0,0.0,False,False,0,0,0.0,0.0,False,False,0,0,0.0,0.0,False,False,0,0,0.0,0.0,False,True,0,1,0.0,1.0
409828_2018-11-06_14-02-59_filtered_2026-04-09_04-59-00,5,331,0.16122999999993226,False,False,0,0,0.0,0.0,False,False,0,0,0.0,0.0,True,False,2,0,0.5,0.0,False,False,0,0,0.0,0.0,False,False,0,0,0.0,0.0,True,True,1,1,1.0,1.0
409828_2018-11-06_14-02-59_filtered_2026-04-09_04-59-00,5,334,0.16122999999993226,False,False,0,0,0.0,0.0,False,False,0,0,0.0,0.0,False,False,0,0,0.0,0.0,False,False,0,0,0.0,0.0,False,False,0,0,0.0,0.0,False,False,0,0,0.0,0.0
409828_2018-11-06_14-02-59_filtered_2026-04-09_04-59-00,5,336,0.16122999999993226,False,False,0,0,0.0,0.0,False,False,0,0,0.0,0.0,False,True,0,1,0.0,1.0,False,False,0,0,0.0,0.0,False,False,0,0,0.0,0.0,True,True,1,1,1.0,1.0
409828_2018-11-06_14-02-59_filtered_2026-04-09_04-59-00,5,340,0.16122999999993226,False,False,0,0,0.0,0.0,True,False,1,0,1.0,0.0,False,True,0,2,0.0,0.5,False,False,0,0,0.0,0.0,False,True,0,1,0.0,1.0,True,True,1,2,1.0,0.5
409828_2018-11-06_14-02-59_filtered_2026-04-09_04-59-00,5,342,0.16122999999993226,False,False,0,0,0.0,0.0,False,False,0,0,0.0,0.0,False,False,0,0,0.0,0.0,False,False,0,0,0.0,0.0,False,False,0,0,0.0,0.0,False,False,0,0,0.0,0.0
409828_2018-11-06_14-02-59_filtered_2026-04-09_04-59-00,5,343,0.16122999999993226,True,False,1,0,1.0,0.0,True,False,2,0,0.5,0.0,True,True,3,2,0.3333333333333333,0.5,False,False,0,0,0.0,0.0,False,False,0,0,0.0,0.0,True,True,1,2,1.0,0.6666666666666666
409828_2018-11-06_14-02-59_filtered_2026-04-09_04-59-00,5,345,0.16122999999993226,False,True,0,1,0.0,1.0,True,False,1,0,1.0,0.0,True,True,4,3,0.4,0.3333333333333333,False,False,0,0,0.0,0.0,True,True,1,1,1.0,1.0,True,True,2,1,0.6666666666666666,1.0
409828_2018-11-06_14-02-59_filtered_2026-04-09_04-59-00,5,347,0.16122999999993226,False,False,0,0,0.0,0.0,False,True,0,1,0.0,1.0,True,True,7,3,0.14285714285714285,0.5,False,False,0,0,0.0,0.0,False,True,0,1,0.0,1.0,True,True,7,3,0.14285714285714285,0.6
409828_2018-11-06_14-02-59_filtered_2026-04-09_04-59-00,5,348,0.16122999999993226,True,True,5,3,0.3333333333333333,0.5,True,True,14,14,0.1111111111111111,0.2,True,True,13,13,0.29411764705882354,0.3103448275862069,False,False,0,0,0.0,0.0,True,False,1,0,1.0,0.0,True,True,9,9,0.2727272727272727,0.18181818181818182
409828_2018-11-06_14-02-59_filtered_2026-04-09_04-59-00,5,352,0.16122999999993226,False,False,0,0,0.0,0.0,False,False,0,0,0.0,0.0,True,False,1,0,1.0,0.0,False,False,0,0,0.0,0.0,False,False,0,0,0.0,0.0,False,False,0,0,0.0,0.0
409828_2018-11-06_14-02-59_filtered_2026-04-09_04-59-00,5,356,0.16122999999993226,False,False,0,0,0.0,0.0,False,False,0,0,0.0,0.0,False,False,0,0,0.0,0.0,False,False,0,0,0.0,0.0,False,False,0,0,0.0,0.0,False,False,0,0,0.0,0.0
409828_2018-11-06_14-02-59_filtered_2026-04-09_04-59-00,5,363,0.16122999999993226,False,False,0,0,0.0,0.0,False,False,0,0,0.0,0.0,False,False,0,0,0.0,0.0,False,False,0,0,0.0,0.0,False,False,0,0,0.0,0.0,False,False,0,0,0.0,0.0
409828_2018-11-06_14-02-59_filtered_2026-04-09_04-59-00,5,379,0.16122999999993226,False,False,0,0,0.0,0.0,True,True,3,2,0.3333333333333333,0.5,True,True,2,5,0.6666666666666666,0.2,False,False,0,0,0.0,0.0,True,False,1,0,1.0,0.0,True,True,1,3,1.0,0.3333333333333333
409828_2018-11-06_14-02-59_filtered_2026-04-09_04-59-00,5,380,0.16122999999993226,True,True,8,5,0.2222222222222222,0.2,True,True,14,12,0.11764705882352941,0.14285714285714285,True,True,14,12,0.29545454545454547,0.20833333333333334,False,False,0,0,0.0,0.0,True,True,2,2,0.5,0.6666666666666666,True,True,17,13,0.125,0.20833333333333334
409828_2018-11-06_14-02-59_filtered_2026-04-09_04-59-00,5,381,0.16122999999993226,False,False,0,0,0.0,0.0,False,False,0,0,0.0,0.0,True,True,2,1,0.5,1.0,False,False,0,0,0.0,0.0,True,False,1,0,1.0,0.0,True,False,2,0,0.5,0.0
409828_2018-11-06_14-02-59_filtered_2026-04-09_04-59-00,5,390,0.16122999999993226,False,False,0,0,0.0,0.0,False,False,0,0,0.0,0.0,False,False,0,0,0.0,0.0,False,False,0,0,0.0,0.0,False,False,0,0,0.0,0.0,True,True,1,1,1.0,1.0
409828_2018-11-06_14-02-59_filtered_2026-04-09_04-59-00,5,404,0.16122999999993226,False,False,0,0,0.0,0.0,False,False,0,0,0.0,0.0,False,False,0,0,0.0,0.0,False,False,0,0,0.0,0.0,False,False,0,0,0.0,0.0,False,False,0,0,0.0,0.0
409828_2018-11-06_14-02-59_filtered_2026-04-09_04-59-00,5,408,0.16122999999993226,False,False,0,0,0.0,0.0,False,False,0,0,0.0,0.0,False,True,0,1,0.0,1.0,False,False,0,0,0.0,0.0,False,False,0,0,0.0,0.0,False,True,0,1,0.0,1.0
409828_2018-11-06_14-02-59_filtered_2026-04-09_04-59-00,5,409,0.16122999999993226,False,True,0,1,0.0,1.0,True,True,1,2,1.0,0.5,False,True,0,4,0.0,0.4,False,False,0,0,0.0,0.0,False,False,0,0,0.0,0.0,True,True,1,4,1.0,0.4
409828_2018-11-06_14-02-59_filtered_2026-04-09_04-59-00,5,414,0.16122999999993226,False,False,0,0,0.0,0.0,False,False,0,0,0.0,0.0,False,False,0,0,0.0,0.0,False,False,0,0,0.0,0.0,False,False,0,0,0.0,0.0,True,False,1,0,1.0,0.0
409828_2018-11-06_14-02-59_filtered_2026-04-09_04-59-00,5,415,0.16122999999993226,False,False,0,0,0.0,0.0,False,False,0,0,0.0,0.0,False,False,0,0,0.0,0.0,False,False,0,0,0.0,0.0,False,False,0,0,0.0,0.0,False,False,0,0,0.0,0.0
409828_2018-11-06_14-02-59_filtered_2026-04-09_04-59-00,5,425,0.16122999999993226,False,False,0,0,0.0,0.0,False,False,0,0,0.0,0.0,False,False,0,0,0.0,0.0,False,False,0,0,0.0,0.0,False,False,0,0,0.0,0.0,False,False,0,0,0.0,0.0
409828_2018-11-06_14-02-59_filtered_2026-04-09_04-59-00,5,432,0.16122999999993226,True,True,1,1,1.0,1.0,True,True,5,5,0.3333333333333333,0.2,True,True,10,11,0.2,0.15384615384615385,False,False,0,0,0.0,0.0,True,False,2,0,0.6666666666666666,0.0,True,True,3,2,0.6,0.6666666666666666
409828_2018-11-06_14-02-59_filtered_2026-04-09_04-59-00,5,449,0.16122999999993226,True,True,9,7,0.2727272727272727,0.14285714285714285,True,True,15,13,0.2,0.1875,True,True,14,16,0.20689655172413793,0.16216216216216217,False,False,0,0,0.0,0.0,True,True,1,2,1.0,0.75,True,True,10,12,0.23076923076923078,0.21052631578947367
409828_2018-11-06_14-02-59_filtered_2026-04-09_04-59-00,5,451,0.16122999999993226,False,False,0,0,0.0,0.0,True,True,1,1,1.0,1.0,True,True,1,1,1.0,1.0,False,False,0,0,0.0,0.0,False,False,0,0,0.0,0.0,False,False,0,0,0.0,0.0
409828_2018-11-06_14-02-59_filtered_2026-04-09_04-59-00,5,457,0.16122999999993226,False,False,0,0,0.0,0.0,False,False,0,0,0.0,0.0,False,False,0,0,0.0,0.0,False,False,0,0,0.0,0.0,False,True,0,1,0.0,1.0,False,True,0,1,0.0,1.0
409828_2018-11-06_14-02-59_filtered_2026-04-09_04-59-00,5,460,0.16122999999993226,True,True,14,14,0.15,0.23809523809523808,True,True,11,13,0.27906976744186046,0.3157894736842105,True,True,4,4,0.96,0.8142857142857143,False,False,0,0,0.0,0.0,True,True,7,4,0.25,0.5,True,True,14,11,0.3333333333333333,0.48936170212765956
409828_2018-11-06_14-02-59_filtered_2026-04-09_04-59-00,5,474,0.16122999999993226,False,False,0,0,0.0,0.0,False,False,0,0,0.0,0.0,True,False,1,0,1.0,0.0,False,False,0,0,0.0,0.0,False,False,0,0,0.0,0.0,True,False,1,0,1.0,0.0
409828_2018-11-06_14-02-59_filtered_2026-04-09_04-59-00,5,509,0.16122999999993226,False,False,0,0,0.0,0.0,False,False,0,0,0.0,0.0,True,True,1,1,1.0,1.0,False,False,0,0,0.0,0.0,False,False,0,0,0.0,0.0,True,False,1,0,1.0,0.0
409828_2018-11-06_14-02-59_filtered_2026-04-09_04-59-00,5,533,0.16122999999993226,False,True,0,1,0.0,1.0,False,False,0,0,0.0,0.0,False,False,0,0,0.0,0.0,False,False,0,0,0.0,0.0,False,False,0,0,0.0,0.0,False,False,0,0,0.0,0.0
409828_2018-11-06_14-02-59_filtered_2026-04-09_04-59-00,5,534,0.16122999999993226,True,False,1,0,1.0,0.0,True,False,2,0,0.5,0.0,True,True,1,1,1.0,1.0,False,False,0,0,0.0,0.0,True,False,1,0,1.0,0.0,True,True,2,1,0.6666666666666666,1.0
409828_2018-11-06_14-02-59_filtered_2026-04-09_04-59-00,5,546,0.16122999999993226,False,True,0,1,0.0,1.0,False,False,0,0,0.0,0.0,False,True,0,1,0.0,1.0,False,False,0,0,0.0,0.0,False,False,0,0,0.0,0.0,False,True,0,1,0.0,1.0
409828_2018-11-06_14-02-59_filtered_2026-04-09_04-59-00,5,574,0.16122999999993226,False,False,0,0,0.0,0.0,False,False,0,0,0.0,0.0,False,False,0,0,0.0,0.0,False,False,0,0,0.0,0.0,False,False,0,0,0.0,0.0,False,False,0,0,0.0,0.0
409828_2018-11-06_14-02-59_filtered_2026-04-09_04-59-00,5,608,0.16122999999993226,True,True,13,15,0.15625,0.13043478260869565,True,True,12,10,0.22807017543859648,0.2978723404255319,True,True,1,4,1.0,0.9452054794520548,False,False,0,0,0.0,0.0,True,True,13,11,0.21052631578947367,0.18181818181818182,True,True,1,2,1.0,0.9876543209876543
409828_2018-11-06_14-02-59_filtered_2026-04-09_04-59-00,5,637,0.16122999999993226,False,False,0,0,0.0,0.0,False,False,0,0,0.0,0.0,True,False,2,0,0.5,0.0,False,False,0,0,0.0,0.0,False,False,0,0,0.0,0.0,False,True,0,1,0.0,1.0
409828_2018-11-06_14-02-59_filtered_2026-04-09_04-59-00,5,677,0.16122999999993226,False,False,0,0,0.0,0.0,False,False,0,0,0.0,0.0,False,False,0,0,0.0,0.0,False,False,0,0,0.0,0.0,False,False,0,0,0.0,0.0,False,True,0,1,0.0,1.0
409828_2018-11-06_14-02-59_filtered_2026-04-09_04-59-00,5,705,0.16122999999993226,False,False,0,0,0.0,0.0,True,True,2,4,0.5,0.25,True,True,10,5,0.3076923076923077,0.2,False,False,0,0,0.0,0.0,True,False,1,0,1.0,0.0,True,True,5,2,0.42857142857142855,0.5
409828_2018-11-06_14-02-59_filtered_2026-04-09_04-59-00,5,1167,0.16122999999993226,False,False,0,0,0.0,0.0,False,False,0,0,0.0,0.0,False,False,0,0,0.0,0.0,False,False,0,0,0.0,0.0,False,False,0,0,0.0,0.0,False,False,0,0,0.0,0.0
409828_2018-11-20_10-42-45_filtered_2026-04-09_04-58-44,0,0,0.16394999999988613,False,False,0,0,0.0,0.0,False,False,0,0,0.0,0.0,False,False,0,0,0.0,0.0,False,False,0,0,0.0,0.0,False,False,0,0,0.0,0.0,False,False,0,0,0.0,0.0
409828_2018-11-20_10-42-45_filtered_2026-04-09_04-58-44,0,1,0.16394999999988613,False,False,0,0,0.0,0.0,False,False,0,0,0.0,0.0,False,False,0,0,0.0,0.0,False,False,0,0,0.0,0.0,False,False,0,0,0.0,0.0,False,False,0,0,0.0,0.0
409828_2018-11-20_10-42-45_filtered_2026-04-09_04-58-44,0,5,0.16394999999988613,False,False,0,0,0.0,0.0,False,False,0,0,0.0,0.0,False,False,0,0,0.0,0.0,False,False,0,0,0.0,0.0,False,False,0,0,0.0,0.0,False,False,0,0,0.0,0.0
409828_2018-11-20_10-42-45_filtered_2026-04-09_04-58-44,0,14,0.16394999999988613,False,False,0,0,0.0,0.0,False,False,0,0,0.0,0.0,False,False,0,0,0.0,0.0,False,False,0,0,0.0,0.0,False,False,0,0,0.0,0.0,False,False,0,0,0.0,0.0
409828_2018-11-20_10-42-45_filtered_2026-04-09_04-58-44,0,16,0.16394999999988613,False,False,0,0,0.0,0.0,False,False,0,0,0.0,0.0,False,False,0,0,0.0,0.0,False,False,0,0,0.0,0.0,False,False,0,0,0.0,0.0,False,False,0,0,0.0,0.0
409828_2018-11-20_10-42-45_filtered_2026-04-09_04-58-44,1,0,0.16394999999999982,False,False,0,0,0.0,0.0,False,False,0,0,0.0,0.0,False,False,0,0,0.0,0.0,False,False,0,0,0.0,0.0,False,False,0,0,0.0,0.0,False,False,0,0,0.0,0.0
409828_2018-11-20_10-42-45_filtered_2026-04-09_04-58-44,1,1,0.16394999999999982,False,False,0,0,0.0,0.0,False,False,0,0,0.0,0.0,False,False,0,0,0.0,0.0,False,False,0,0,0.0,0.0,False,False,0,0,0.0,0.0,False,False,0,0,0.0,0.0
409828_2018-11-20_10-42-45_filtered_2026-04-09_04-58-44,1,2,0.16394999999999982,False,False,0,0,0.0,0.0,False,False,0,0,0.0,0.0,False,False,0,0,0.0,0.0,False,False,0,0,0.0,0.0,False,False,0,0,0.0,0.0,False,False,0,0,0.0,0.0
409828_2018-11-20_10-42-45_filtered_2026-04-09_04-58-44,1,3,0.16394999999999982,False,False,0,0,0.0,0.0,False,False,0,0,0.0,0.0,False,False,0,0,0.0,0.0,False,False,0,0,0.0,0.0,False,False,0,0,0.0,0.0,False,False,0,0,0.0,0.0
409828_2018-11-20_10-42-45_filtered_2026-04-09_04-58-44,1,4,0.16394999999999982,False,False,0,0,0.0,0.0,False,False,0,0,0.0,0.0,False,False,0,0,0.0,0.0,False,False,0,0,0.0,0.0,False,False,0,0,0.0,0.0,False,False,0,0,0.0,0.0
409828_2018-11-20_10-42-45_filtered_2026-04-09_04-58-44,1,5,0.16394999999999982,False,False,0,0,0.0,0.0,False,False,0,0,0.0,0.0,False,False,0,0,0.0,0.0,False,False,0,0,0.0,0.0,False,False,0,0,0.0,0.0,False,False,0,0,0.0,0.0
409828_2018-11-20_10-42-45_filtered_2026-04-09_04-58-44,1,6,0.16394999999999982,False,False,0,0,0.0,0.0,False,False,0,0,0.0,0.0,False,False,0,0,0.0,0.0,False,False,0,0,0.0,0.0,False,False,0,0,0.0,0.0,False,False,0,0,0.0,0.0
409828_2018-11-20_10-42-45_filtered_2026-04-09_04-58-44,1,7,0.16394999999999982,False,False,0,0,0.0,0.0,False,False,0,0,0.0,0.0,False,False,0,0,0.0,0.0,False,False,0,0,0.0,0.0,False,False,0,0,0.0,0.0,False,False,0,0,0.0,0.0
409828_2018-11-20_10-42-45_filtered_2026-04-09_04-58-44,1,8,0.16394999999999982,False,False,0,0,0.0,0.0,False,False,0,0,0.0,0.0,False,False,0,0,0.0,0.0,False,False,0,0,0.0,0.0,False,False,0,0,0.0,0.0,False,False,0,0,0.0,0.0
409828_2018-11-20_10-42-45_filtered_2026-04-09_04-58-44,1,9,0.16394999999999982,False,False,0,0,0.0,0.0,False,False,0,0,0.0,0.0,False,False,0,0,0.0,0.0,False,False,0,0,0.0,0.0,False,False,0,0,0.0,0.0,False,False,0,0,0.0,0.0
409828_2018-11-20_10-42-45_filtered_2026-04-09_04-58-44,1,10,0.16394999999999982,False,False,0,0,0.0,0.0,False,False,0,0,0.0,0.0,False,False,0,0,0.0,0.0,False,False,0,0,0.0,0.0,False,False,0,0,0.0,0.0,False,False,0,0,0.0,0.0
409828_2018-11-20_10-42-45_filtered_2026-04-09_04-58-44,1,11,0.16394999999999982,False,False,0,0,0.0,0.0,False,False,0,0,0.0,0.0,False,False,0,0,0.0,0.0,False,False,0,0,0.0,0.0,False,False,0,0,0.0,0.0,False,False,0,0,0.0,0.0
409828_2018-11-20_10-42-45_filtered_2026-04-09_04-58-44,1,12,0.16394999999999982,False,False,0,0,0.0,0.0,False,False,0,0,0.0,0.0,False,False,0,0,0.0,0.0,False,False,0,0,0.0,0.0,False,False,0,0,0.0,0.0,False,False,0,0,0.0,0.0
409828_2018-11-20_10-42-45_filtered_2026-04-09_04-58-44,1,13,0.16394999999999982,False,False,0,0,0.0,0.0,False,False,0,0,0.0,0.0,False,False,0,0,0.0,0.0,False,False,0,0,0.0,0.0,False,False,0,0,0.0,0.0,False,False,0,0,0.0,0.0
409828_2018-11-20_10-42-45_filtered_2026-04-09_04-58-44,1,14,0.16394999999999982,False,False,0,0,0.0,0.0,False,False,0,0,0.0,0.0,False,False,0,0,0.0,0.0,False,False,0,0,0.0,0.0,False,False,0,0,0.0,0.0,False,False,0,0,0.0,0.0
409828_2018-11-20_10-42-45_filtered_2026-04-09_04-58-44,1,15,0.16394999999999982,False,False,0,0,0.0,0.0,False,False,0,0,0.0,0.0,False,False,0,0,0.0,0.0,False,False,0,0,0.0,0.0,False,False,0,0,0.0,0.0,False,False,0,0,0.0,0.0
409828_2018-11-20_10-42-45_filtered_2026-04-09_04-58-44,1,16,0.16394999999999982,False,False,0,0,0.0,0.0,False,False,0,0,0.0,0.0,False,False,0,0,0.0,0.0,False,False,0,0,0.0,0.0,False,False,0,0,0.0,0.0,False,False,0,0,0.0,0.0
409828_2018-11-20_10-42-45_filtered_2026-04-09_04-58-44,1,17,0.16394999999999982,False,False,0,0,0.0,0.0,False,False,0,0,0.0,0.0,False,False,0,0,0.0,0.0,False,False,0,0,0.0,0.0,False,False,0,0,0.0,0.0,False,False,0,0,0.0,0.0
409828_2018-11-20_10-42-45_filtered_2026-04-09_04-58-44,1,19,0.16394999999999982,False,False,0,0,0.0,0.0,False,False,0,0,0.0,0.0,False,False,0,0,0.0,0.0,False,False,0,0,0.0,0.0,False,False,0,0,0.0,0.0,False,False,0,0,0.0,0.0
409828_2018-11-20_10-42-45_filtered_2026-04-09_04-58-44,1,20,0.16394999999999982,False,False,0,0,0.0,0.0,False,False,0,0,0.0,0.0,False,False,0,0,0.0,0.0,False,False,0,0,0.0,0.0,False,False,0,0,0.0,0.0,False,False,0,0,0.0,0.0
409828_2018-11-20_10-42-45_filtered_2026-04-09_04-58-44,1,21,0.16394999999999982,False,False,0,0,0.0,0.0,False,False,0,0,0.0,0.0,False,False,0,0,0.0,0.0,False,False,0,0,0.0,0.0,False,False,0,0,0.0,0.0,False,False,0,0,0.0,0.0
409828_2018-11-20_10-42-45_filtered_2026-04-09_04-58-44,1,26,0.16394999999999982,False,False,0,0,0.0,0.0,False,False,0,0,0.0,0.0,False,False,0,0,0.0,0.0,False,False,0,0,0.0,0.0,False,False,0,0,0.0,0.0,False,False,0,0,0.0,0.0
409828_2018-11-20_10-42-45_filtered_2026-04-09_04-58-44,1,27,0.16394999999999982,False,False,0,0,0.0,0.0,False,False,0,0,0.0,0.0,False,False,0,0,0.0,0.0,False,False,0,0,0.0,0.0,False,False,0,0,0.0,0.0,False,False,0,0,0.0,0.0
409828_2018-11-20_10-42-45_filtered_2026-04-09_04-58-44,1,28,0.16394999999999982,False,False,0,0,0.0,0.0,False,False,0,0,0.0,0.0,False,False,0,0,0.0,0.0,False,False,0,0,0.0,0.0,False,False,0,0,0.0,0.0,False,False,0,0,0.0,0.0
409828_2018-11-20_10-42-45_filtered_2026-04-09_04-58-44,1,29,0.16394999999999982,False,False,0,0,0.0,0.0,False,False,0,0,0.0,0.0,False,False,0,0,0.0,0.0,False,False,0,0,0.0,0.0,False,False,0,0,0.0,0.0,False,False,0,0,0.0,0.0
409828_2018-11-20_10-42-45_filtered_2026-04-09_04-58-44,1,31,0.16394999999999982,False,False,0,0,0.0,0.0,False,False,0,0,0.0,0.0,False,False,0,0,0.0,0.0,False,False,0,0,0.0,0.0,False,False,0,0,0.0,0.0,False,False,0,0,0.0,0.0
409828_2018-11-20_10-42-45_filtered_2026-04-09_04-58-44,1,33,0.16394999999999982,False,False,0,0,0.0,0.0,False,False,0,0,0.0,0.0,False,False,0,0,0.0,0.0,False,False,0,0,0.0,0.0,False,False,0,0,0.0,0.0,False,False,0,0,0.0,0.0
409828_2018-11-20_10-42-45_filtered_2026-04-09_04-58-44,1,36,0.16394999999999982,False,False,0,0,0.0,0.0,False,False,0,0,0.0,0.0,False,False,0,0,0.0,0.0,False,False,0,0,0.0,0.0,False,False,0,0,0.0,0.0,False,False,0,0,0.0,0.0
409828_2018-11-20_10-42-45_filtered_2026-04-09_04-58-44,1,37,0.16394999999999982,False,False,0,0,0.0,0.0,False,False,0,0,0.0,0.0,False,False,0,0,0.0,0.0,False,False,0,0,0.0,0.0,False,False,0,0,0.0,0.0,False,False,0,0,0.0,0.0
409828_2018-11-20_10-42-45_filtered_2026-04-09_04-58-44,1,40,0.16394999999999982,False,False,0,0,0.0,0.0,False,False,0,0,0.0,0.0,False,False,0,0,0.0,0.0,False,False,0,0,0.0,0.0,False,False,0,0,0.0,0.0,False,False,0,0,0.0,0.0
409828_2018-11-20_10-42-45_filtered_2026-04-09_04-58-44,1,41,0.16394999999999982,True,False,2,0,0.5,0.0,True,False,2,0,0.5,0.0,True,True,4,1,0.25,1.0,False,False,0,0,0.0,0.0,False,True,0,1,0.0,1.0,True,True,1,1,1.0,1.0
409828_2018-11-20_10-42-45_filtered_2026-04-09_04-58-44,1,42,0.16394999999999982,False,False,0,0,0.0,0.0,False,False,0,0,0.0,0.0,False,False,0,0,0.0,0.0,False,False,0,0,0.0,0.0,False,False,0,0,0.0,0.0,False,False,0,0,0.0,0.0
409828_2018-11-20_10-42-45_filtered_2026-04-09_04-58-44,1,44,0.16394999999999982,True,True,1,1,1.0,1.0,True,True,3,1,0.3333333333333333,1.0,True,True,1,1,1.0,1.0,False,False,0,0,0.0,0.0,False,False,0,0,0.0,0.0,True,True,1,1,1.0,1.0
409828_2018-11-20_10-42-45_filtered_2026-04-09_04-58-44,1,56,0.16394999999999982,True,True,2,1,0.5,1.0,False,False,0,0,0.0,0.0,False,False,0,0,0.0,0.0,False,False,0,0,0.0,0.0,False,False,0,0,0.0,0.0,False,False,0,0,0.0,0.0
409828_2018-11-20_10-42-45_filtered_2026-04-09_04-58-44,1,68,0.16394999999999982,False,False,0,0,0.0,0.0,False,False,0,0,0.0,0.0,False,False,0,0,0.0,0.0,False,False,0,0,0.0,0.0,False,False,0,0,0.0,0.0,False,False,0,0,0.0,0.0
409828_2018-11-20_10-42-45_filtered_2026-04-09_04-58-44,1,74,0.16394999999999982,False,False,0,0,0.0,0.0,False,False,0,0,0.0,0.0,False,False,0,0,0.0,0.0,False,False,0,0,0.0,0.0,False,False,0,0,0.0,0.0,False,False,0,0,0.0,0.0
409828_2018-11-20_10-42-45_filtered_2026-04-09_04-58-44,1,76,0.16394999999999982,False,False,0,0,0.0,0.0,False,False,0,0,0.0,0.0,False,False,0,0,0.0,0.0,False,False,0,0,0.0,0.0,False,False,0,0,0.0,0.0,False,False,0,0,0.0,0.0
409828_2018-11-20_10-42-45_filtered_2026-04-09_04-58-44,1,80,0.16394999999999982,False,False,0,0,0.0,0.0,False,False,0,0,0.0,0.0,True,False,1,0,1.0,0.0,False,False,0,0,0.0,0.0,False,False,0,0,0.0,0.0,False,True,0,1,0.0,1.0
409828_2018-11-20_10-42-45_filtered_2026-04-09_04-58-44,1,90,0.16394999999999982,False,False,0,0,0.0,0.0,False,False,0,0,0.0,0.0,True,True,1,4,1.0,0.25,False,False,0,0,0.0,0.0,True,False,1,0,1.0,0.0,True,True,1,2,1.0,0.6666666666666666
409828_2018-11-20_10-42-45_filtered_2026-04-09_04-58-44,1,391,0.16394999999999982,False,False,0,0,0.0,0.0,False,False,0,0,0.0,0.0,False,False,0,0,0.0,0.0,False,False,0,0,0.0,0.0,False,False,0,0,0.0,0.0,False,False,0,0,0.0,0.0
409828_2018-11-20_10-42-45_filtered_2026-04-09_04-58-44,1,1268,0.16394999999999982,False,False,0,0,0.0,0.0,False,False,0,0,0.0,0.0,False,False,0,0,0.0,0.0,False,False,0,0,0.0,0.0,False,False,0,0,0.0,0.0,False,False,0,0,0.0,0.0
409828_2018-11-20_10-42-45_filtered_2026-04-09_04-58-44,2,0,0.16394999999999982,False,False,0,0,0.0,0.0,False,False,0,0,0.0,0.0,False,False,0,0,0.0,0.0,False,False,0,0,0.0,0.0,False,False,0,0,0.0,0.0,False,False,0,0,0.0,0.0
409828_2018-11-20_10-42-45_filtered_2026-04-09_04-58-44,2,1,0.16394999999999982,False,False,0,0,0.0,0.0,False,False,0,0,0.0,0.0,False,False,0,0,0.0,0.0,False,False,0,0,0.0,0.0,False,False,0,0,0.0,0.0,False,False,0,0,0.0,0.0
409828_2018-11-20_10-42-45_filtered_2026-04-09_04-58-44,2,2,0.16394999999999982,False,False,0,0,0.0,0.0,False,False,0,0,0.0,0.0,False,False,0,0,0.0,0.0,False,False,0,0,0.0,0.0,False,False,0,0,0.0,0.0,False,False,0,0,0.0,0.0
409828_2018-11-20_10-42-45_filtered_2026-04-09_04-58-44,2,3,0.16394999999999982,False,False,0,0,0.0,0.0,False,False,0,0,0.0,0.0,False,False,0,0,0.0,0.0,False,False,0,0,0.0,0.0,False,False,0,0,0.0,0.0,False,False,0,0,0.0,0.0
409828_2018-11-20_10-42-45_filtered_2026-04-09_04-58-44,2,4,0.16394999999999982,False,False,0,0,0.0,0.0,False,False,0,0,0.0,0.0,False,False,0,0,0.0,0.0,False,False,0,0,0.0,0.0,False,False,0,0,0.0,0.0,False,False,0,0,0.0,0.0
409828_2018-11-20_10-42-45_filtered_2026-04-09_04-58-44,2,5,0.16394999999999982,False,False,0,0,0.0,0.0,False,False,0,0,0.0,0.0,False,False,0,0,0.0,0.0,False,False,0,0,0.0,0.0,False,False,0,0,0.0,0.0,False,False,0,0,0.0,0.0
409828_2018-11-20_10-42-45_filtered_2026-04-09_04-58-44,2,6,0.16394999999999982,False,False,0,0,0.0,0.0,False,False,0,0,0.0,0.0,False,False,0,0,0.0,0.0,False,False,0,0,0.0,0.0,False,False,0,0,0.0,0.0,False,False,0,0,0.0,0.0
409828_2018-11-20_10-42-45_filtered_2026-04-09_04-58-44,2,7,0.16394999999999982,False,False,0,0,0.0,0.0,True,False,1,0,1.0,0.0,True,False,1,0,1.0,0.0,False,False,0,0,0.0,0.0,True,False,1,0,1.0,0.0,True,False,1,0,1.0,0.0
409828_2018-11-20_10-42-45_filtered_2026-04-09_04-58-44,2,8,0.16394999999999982,False,False,0,0,0.0,0.0,False,False,0,0,0.0,0.0,True,False,1,0,1.0,0.0,False,False,0,0,0.0,0.0,False,False,0,0,0.0,0.0,False,True,0,1,0.0,1.0
409828_2018-11-20_10-42-45_filtered_2026-04-09_04-58-44,2,9,0.16394999999999982,False,False,0,0,0.0,0.0,False,False,0,0,0.0,0.0,False,False,0,0,0.0,0.0,False,False,0,0,0.0,0.0,False,False,0,0,0.0,0.0,False,False,0,0,0.0,0.0
409828_2018-11-20_10-42-45_filtered_2026-04-09_04-58-44,2,10,0.16394999999999982,False,False,0,0,0.0,0.0,False,False,0,0,0.0,0.0,False,False,0,0,0.0,0.0,False,False,0,0,0.0,0.0,False,False,0,0,0.0,0.0,False,False,0,0,0.0,0.0
409828_2018-11-20_10-42-45_filtered_2026-04-09_04-58-44,2,11,0.16394999999999982,False,False,0,0,0.0,0.0,False,False,0,0,0.0,0.0,False,False,0,0,0.0,0.0,False,False,0,0,0.0,0.0,False,False,0,0,0.0,0.0,False,False,0,0,0.0,0.0
409828_2018-11-20_10-42-45_filtered_2026-04-09_04-58-44,2,12,0.16394999999999982,False,False,0,0,0.0,0.0,False,False,0,0,0.0,0.0,False,False,0,0,0.0,0.0,False,False,0,0,0.0,0.0,False,False,0,0,0.0,0.0,False,False,0,0,0.0,0.0
409828_2018-11-20_10-42-45_filtered_2026-04-09_04-58-44,2,13,0.16394999999999982,False,False,0,0,0.0,0.0,False,False,0,0,0.0,0.0,False,False,0,0,0.0,0.0,False,False,0,0,0.0,0.0,False,False,0,0,0.0,0.0,False,False,0,0,0.0,0.0
409828_2018-11-20_10-42-45_filtered_2026-04-09_04-58-44,2,14,0.16394999999999982,False,False,0,0,0.0,0.0,False,False,0,0,0.0,0.0,False,False,0,0,0.0,0.0,False,False,0,0,0.0,0.0,False,False,0,0,0.0,0.0,False,False,0,0,0.0,0.0
409828_2018-11-20_10-42-45_filtered_2026-04-09_04-58-44,2,15,0.16394999999999982,False,False,0,0,0.0,0.0,False,False,0,0,0.0,0.0,False,False,0,0,0.0,0.0,False,False,0,0,0.0,0.0,False,False,0,0,0.0,0.0,False,False,0,0,0.0,0.0
409828_2018-11-20_10-42-45_filtered_2026-04-09_04-58-44,2,16,0.16394999999999982,False,False,0,0,0.0,0.0,False,False,0,0,0.0,0.0,False,False,0,0,0.0,0.0,False,False,0,0,0.0,0.0,False,False,0,0,0.0,0.0,False,False,0,0,0.0,0.0
409828_2018-11-20_10-42-45_filtered_2026-04-09_04-58-44,2,17,0.16394999999999982,False,False,0,0,0.0,0.0,False,False,0,0,0.0,0.0,False,False,0,0,0.0,0.0,False,False,0,0,0.0,0.0,False,False,0,0,0.0,0.0,False,False,0,0,0.0,0.0
409828_2018-11-20_10-42-45_filtered_2026-04-09_04-58-44,2,18,0.16394999999999982,False,False,0,0,0.0,0.0,False,False,0,0,0.0,0.0,False,False,0,0,0.0,0.0,False,False,0,0,0.0,0.0,False,False,0,0,0.0,0.0,False,False,0,0,0.0,0.0
409828_2018-11-20_10-42-45_filtered_2026-04-09_04-58-44,2,19,0.16394999999999982,False,False,0,0,0.0,0.0,False,False,0,0,0.0,0.0,False,False,0,0,0.0,0.0,False,False,0,0,0.0,0.0,False,False,0,0,0.0,0.0,False,False,0,0,0.0,0.0
409828_2018-11-20_10-42-45_filtered_2026-04-09_04-58-44,2,20,0.16394999999999982,True,True,7,10,0.14285714285714285,0.16666666666666666,True,True,17,15,0.16666666666666666,0.21621621621621623,True,True,11,3,0.5645161290322581,0.9154929577464789,True,True,1,1,1.0,1.0,True,True,8,13,0.21052631578947367,0.22580645161290322,True,True,2,2,0.9746835443037974,0.9879518072289156
409828_2018-11-20_10-42-45_filtered_2026-04-09_04-58-44,2,22,0.16394999999999982,True,True,9,7,0.18181818181818182,0.2,True,True,15,12,0.16666666666666666,0.11764705882352941,True,True,8,13,0.4576271186440678,0.35135135135135137,True,True,3,5,0.5,0.3333333333333333,True,True,14,12,0.21212121212121213,0.41935483870967744,True,True,1,1,1.0,1.0
409828_2018-11-20_10-42-45_filtered_2026-04-09_04-58-44,2,23,0.16394999999999982,False,False,0,0,0.0,0.0,False,False,0,0,0.0,0.0,False,False,0,0,0.0,0.0,False,False,0,0,0.0,0.0,False,False,0,0,0.0,0.0,False,True,0,1,0.0,1.0
409828_2018-11-20_10-42-45_filtered_2026-04-09_04-58-44,2,24,0.16394999999999982,False,False,0,0,0.0,0.0,False,False,0,0,0.0,0.0,False,False,0,0,0.0,0.0,False,False,0,0,0.0,0.0,False,False,0,0,0.0,0.0,False,False,0,0,0.0,0.0
409828_2018-11-20_10-42-45_filtered_2026-04-09_04-58-44,2,26,0.16394999999999982,False,False,0,0,0.0,0.0,False,False,0,0,0.0,0.0,False,False,0,0,0.0,0.0,False,False,0,0,0.0,0.0,False,False,0,0,0.0,0.0,False,False,0,0,0.0,0.0
409828_2018-11-20_10-42-45_filtered_2026-04-09_04-58-44,2,27,0.16394999999999982,False,False,0,0,0.0,0.0,False,False,0,0,0.0,0.0,False,False,0,0,0.0,0.0,False,False,0,0,0.0,0.0,False,False,0,0,0.0,0.0,False,False,0,0,0.0,0.0
409828_2018-11-20_10-42-45_filtered_2026-04-09_04-58-44,2,28,0.16394999999999982,False,False,0,0,0.0,0.0,False,False,0,0,0.0,0.0,False,False,0,0,0.0,0.0,False,False,0,0,0.0,0.0,False,False,0,0,0.0,0.0,False,False,0,0,0.0,0.0
409828_2018-11-20_10-42-45_filtered_2026-04-09_04-58-44,2,29,0.16394999999999982,False,False,0,0,0.0,0.0,False,False,0,0,0.0,0.0,False,False,0,0,0.0,0.0,False,False,0,0,0.0,0.0,False,False,0,0,0.0,0.0,False,False,0,0,0.0,0.0
409828_2018-11-20_10-42-45_filtered_2026-04-09_04-58-44,2,30,0.16394999999999982,False,False,0,0,0.0,0.0,False,False,0,0,0.0,0.0,False,False,0,0,0.0,0.0,False,False,0,0,0.0,0.0,False,False,0,0,0.0,0.0,False,False,0,0,0.0,0.0
409828_2018-11-20_10-42-45_filtered_2026-04-09_04-58-44,2,32,0.16394999999999982,False,False,0,0,0.0,0.0,False,False,0,0,0.0,0.0,False,False,0,0,0.0,0.0,False,False,0,0,0.0,0.0,False,False,0,0,0.0,0.0,False,False,0,0,0.0,0.0
409828_2018-11-20_10-42-45_filtered_2026-04-09_04-58-44,2,33,0.16394999999999982,False,False,0,0,0.0,0.0,False,False,0,0,0.0,0.0,False,False,0,0,0.0,0.0,False,False,0,0,0.0,0.0,False,False,0,0,0.0,0.0,True,True,1,2,1.0,0.5
409828_2018-11-20_10-42-45_filtered_2026-04-09_04-58-44,2,34,0.16394999999999982,False,False,0,0,0.0,0.0,False,False,0,0,0.0,0.0,False,False,0,0,0.0,0.0,False,False,0,0,0.0,0.0,False,False,0,0,0.0,0.0,False,False,0,0,0.0,0.0
409828_2018-11-20_10-42-45_filtered_2026-04-09_04-58-44,2,35,0.16394999999999982,False,False,0,0,0.0,0.0,False,False,0,0,0.0,0.0,False,False,0,0,0.0,0.0,False,False,0,0,0.0,0.0,False,False,0,0,0.0,0.0,False,False,0,0,0.0,0.0
409828_2018-11-20_10-42-45_filtered_2026-04-09_04-58-44,2,36,0.16394999999999982,True,True,16,16,0.13043478260869565,0.14705882352941177,True,True,11,9,0.34782608695652173,0.21428571428571427,True,True,3,1,0.9726027397260274,1.0,True,True,5,3,0.2857142857142857,0.75,True,True,12,13,0.14285714285714285,0.2,True,True,1,1,1.0,1.0
409828_2018-11-20_10-42-45_filtered_2026-04-09_04-58-44,2,37,0.16394999999999982,False,False,0,0,0.0,0.0,False,False,0,0,0.0,0.0,False,False,0,0,0.0,0.0,False,False,0,0,0.0,0.0,False,False,0,0,0.0,0.0,False,False,0,0,0.0,0.0
409828_2018-11-20_10-42-45_filtered_2026-04-09_04-58-44,2,38,0.16394999999999982,False,False,0,0,0.0,0.0,False,False,0,0,0.0,0.0,False,False,0,0,0.0,0.0,False,False,0,0,0.0,0.0,False,False,0,0,0.0,0.0,False,False,0,0,0.0,0.0
409828_2018-11-20_10-42-45_filtered_2026-04-09_04-58-44,2,39,0.16394999999999982,False,False,0,0,0.0,0.0,False,False,0,0,0.0,0.0,False,False,0,0,0.0,0.0,False,False,0,0,0.0,0.0,False,False,0,0,0.0,0.0,False,False,0,0,0.0,0.0
409828_2018-11-20_10-42-45_filtered_2026-04-09_04-58-44,2,40,0.16394999999999982,True,True,7,5,0.25,0.2,True,True,14,13,0.17857142857142858,0.21052631578947367,True,True,8,13,0.3559322033898305,0.3958333333333333,True,False,1,0,1.0,0.0,True,True,5,4,0.4444444444444444,0.4,True,True,7,15,0.32,0.1388888888888889
409828_2018-11-20_10-42-45_filtered_2026-04-09_04-58-44,2,41,0.16394999999999982,False,False,0,0,0.0,0.0,False,False,0,0,0.0,0.0,False,False,0,0,0.0,0.0,False,False,0,0,0.0,0.0,False,False,0,0,0.0,0.0,False,False,0,0,0.0,0.0
409828_2018-11-20_10-42-45_filtered_2026-04-09_04-58-44,2,42,0.16394999999999982,False,False,0,0,0.0,0.0,False,False,0,0,0.0,0.0,False,False,0,0,0.0,0.0,False,False,0,0,0.0,0.0,False,False,0,0,0.0,0.0,False,False,0,0,0.0,0.0
409828_2018-11-20_10-42-45_filtered_2026-04-09_04-58-44,2,43,0.16394999999999982,False,False,0,0,0.0,0.0,False,False,0,0,0.0,0.0,False,False,0,0,0.0,0.0,False,False,0,0,0.0,0.0,False,False,0,0,0.0,0.0,False,False,0,0,0.0,0.0
409828_2018-11-20_10-42-45_filtered_2026-04-09_04-58-44,2,44,0.16394999999999982,False,False,0,0,0.0,0.0,False,False,0,0,0.0,0.0,False,False,0,0,0.0,0.0,False,False,0,0,0.0,0.0,False,False,0,0,0.0,0.0,False,False,0,0,0.0,0.0
409828_2018-11-20_10-42-45_filtered_2026-04-09_04-58-44,2,46,0.16394999999999982,True,False,1,0,1.0,0.0,True,True,8,6,0.125,0.2857142857142857,True,True,14,21,0.16,0.10714285714285714,True,False,1,0,1.0,0.0,True,True,1,1,1.0,1.0,True,True,7,7,0.4,0.25
409828_2018-11-20_10-42-45_filtered_2026-04-09_04-58-44,2,47,0.16394999999999982,False,False,0,0,0.0,0.0,False,False,0,0,0.0,0.0,False,False,0,0,0.0,0.0,False,False,0,0,0.0,0.0,False,False,0,0,0.0,0.0,False,False,0,0,0.0,0.0
409828_2018-11-20_10-42-45_filtered_2026-04-09_04-58-44,2,48,0.16394999999999982,False,False,0,0,0.0,0.0,False,False,0,0,0.0,0.0,False,False,0,0,0.0,0.0,False,False,0,0,0.0,0.0,False,False,0,0,0.0,0.0,False,False,0,0,0.0,0.0
409828_2018-11-20_10-42-45_filtered_2026-04-09_04-58-44,2,49,0.16394999999999982,False,False,0,0,0.0,0.0,False,False,0,0,0.0,0.0,False,False,0,0,0.0,0.0,False,False,0,0,0.0,0.0,False,False,0,0,0.0,0.0,False,False,0,0,0.0,0.0
409828_2018-11-20_10-42-45_filtered_2026-04-09_04-58-44,2,50,0.16394999999999982,False,False,0,0,0.0,0.0,False,False,0,0,0.0,0.0,False,False,0,0,0.0,0.0,False,False,0,0,0.0,0.0,False,False,0,0,0.0,0.0,False,False,0,0,0.0,0.0
409828_2018-11-20_10-42-45_filtered_2026-04-09_04-58-44,2,51,0.16394999999999982,False,False,0,0,0.0,0.0,False,False,0,0,0.0,0.0,False,False,0,0,0.0,0.0,False,False,0,0,0.0,0.0,False,False,0,0,0.0,0.0,False,False,0,0,0.0,0.0
409828_2018-11-20_10-42-45_filtered_2026-04-09_04-58-44,2,52,0.16394999999999982,False,False,0,0,0.0,0.0,False,False,0,0,0.0,0.0,False,False,0,0,0.0,0.0,False,False,0,0,0.0,0.0,False,False,0,0,0.0,0.0,False,False,0,0,0.0,0.0
409828_2018-11-20_10-42-45_filtered_2026-04-09_04-58-44,2,53,0.16394999999999982,False,False,0,0,0.0,0.0,False,False,0,0,0.0,0.0,False,False,0,0,0.0,0.0,False,False,0,0,0.0,0.0,False,False,0,0,0.0,0.0,False,False,0,0,0.0,0.0
409828_2018-11-20_10-42-45_filtered_2026-04-09_04-58-44,2,54,0.16394999999999982,False,False,0,0,0.0,0.0,False,False,0,0,0.0,0.0,False,False,0,0,0.0,0.0,False,False,0,0,0.0,0.0,False,True,0,1,0.0,1.0,False,False,0,0,0.0,0.0
409828_2018-11-20_10-42-45_filtered_2026-04-09_04-58-44,2,55,0.16394999999999982,False,False,0,0,0.0,0.0,False,False,0,0,0.0,0.0,False,False,0,0,0.0,0.0,False,False,0,0,0.0,0.0,False,False,0,0,0.0,0.0,False,False,0,0,0.0,0.0
409828_2018-11-20_10-42-45_filtered_2026-04-09_04-58-44,2,56,0.16394999999999982,False,False,0,0,0.0,0.0,False,False,0,0,0.0,0.0,False,False,0,0,0.0,0.0,False,False,0,0,0.0,0.0,False,False,0,0,0.0,0.0,False,False,0,0,0.0,0.0
409828_2018-11-20_10-42-45_filtered_2026-04-09_04-58-44,2,57,0.16394999999999982,False,False,0,0,0.0,0.0,False,False,0,0,0.0,0.0,False,False,0,0,0.0,0.0,False,False,0,0,0.0,0.0,False,False,0,0,0.0,0.0,False,False,0,0,0.0,0.0
409828_2018-11-20_10-42-45_filtered_2026-04-09_04-58-44,2,58,0.16394999999999982,False,False,0,0,0.0,0.0,True,False,1,0,1.0,0.0,False,False,0,0,0.0,0.0,False,False,0,0,0.0,0.0,False,False,0,0,0.0,0.0,False,False,0,0,0.0,0.0
409828_2018-11-20_10-42-45_filtered_2026-04-09_04-58-44,2,59,0.16394999999999982,False,False,0,0,0.0,0.0,False,False,0,0,0.0,0.0,False,True,0,2,0.0,0.5,False,False,0,0,0.0,0.0,False,True,0,1,0.0,1.0,False,True,0,2,0.0,0.5
409828_2018-11-20_10-42-45_filtered_2026-04-09_04-58-44,2,60,0.16394999999999982,False,False,0,0,0.0,0.0,False,False,0,0,0.0,0.0,False,False,0,0,0.0,0.0,False,False,0,0,0.0,0.0,False,False,0,0,0.0,0.0,False,False,0,0,0.0,0.0
409828_2018-11-20_10-42-45_filtered_2026-04-09_04-58-44,2,61,0.16394999999999982,False,False,0,0,0.0,0.0,False,False,0,0,0.0,0.0,False,False,0,0,0.0,0.0,False,False,0,0,0.0,0.0,False,False,0,0,0.0,0.0,False,False,0,0,0.0,0.0
409828_2018-11-20_10-42-45_filtered_2026-04-09_04-58-44,2,62,0.16394999999999982,False,False,0,0,0.0,0.0,False,False,0,0,0.0,0.0,True,False,1,0,1.0,0.0,False,False,0,0,0.0,0.0,False,False,0,0,0.0,0.0,False,False,0,0,0.0,0.0
409828_2018-11-20_10-42-45_filtered_2026-04-09_04-58-44,2,63,0.16394999999999982,False,False,0,0,0.0,0.0,False,True,0,1,0.0,1.0,False,True,0,1,0.0,1.0,False,True,0,1,0.0,1.0,False,True,0,1,0.0,1.0,False,True,0,1,0.0,1.0
409828_2018-11-20_10-42-45_filtered_2026-04-09_04-58-44,2,64,0.16394999999999982,False,False,0,0,0.0,0.0,False,False,0,0,0.0,0.0,False,False,0,0,0.0,0.0,False,False,0,0,0.0,0.0,False,False,0,0,0.0,0.0,True,False,1,0,1.0,0.0
409828_2018-11-20_10-42-45_filtered_2026-04-09_04-58-44,2,65,0.16394999999999982,False,False,0,0,0.0,0.0,False,False,0,0,0.0,0.0,False,False,0,0,0.0,0.0,False,False,0,0,0.0,0.0,False,False,0,0,0.0,0.0,False,False,0,0,0.0,0.0
409828_2018-11-20_10-42-45_filtered_2026-04-09_04-58-44,2,67,0.16394999999999982,False,False,0,0,0.0,0.0,False,False,0,0,0.0,0.0,False,False,0,0,0.0,0.0,False,False,0,0,0.0,0.0,False,False,0,0,0.0,0.0,False,False,0,0,0.0,0.0
409828_2018-11-20_10-42-45_filtered_2026-04-09_04-58-44,2,69,0.16394999999999982,False,False,0,0,0.0,0.0,False,False,0,0,0.0,0.0,False,False,0,0,0.0,0.0,False,False,0,0,0.0,0.0,False,False,0,0,0.0,0.0,False,False,0,0,0.0,0.0
409828_2018-11-20_10-42-45_filtered_2026-04-09_04-58-44,2,71,0.16394999999999982,True,True,2,2,0.5,0.5,True,True,12,10,0.2,0.375,True,True,14,18,0.24242424242424243,0.25,False,False,0,0,0.0,0.0,True,True,4,2,0.25,0.75,True,True,11,9,0.23809523809523808,0.2777777777777778
409828_2018-11-20_10-42-45_filtered_2026-04-09_04-58-44,2,72,0.16394999999999982,False,False,0,0,0.0,0.0,False,False,0,0,0.0,0.0,False,False,0,0,0.0,0.0,False,False,0,0,0.0,0.0,False,False,0,0,0.0,0.0,False,False,0,0,0.0,0.0
409828_2018-11-20_10-42-45_filtered_2026-04-09_04-58-44,2,73,0.16394999999999982,False,False,0,0,0.0,0.0,False,False,0,0,0.0,0.0,False,False,0,0,0.0,0.0,False,False,0,0,0.0,0.0,False,False,0,0,0.0,0.0,False,False,0,0,0.0,0.0
409828_2018-11-20_10-42-45_filtered_2026-04-09_04-58-44,2,74,0.16394999999999982,False,False,0,0,0.0,0.0,False,False,0,0,0.0,0.0,False,False,0,0,0.0,0.0,False,False,0,0,0.0,0.0,False,False,0,0,0.0,0.0,False,False,0,0,0.0,0.0
409828_2018-11-20_10-42-45_filtered_2026-04-09_04-58-44,2,75,0.16394999999999982,False,False,0,0,0.0,0.0,False,False,0,0,0.0,0.0,False,False,0,0,0.0,0.0,False,False,0,0,0.0,0.0,False,False,0,0,0.0,0.0,False,False,0,0,0.0,0.0
409828_2018-11-20_10-42-45_filtered_2026-04-09_04-58-44,2,76,0.16394999999999982,False,False,0,0,0.0,0.0,False,True,0,2,0.0,0.5,True,True,3,3,0.5,0.6666666666666666,False,True,0,1,0.0,1.0,False,True,0,1,0.0,1.0,True,True,1,1,1.0,1.0
409828_2018-11-20_10-42-45_filtered_2026-04-09_04-58-44,2,85,0.16394999999999982,False,False,0,0,0.0,0.0,False,False,0,0,0.0,0.0,False,False,0,0,0.0,0.0,False,False,0,0,0.0,0.0,False,False,0,0,0.0,0.0,False,False,0,0,0.0,0.0
409828_2018-11-20_10-42-45_filtered_2026-04-09_04-58-44,2,87,0.16394999999999982,False,False,0,0,0.0,0.0,False,False,0,0,0.0,0.0,False,True,0,1,0.0,1.0,False,False,0,0,0.0,0.0,False,True,0,1,0.0,1.0,True,True,1,2,1.0,0.8
409828_2018-11-20_10-42-45_filtered_2026-04-09_04-58-44,2,91,0.16394999999999982,True,True,1,1,1.0,1.0,True,True,5,5,0.3333333333333333,0.2,True,True,6,8,0.4444444444444444,0.3,False,False,0,0,0.0,0.0,True,True,1,1,1.0,1.0,True,True,8,7,0.3333333333333333,0.25
409828_2018-11-20_10-42-45_filtered_2026-04-09_04-58-44,2,97,0.16394999999999982,False,False,0,0,0.0,0.0,False,True,0,1,0.0,1.0,True,False,1,0,1.0,0.0,False,False,0,0,0.0,0.0,True,False,1,0,1.0,0.0,False,False,0,0,0.0,0.0
409828_2018-11-20_10-42-45_filtered_2026-04-09_04-58-44,2,102,0.16394999999999982,False,False,0,0,0.0,0.0,False,False,0,0,0.0,0.0,False,False,0,0,0.0,0.0,False,False,0,0,0.0,0.0,False,False,0,0,0.0,0.0,False,False,0,0,0.0,0.0
409828_2018-11-20_10-42-45_filtered_2026-04-09_04-58-44,2,104,0.16394999999999982,False,False,0,0,0.0,0.0,False,False,0,0,0.0,0.0,False,False,0,0,0.0,0.0,False,False,0,0,0.0,0.0,False,False,0,0,0.0,0.0,False,False,0,0,0.0,0.0
409828_2018-11-20_10-42-45_filtered_2026-04-09_04-58-44,2,106,0.16394999999999982,False,False,0,0,0.0,0.0,False,False,0,0,0.0,0.0,False,False,0,0,0.0,0.0,False,False,0,0,0.0,0.0,False,False,0,0,0.0,0.0,False,False,0,0,0.0,0.0
409828_2018-11-20_10-42-45_filtered_2026-04-09_04-58-44,2,111,0.16394999999999982,False,False,0,0,0.0,0.0,False,False,0,0,0.0,0.0,False,False,0,0,0.0,0.0,False,False,0,0,0.0,0.0,False,False,0,0,0.0,0.0,False,False,0,0,0.0,0.0
409828_2018-11-20_10-42-45_filtered_2026-04-09_04-58-44,2,114,0.16394999999999982,False,False,0,0,0.0,0.0,False,False,0,0,0.0,0.0,False,False,0,0,0.0,0.0,False,False,0,0,0.0,0.0,False,False,0,0,0.0,0.0,False,False,0,0,0.0,0.0
409828_2018-11-20_10-42-45_filtered_2026-04-09_04-58-44,2,121,0.16394999999999982,False,False,0,0,0.0,0.0,False,False,0,0,0.0,0.0,False,False,0,0,0.0,0.0,False,False,0,0,0.0,0.0,False,False,0,0,0.0,0.0,False,False,0,0,0.0,0.0
409828_2018-11-20_10-42-45_filtered_2026-04-09_04-58-44,2,130,0.16394999999999982,True,False,1,0,1.0,0.0,False,False,0,0,0.0,0.0,True,True,5,3,0.3333333333333333,0.3333333333333333,False,False,0,0,0.0,0.0,True,True,2,1,0.6666666666666666,1.0,True,True,3,2,0.3333333333333333,0.6666666666666666
409828_2018-11-20_10-42-45_filtered_2026-04-09_04-58-44,2,147,0.16394999999999982,False,False,0,0,0.0,0.0,False,False,0,0,0.0,0.0,False,False,0,0,0.0,0.0,False,False,0,0,0.0,0.0,False,False,0,0,0.0,0.0,False,False,0,0,0.0,0.0
409828_2018-11-20_10-42-45_filtered_2026-04-09_04-58-44,2,161,0.16394999999999982,False,False,0,0,0.0,0.0,False,False,0,0,0.0,0.0,False,False,0,0,0.0,0.0,False,False,0,0,0.0,0.0,False,False,0,0,0.0,0.0,False,False,0,0,0.0,0.0
409828_2018-11-20_10-42-45_filtered_2026-04-09_04-58-44,2,211,0.16394999999999982,False,False,0,0,0.0,0.0,False,False,0,0,0.0,0.0,False,False,0,0,0.0,0.0,False,False,0,0,0.0,0.0,False,False,0,0,0.0,0.0,False,False,0,0,0.0,0.0
409828_2018-11-20_10-42-45_filtered_2026-04-09_04-58-44,2,215,0.16394999999999982,False,False,0,0,0.0,0.0,False,False,0,0,0.0,0.0,False,False,0,0,0.0,0.0,False,False,0,0,0.0,0.0,False,False,0,0,0.0,0.0,False,False,0,0,0.0,0.0
409828_2018-11-20_10-42-45_filtered_2026-04-09_04-58-44,2,249,0.16394999999999982,False,False,0,0,0.0,0.0,False,False,0,0,0.0,0.0,False,True,0,1,0.0,1.0,False,False,0,0,0.0,0.0,False,False,0,0,0.0,0.0,False,False,0,0,0.0,0.0
409828_2018-11-20_10-42-45_filtered_2026-04-09_04-58-44,3,0,0.16394999999999982,False,False,0,0,0.0,0.0,False,False,0,0,0.0,0.0,False,False,0,0,0.0,0.0,False,False,0,0,0.0,0.0,False,False,0,0,0.0,0.0,False,False,0,0,0.0,0.0
409828_2018-11-20_10-42-45_filtered_2026-04-09_04-58-44,3,1,0.16394999999999982,False,False,0,0,0.0,0.0,False,False,0,0,0.0,0.0,False,False,0,0,0.0,0.0,False,False,0,0,0.0,0.0,False,False,0,0,0.0,0.0,False,False,0,0,0.0,0.0
409828_2018-11-20_10-42-45_filtered_2026-04-09_04-58-44,3,2,0.16394999999999982,False,False,0,0,0.0,0.0,False,False,0,0,0.0,0.0,False,False,0,0,0.0,0.0,False,False,0,0,0.0,0.0,False,False,0,0,0.0,0.0,False,False,0,0,0.0,0.0
409828_2018-11-20_10-42-45_filtered_2026-04-09_04-58-44,3,3,0.16394999999999982,False,False,0,0,0.0,0.0,False,False,0,0,0.0,0.0,False,False,0,0,0.0,0.0,False,False,0,0,0.0,0.0,False,False,0,0,0.0,0.0,False,False,0,0,0.0,0.0
409828_2018-11-20_10-42-45_filtered_2026-04-09_04-58-44,3,4,0.16394999999999982,False,False,0,0,0.0,0.0,False,False,0,0,0.0,0.0,False,False,0,0,0.0,0.0,False,False,0,0,0.0,0.0,False,False,0,0,0.0,0.0,False,False,0,0,0.0,0.0
409828_2018-11-20_10-42-45_filtered_2026-04-09_04-58-44,3,5,0.16394999999999982,False,False,0,0,0.0,0.0,False,True,0,1,0.0,1.0,True,True,3,2,0.3333333333333333,0.5,False,False,0,0,0.0,0.0,True,True,1,1,1.0,1.0,True,True,1,3,1.0,0.3333333333333333
409828_2018-11-20_10-42-45_filtered_2026-04-09_04-58-44,3,6,0.16394999999999982,False,False,0,0,0.0,0.0,False,False,0,0,0.0,0.0,False,False,0,0,0.0,0.0,False,False,0,0,0.0,0.0,False,False,0,0,0.0,0.0,False,False,0,0,0.0,0.0
409828_2018-11-20_10-42-45_filtered_2026-04-09_04-58-44,3,7,0.16394999999999982,True,True,13,10,0.15,0.26666666666666666,True,True,10,11,0.4090909090909091,0.5555555555555556,True,True,3,4,0.6666666666666666,0.918918918918919,True,True,7,6,0.2222222222222222,0.375,True,True,11,13,0.32,0.4915254237288136,True,True,1,1,1.0,1.0
409828_2018-11-20_10-42-45_filtered_2026-04-09_04-58-44,3,8,0.16394999999999982,False,False,0,0,0.0,0.0,False,False,0,0,0.0,0.0,False,False,0,0,0.0,0.0,False,False,0,0,0.0,0.0,False,False,0,0,0.0,0.0,False,False,0,0,0.0,0.0
409828_2018-11-20_10-42-45_filtered_2026-04-09_04-58-44,3,9,0.16394999999999982,False,False,0,0,0.0,0.0,False,False,0,0,0.0,0.0,False,False,0,0,0.0,0.0,False,False,0,0,0.0,0.0,False,False,0,0,0.0,0.0,False,False,0,0,0.0,0.0
409828_2018-11-20_10-42-45_filtered_2026-04-09_04-58-44,3,10,0.16394999999999982,False,False,0,0,0.0,0.0,False,False,0,0,0.0,0.0,False,False,0,0,0.0,0.0,False,False,0,0,0.0,0.0,False,False,0,0,0.0,0.0,False,False,0,0,0.0,0.0
409828_2018-11-20_10-42-45_filtered_2026-04-09_04-58-44,3,11,0.16394999999999982,False,False,0,0,0.0,0.0,False,False,0,0,0.0,0.0,False,False,0,0,0.0,0.0,False,False,0,0,0.0,0.0,False,False,0,0,0.0,0.0,False,False,0,0,0.0,0.0
409828_2018-11-20_10-42-45_filtered_2026-04-09_04-58-44,3,12,0.16394999999999982,False,False,0,0,0.0,0.0,False,False,0,0,0.0,0.0,False,False,0,0,0.0,0.0,False,False,0,0,0.0,0.0,True,False,1,0,1.0,0.0,False,False,0,0,0.0,0.0
409828_2018-11-20_10-42-45_filtered_2026-04-09_04-58-44,3,13,0.16394999999999982,False,False,0,0,0.0,0.0,False,False,0,0,0.0,0.0,False,False,0,0,0.0,0.0,False,False,0,0,0.0,0.0,False,False,0,0,0.0,0.0,False,False,0,0,0.0,0.0
409828_2018-11-20_10-42-45_filtered_2026-04-09_04-58-44,3,14,0.16394999999999982,False,False,0,0,0.0,0.0,False,True,0,1,0.0,1.0,False,False,0,0,0.0,0.0,False,False,0,0,0.0,0.0,False,False,0,0,0.0,0.0,False,False,0,0,0.0,0.0
409828_2018-11-20_10-42-45_filtered_2026-04-09_04-58-44,3,16,0.16394999999999982,False,False,0,0,0.0,0.0,False,False,0,0,0.0,0.0,False,False,0,0,0.0,0.0,False,False,0,0,0.0,0.0,False,False,0,0,0.0,0.0,False,False,0,0,0.0,0.0
409828_2018-11-20_10-42-45_filtered_2026-04-09_04-58-44,3,17,0.16394999999999982,False,False,0,0,0.0,0.0,False,False,0,0,0.0,0.0,False,False,0,0,0.0,0.0,False,False,0,0,0.0,0.0,False,False,0,0,0.0,0.0,False,False,0,0,0.0,0.0
409828_2018-11-20_10-42-45_filtered_2026-04-09_04-58-44,3,18,0.16394999999999982,False,False,0,0,0.0,0.0,False,False,0,0,0.0,0.0,False,False,0,0,0.0,0.0,False,False,0,0,0.0,0.0,False,False,0,0,0.0,0.0,False,False,0,0,0.0,0.0
409828_2018-11-20_10-42-45_filtered_2026-04-09_04-58-44,3,19,0.16394999999999982,False,False,0,0,0.0,0.0,False,False,0,0,0.0,0.0,False,False,0,0,0.0,0.0,False,False,0,0,0.0,0.0,False,False,0,0,0.0,0.0,False,False,0,0,0.0,0.0
409828_2018-11-20_10-42-45_filtered_2026-04-09_04-58-44,3,20,0.16394999999999982,False,False,0,0,0.0,0.0,False,False,0,0,0.0,0.0,False,False,0,0,0.0,0.0,False,False,0,0,0.0,0.0,False,False,0,0,0.0,0.0,False,False,0,0,0.0,0.0
409828_2018-11-20_10-42-45_filtered_2026-04-09_04-58-44,3,21,0.16394999999999982,False,False,0,0,0.0,0.0,False,False,0,0,0.0,0.0,False,False,0,0,0.0,0.0,False,False,0,0,0.0,0.0,False,False,0,0,0.0,0.0,False,False,0,0,0.0,0.0
409828_2018-11-20_10-42-45_filtered_2026-04-09_04-58-44,3,22,0.16394999999999982,False,False,0,0,0.0,0.0,False,False,0,0,0.0,0.0,False,True,0,1,0.0,1.0,False,False,0,0,0.0,0.0,False,False,0,0,0.0,0.0,False,False,0,0,0.0,0.0
409828_2018-11-20_10-42-45_filtered_2026-04-09_04-58-44,3,23,0.16394999999999982,False,False,0,0,0.0,0.0,False,False,0,0,0.0,0.0,False,False,0,0,0.0,0.0,False,False,0,0,0.0,0.0,False,False,0,0,0.0,0.0,False,False,0,0,0.0,0.0
409828_2018-11-20_10-42-45_filtered_2026-04-09_04-58-44,3,24,0.16394999999999982,False,False,0,0,0.0,0.0,False,True,0,1,0.0,1.0,False,False,0,0,0.0,0.0,False,False,0,0,0.0,0.0,False,False,0,0,0.0,0.0,False,False,0,0,0.0,0.0
409828_2018-11-20_10-42-45_filtered_2026-04-09_04-58-44,3,25,0.16394999999999982,False,False,0,0,0.0,0.0,False,False,0,0,0.0,0.0,False,False,0,0,0.0,0.0,False,False,0,0,0.0,0.0,False,False,0,0,0.0,0.0,False,False,0,0,0.0,0.0
409828_2018-11-20_10-42-45_filtered_2026-04-09_04-58-44,3,26,0.16394999999999982,False,False,0,0,0.0,0.0,False,False,0,0,0.0,0.0,False,False,0,0,0.0,0.0,False,False,0,0,0.0,0.0,False,False,0,0,0.0,0.0,False,False,0,0,0.0,0.0
409828_2018-11-20_10-42-45_filtered_2026-04-09_04-58-44,3,27,0.16394999999999982,False,False,0,0,0.0,0.0,True,False,1,0,1.0,0.0,False,True,0,1,0.0,1.0,False,False,0,0,0.0,0.0,False,False,0,0,0.0,0.0,False,False,0,0,0.0,0.0
409828_2018-11-20_10-42-45_filtered_2026-04-09_04-58-44,3,28,0.16394999999999982,False,False,0,0,0.0,0.0,False,False,0,0,0.0,0.0,False,False,0,0,0.0,0.0,False,False,0,0,0.0,0.0,False,False,0,0,0.0,0.0,True,False,1,0,1.0,0.0
409828_2018-11-20_10-42-45_filtered_2026-04-09_04-58-44,3,29,0.16394999999999982,False,False,0,0,0.0,0.0,False,False,0,0,0.0,0.0,False,False,0,0,0.0,0.0,False,False,0,0,0.0,0.0,False,False,0,0,0.0,0.0,False,False,0,0,0.0,0.0
409828_2018-11-20_10-42-45_filtered_2026-04-09_04-58-44,3,30,0.16394999999999982,False,False,0,0,0.0,0.0,False,False,0,0,0.0,0.0,False,False,0,0,0.0,0.0,False,False,0,0,0.0,0.0,False,False,0,0,0.0,0.0,False,False,0,0,0.0,0.0
409828_2018-11-20_10-42-45_filtered_2026-04-09_04-58-44,3,31,0.16394999999999982,False,False,0,0,0.0,0.0,False,False,0,0,0.0,0.0,False,False,0,0,0.0,0.0,False,False,0,0,0.0,0.0,False,False,0,0,0.0,0.0,False,False,0,0,0.0,0.0
409828_2018-11-20_10-42-45_filtered_2026-04-09_04-58-44,3,32,0.16394999999999982,False,False,0,0,0.0,0.0,False,False,0,0,0.0,0.0,False,False,0,0,0.0,0.0,False,False,0,0,0.0,0.0,False,False,0,0,0.0,0.0,False,False,0,0,0.0,0.0
409828_2018-11-20_10-42-45_filtered_2026-04-09_04-58-44,3,33,0.16394999999999982,False,False,0,0,0.0,0.0,False,False,0,0,0.0,0.0,False,False,0,0,0.0,0.0,False,False,0,0,0.0,0.0,False,False,0,0,0.0,0.0,False,False,0,0,0.0,0.0
409828_2018-11-20_10-42-45_filtered_2026-04-09_04-58-44,3,34,0.16394999999999982,False,False,0,0,0.0,0.0,False,False,0,0,0.0,0.0,False,False,0,0,0.0,0.0,False,False,0,0,0.0,0.0,False,False,0,0,0.0,0.0,False,False,0,0,0.0,0.0
409828_2018-11-20_10-42-45_filtered_2026-04-09_04-58-44,3,35,0.16394999999999982,False,False,0,0,0.0,0.0,False,False,0,0,0.0,0.0,False,False,0,0,0.0,0.0,False,False,0,0,0.0,0.0,False,False,0,0,0.0,0.0,False,False,0,0,0.0,0.0
409828_2018-11-20_10-42-45_filtered_2026-04-09_04-58-44,3,36,0.16394999999999982,False,False,0,0,0.0,0.0,False,False,0,0,0.0,0.0,False,False,0,0,0.0,0.0,False,False,0,0,0.0,0.0,False,False,0,0,0.0,0.0,False,False,0,0,0.0,0.0
409828_2018-11-20_10-42-45_filtered_2026-04-09_04-58-44,3,37,0.16394999999999982,False,False,0,0,0.0,0.0,False,False,0,0,0.0,0.0,False,False,0,0,0.0,0.0,False,False,0,0,0.0,0.0,False,False,0,0,0.0,0.0,False,False,0,0,0.0,0.0
409828_2018-11-20_10-42-45_filtered_2026-04-09_04-58-44,3,38,0.16394999999999982,False,False,0,0,0.0,0.0,False,False,0,0,0.0,0.0,False,False,0,0,0.0,0.0,False,False,0,0,0.0,0.0,False,False,0,0,0.0,0.0,False,False,0,0,0.0,0.0
409828_2018-11-20_10-42-45_filtered_2026-04-09_04-58-44,3,39,0.16394999999999982,False,False,0,0,0.0,0.0,False,False,0,0,0.0,0.0,False,False,0,0,0.0,0.0,False,False,0,0,0.0,0.0,False,False,0,0,0.0,0.0,False,False,0,0,0.0,0.0
409828_2018-11-20_10-42-45_filtered_2026-04-09_04-58-44,3,40,0.16394999999999982,False,False,0,0,0.0,0.0,False,False,0,0,0.0,0.0,False,False,0,0,0.0,0.0,False,False,0,0,0.0,0.0,False,False,0,0,0.0,0.0,False,False,0,0,0.0,0.0
409828_2018-11-20_10-42-45_filtered_2026-04-09_04-58-44,3,42,0.16394999999999982,False,False,0,0,0.0,0.0,False,False,0,0,0.0,0.0,False,False,0,0,0.0,0.0,False,False,0,0,0.0,0.0,False,False,0,0,0.0,0.0,False,False,0,0,0.0,0.0
409828_2018-11-20_10-42-45_filtered_2026-04-09_04-58-44,3,43,0.16394999999999982,False,False,0,0,0.0,0.0,False,False,0,0,0.0,0.0,False,False,0,0,0.0,0.0,False,False,0,0,0.0,0.0,False,False,0,0,0.0,0.0,False,False,0,0,0.0,0.0
409828_2018-11-20_10-42-45_filtered_2026-04-09_04-58-44,3,44,0.16394999999999982,False,False,0,0,0.0,0.0,False,False,0,0,0.0,0.0,False,False,0,0,0.0,0.0,False,False,0,0,0.0,0.0,False,False,0,0,0.0,0.0,False,False,0,0,0.0,0.0
409828_2018-11-20_10-42-45_filtered_2026-04-09_04-58-44,3,45,0.16394999999999982,True,True,8,6,0.2,0.2857142857142857,True,True,15,19,0.15555555555555556,0.13157894736842105,True,True,11,17,0.3898305084745763,0.1836734693877551,True,False,2,0,0.5,0.0,True,True,7,6,0.3,0.375,True,True,12,9,0.3508771929824561,0.23529411764705882
409828_2018-11-20_10-42-45_filtered_2026-04-09_04-58-44,3,46,0.16394999999999982,False,False,0,0,0.0,0.0,False,False,0,0,0.0,0.0,False,False,0,0,0.0,0.0,False,False,0,0,0.0,0.0,False,False,0,0,0.0,0.0,False,False,0,0,0.0,0.0
409828_2018-11-20_10-42-45_filtered_2026-04-09_04-58-44,3,47,0.16394999999999982,False,False,0,0,0.0,0.0,False,False,0,0,0.0,0.0,False,False,0,0,0.0,0.0,False,False,0,0,0.0,0.0,False,False,0,0,0.0,0.0,False,False,0,0,0.0,0.0
409828_2018-11-20_10-42-45_filtered_2026-04-09_04-58-44,3,48,0.16394999999999982,False,False,0,0,0.0,0.0,False,False,0,0,0.0,0.0,False,False,0,0,0.0,0.0,False,False,0,0,0.0,0.0,False,False,0,0,0.0,0.0,False,False,0,0,0.0,0.0
409828_2018-11-20_10-42-45_filtered_2026-04-09_04-58-44,3,49,0.16394999999999982,False,False,0,0,0.0,0.0,False,False,0,0,0.0,0.0,False,False,0,0,0.0,0.0,False,False,0,0,0.0,0.0,False,False,0,0,0.0,0.0,False,False,0,0,0.0,0.0
409828_2018-11-20_10-42-45_filtered_2026-04-09_04-58-44,3,51,0.16394999999999982,False,False,0,0,0.0,0.0,False,False,0,0,0.0,0.0,False,False,0,0,0.0,0.0,False,False,0,0,0.0,0.0,False,False,0,0,0.0,0.0,False,False,0,0,0.0,0.0
409828_2018-11-20_10-42-45_filtered_2026-04-09_04-58-44,3,52,0.16394999999999982,False,False,0,0,0.0,0.0,False,False,0,0,0.0,0.0,False,False,0,0,0.0,0.0,False,False,0,0,0.0,0.0,False,False,0,0,0.0,0.0,False,False,0,0,0.0,0.0
409828_2018-11-20_10-42-45_filtered_2026-04-09_04-58-44,3,53,0.16394999999999982,False,True,0,1,0.0,1.0,True,True,4,2,0.25,0.5,True,True,5,4,0.5,0.4,True,False,1,0,1.0,0.0,True,False,2,0,0.75,0.0,True,False,1,0,1.0,0.0
409828_2018-11-20_10-42-45_filtered_2026-04-09_04-58-44,3,54,0.16394999999999982,False,False,0,0,0.0,0.0,False,False,0,0,0.0,0.0,False,False,0,0,0.0,0.0,False,False,0,0,0.0,0.0,False,False,0,0,0.0,0.0,False,False,0,0,0.0,0.0
409828_2018-11-20_10-42-45_filtered_2026-04-09_04-58-44,3,55,0.16394999999999982,False,False,0,0,0.0,0.0,False,False,0,0,0.0,0.0,False,False,0,0,0.0,0.0,False,False,0,0,0.0,0.0,False,False,0,0,0.0,0.0,False,False,0,0,0.0,0.0
409828_2018-11-20_10-42-45_filtered_2026-04-09_04-58-44,3,56,0.16394999999999982,False,False,0,0,0.0,0.0,False,False,0,0,0.0,0.0,False,False,0,0,0.0,0.0,False,False,0,0,0.0,0.0,False,False,0,0,0.0,0.0,False,False,0,0,0.0,0.0
409828_2018-11-20_10-42-45_filtered_2026-04-09_04-58-44,3,57,0.16394999999999982,False,False,0,0,0.0,0.0,False,False,0,0,0.0,0.0,False,False,0,0,0.0,0.0,False,False,0,0,0.0,0.0,False,False,0,0,0.0,0.0,False,False,0,0,0.0,0.0
409828_2018-11-20_10-42-45_filtered_2026-04-09_04-58-44,3,58,0.16394999999999982,False,False,0,0,0.0,0.0,False,False,0,0,0.0,0.0,False,False,0,0,0.0,0.0,False,False,0,0,0.0,0.0,False,False,0,0,0.0,0.0,False,False,0,0,0.0,0.0
409828_2018-11-20_10-42-45_filtered_2026-04-09_04-58-44,3,59,0.16394999999999982,False,False,0,0,0.0,0.0,False,False,0,0,0.0,0.0,False,False,0,0,0.0,0.0,False,False,0,0,0.0,0.0,False,False,0,0,0.0,0.0,False,False,0,0,0.0,0.0
409828_2018-11-20_10-42-45_filtered_2026-04-09_04-58-44,3,61,0.16394999999999982,False,False,0,0,0.0,0.0,False,False,0,0,0.0,0.0,False,False,0,0,0.0,0.0,False,False,0,0,0.0,0.0,False,False,0,0,0.0,0.0,False,False,0,0,0.0,0.0
409828_2018-11-20_10-42-45_filtered_2026-04-09_04-58-44,3,63,0.16394999999999982,False,False,0,0,0.0,0.0,False,False,0,0,0.0,0.0,False,False,0,0,0.0,0.0,False,False,0,0,0.0,0.0,False,False,0,0,0.0,0.0,False,False,0,0,0.0,0.0
409828_2018-11-20_10-42-45_filtered_2026-04-09_04-58-44,3,64,0.16394999999999982,False,False,0,0,0.0,0.0,True,True,2,1,0.5,1.0,True,True,5,7,0.6,0.14285714285714285,False,False,0,0,0.0,0.0,True,False,3,0,0.3333333333333333,0.0,True,True,5,1,0.2,1.0
409828_2018-11-20_10-42-45_filtered_2026-04-09_04-58-44,3,66,0.16394999999999982,False,False,0,0,0.0,0.0,False,False,0,0,0.0,0.0,False,False,0,0,0.0,0.0,False,False,0,0,0.0,0.0,False,False,0,0,0.0,0.0,False,False,0,0,0.0,0.0
409828_2018-11-20_10-42-45_filtered_2026-04-09_04-58-44,3,67,0.16394999999999982,False,False,0,0,0.0,0.0,False,False,0,0,0.0,0.0,False,False,0,0,0.0,0.0,False,False,0,0,0.0,0.0,False,False,0,0,0.0,0.0,False,False,0,0,0.0,0.0
409828_2018-11-20_10-42-45_filtered_2026-04-09_04-58-44,3,68,0.16394999999999982,True,True,9,11,0.38461538461538464,0.16666666666666666,True,True,12,13,0.21428571428571427,0.20833333333333334,True,True,10,11,0.5283018867924528,0.3125,True,False,1,0,1.0,0.0,True,True,8,5,0.4166666666666667,0.3333333333333333,True,True,11,12,0.5178571428571429,0.3111111111111111
409828_2018-11-20_10-42-45_filtered_2026-04-09_04-58-44,3,69,0.16394999999999982,False,False,0,0,0.0,0.0,False,False,0,0,0.0,0.0,False,False,0,0,0.0,0.0,False,False,0,0,0.0,0.0,False,False,0,0,0.0,0.0,False,False,0,0,0.0,0.0
409828_2018-11-20_10-42-45_filtered_2026-04-09_04-58-44,3,71,0.16394999999999982,False,False,0,0,0.0,0.0,False,False,0,0,0.0,0.0,False,False,0,0,0.0,0.0,False,False,0,0,0.0,0.0,False,False,0,0,0.0,0.0,False,False,0,0,0.0,0.0
409828_2018-11-20_10-42-45_filtered_2026-04-09_04-58-44,3,74,0.16394999999999982,False,False,0,0,0.0,0.0,False,False,0,0,0.0,0.0,False,False,0,0,0.0,0.0,False,False,0,0,0.0,0.0,False,False,0,0,0.0,0.0,False,False,0,0,0.0,0.0
409828_2018-11-20_10-42-45_filtered_2026-04-09_04-58-44,3,75,0.16394999999999982,False,False,0,0,0.0,0.0,False,False,0,0,0.0,0.0,False,False,0,0,0.0,0.0,False,False,0,0,0.0,0.0,False,False,0,0,0.0,0.0,False,False,0,0,0.0,0.0
409828_2018-11-20_10-42-45_filtered_2026-04-09_04-58-44,3,77,0.16394999999999982,False,False,0,0,0.0,0.0,False,False,0,0,0.0,0.0,False,False,0,0,0.0,0.0,False,False,0,0,0.0,0.0,False,False,0,0,0.0,0.0,False,False,0,0,0.0,0.0
409828_2018-11-20_10-42-45_filtered_2026-04-09_04-58-44,3,78,0.16394999999999982,False,False,0,0,0.0,0.0,False,False,0,0,0.0,0.0,False,False,0,0,0.0,0.0,False,False,0,0,0.0,0.0,False,False,0,0,0.0,0.0,False,False,0,0,0.0,0.0
409828_2018-11-20_10-42-45_filtered_2026-04-09_04-58-44,3,79,0.16394999999999982,True,True,2,4,0.5,0.4,True,True,11,16,0.2727272727272727,0.23809523809523808,True,True,10,15,0.2641509433962264,0.20833333333333334,False,True,0,2,0.0,0.5,True,True,4,3,0.3333333333333333,0.5714285714285714,True,True,12,9,0.35555555555555557,0.25
409828_2018-11-20_10-42-45_filtered_2026-04-09_04-58-44,3,80,0.16394999999999982,False,False,0,0,0.0,0.0,False,False,0,0,0.0,0.0,False,False,0,0,0.0,0.0,False,False,0,0,0.0,0.0,False,False,0,0,0.0,0.0,False,False,0,0,0.0,0.0
409828_2018-11-20_10-42-45_filtered_2026-04-09_04-58-44,3,81,0.16394999999999982,False,False,0,0,0.0,0.0,False,False,0,0,0.0,0.0,False,False,0,0,0.0,0.0,False,False,0,0,0.0,0.0,False,False,0,0,0.0,0.0,False,False,0,0,0.0,0.0
409828_2018-11-20_10-42-45_filtered_2026-04-09_04-58-44,3,82,0.16394999999999982,False,False,0,0,0.0,0.0,True,False,1,0,1.0,0.0,False,False,0,0,0.0,0.0,False,False,0,0,0.0,0.0,False,False,0,0,0.0,0.0,False,False,0,0,0.0,0.0
409828_2018-11-20_10-42-45_filtered_2026-04-09_04-58-44,3,83,0.16394999999999982,False,False,0,0,0.0,0.0,False,False,0,0,0.0,0.0,False,False,0,0,0.0,0.0,False,False,0,0,0.0,0.0,False,False,0,0,0.0,0.0,False,False,0,0,0.0,0.0
409828_2018-11-20_10-42-45_filtered_2026-04-09_04-58-44,3,85,0.16394999999999982,False,False,0,0,0.0,0.0,False,False,0,0,0.0,0.0,False,False,0,0,0.0,0.0,False,False,0,0,0.0,0.0,False,False,0,0,0.0,0.0,False,False,0,0,0.0,0.0
409828_2018-11-20_10-42-45_filtered_2026-04-09_04-58-44,3,86,0.16394999999999982,False,False,0,0,0.0,0.0,False,False,0,0,0.0,0.0,False,False,0,0,0.0,0.0,False,False,0,0,0.0,0.0,False,False,0,0,0.0,0.0,False,False,0,0,0.0,0.0
409828_2018-11-20_10-42-45_filtered_2026-04-09_04-58-44,3,87,0.16394999999999982,False,False,0,0,0.0,0.0,False,False,0,0,0.0,0.0,False,False,0,0,0.0,0.0,False,False,0,0,0.0,0.0,False,False,0,0,0.0,0.0,False,False,0,0,0.0,0.0
409828_2018-11-20_10-42-45_filtered_2026-04-09_04-58-44,3,88,0.16394999999999982,False,False,0,0,0.0,0.0,False,False,0,0,0.0,0.0,False,False,0,0,0.0,0.0,False,False,0,0,0.0,0.0,False,False,0,0,0.0,0.0,False,False,0,0,0.0,0.0
409828_2018-11-20_10-42-45_filtered_2026-04-09_04-58-44,3,89,0.16394999999999982,False,False,0,0,0.0,0.0,False,False,0,0,0.0,0.0,False,False,0,0,0.0,0.0,False,False,0,0,0.0,0.0,False,False,0,0,0.0,0.0,False,False,0,0,0.0,0.0
409828_2018-11-20_10-42-45_filtered_2026-04-09_04-58-44,3,91,0.16394999999999982,True,False,2,0,0.5,0.0,True,True,1,1,1.0,1.0,True,True,5,2,0.2,0.6666666666666666,False,False,0,0,0.0,0.0,True,False,1,0,1.0,0.0,True,True,4,1,0.3333333333333333,1.0
409828_2018-11-20_10-42-45_filtered_2026-04-09_04-58-44,3,92,0.16394999999999982,False,False,0,0,0.0,0.0,False,False,0,0,0.0,0.0,False,False,0,0,0.0,0.0,False,False,0,0,0.0,0.0,False,False,0,0,0.0,0.0,False,False,0,0,0.0,0.0
409828_2018-11-20_10-42-45_filtered_2026-04-09_04-58-44,3,93,0.16394999999999982,False,False,0,0,0.0,0.0,False,False,0,0,0.0,0.0,False,False,0,0,0.0,0.0,False,False,0,0,0.0,0.0,False,False,0,0,0.0,0.0,False,False,0,0,0.0,0.0
409828_2018-11-20_10-42-45_filtered_2026-04-09_04-58-44,3,94,0.16394999999999982,True,True,1,3,1.0,0.3333333333333333,True,True,6,9,0.2857142857142857,0.16666666666666666,True,True,13,10,0.21052631578947367,0.29411764705882354,False,True,0,1,0.0,1.0,True,True,2,1,0.5,1.0,True,True,7,5,0.2222222222222222,0.3333333333333333
409828_2018-11-20_10-42-45_filtered_2026-04-09_04-58-44,3,95,0.16394999999999982,False,False,0,0,0.0,0.0,False,False,0,0,0.0,0.0,False,False,0,0,0.0,0.0,False,False,0,0,0.0,0.0,False,False,0,0,0.0,0.0,False,False,0,0,0.0,0.0
409828_2018-11-20_10-42-45_filtered_2026-04-09_04-58-44,3,96,0.16394999999999982,False,False,0,0,0.0,0.0,False,False,0,0,0.0,0.0,False,False,0,0,0.0,0.0,False,False,0,0,0.0,0.0,False,False,0,0,0.0,0.0,False,False,0,0,0.0,0.0
409828_2018-11-20_10-42-45_filtered_2026-04-09_04-58-44,3,97,0.16394999999999982,False,False,0,0,0.0,0.0,False,False,0,0,0.0,0.0,False,False,0,0,0.0,0.0,False,False,0,0,0.0,0.0,False,False,0,0,0.0,0.0,False,False,0,0,0.0,0.0
409828_2018-11-20_10-42-45_filtered_2026-04-09_04-58-44,3,98,0.16394999999999982,False,False,0,0,0.0,0.0,False,False,0,0,0.0,0.0,False,False,0,0,0.0,0.0,False,False,0,0,0.0,0.0,False,False,0,0,0.0,0.0,False,False,0,0,0.0,0.0
409828_2018-11-20_10-42-45_filtered_2026-04-09_04-58-44,3,99,0.16394999999999982,False,False,0,0,0.0,0.0,False,False,0,0,0.0,0.0,False,False,0,0,0.0,0.0,False,False,0,0,0.0,0.0,False,False,0,0,0.0,0.0,False,False,0,0,0.0,0.0
409828_2018-11-20_10-42-45_filtered_2026-04-09_04-58-44,3,100,0.16394999999999982,False,False,0,0,0.0,0.0,False,False,0,0,0.0,0.0,False,False,0,0,0.0,0.0,False,False,0,0,0.0,0.0,False,False,0,0,0.0,0.0,False,False,0,0,0.0,0.0
409828_2018-11-20_10-42-45_filtered_2026-04-09_04-58-44,3,101,0.16394999999999982,False,False,0,0,0.0,0.0,False,False,0,0,0.0,0.0,False,False,0,0,0.0,0.0,False,False,0,0,0.0,0.0,False,False,0,0,0.0,0.0,True,False,1,0,1.0,0.0
409828_2018-11-20_10-42-45_filtered_2026-04-09_04-58-44,3,102,0.16394999999999982,False,False,0,0,0.0,0.0,False,False,0,0,0.0,0.0,False,False,0,0,0.0,0.0,False,False,0,0,0.0,0.0,False,False,0,0,0.0,0.0,False,False,0,0,0.0,0.0
409828_2018-11-20_10-42-45_filtered_2026-04-09_04-58-44,3,103,0.16394999999999982,False,False,0,0,0.0,0.0,False,False,0,0,0.0,0.0,False,False,0,0,0.0,0.0,False,False,0,0,0.0,0.0,False,False,0,0,0.0,0.0,False,False,0,0,0.0,0.0
409828_2018-11-20_10-42-45_filtered_2026-04-09_04-58-44,3,104,0.16394999999999982,False,False,0,0,0.0,0.0,False,False,0,0,0.0,0.0,False,False,0,0,0.0,0.0,False,False,0,0,0.0,0.0,False,False,0,0,0.0,0.0,False,False,0,0,0.0,0.0
409828_2018-11-20_10-42-45_filtered_2026-04-09_04-58-44,3,105,0.16394999999999982,False,False,0,0,0.0,0.0,False,False,0,0,0.0,0.0,True,True,2,2,0.5,0.5,False,False,0,0,0.0,0.0,True,False,1,0,1.0,0.0,True,True,1,1,1.0,1.0
409828_2018-11-20_10-42-45_filtered_2026-04-09_04-58-44,3,106,0.16394999999999982,False,False,0,0,0.0,0.0,False,False,0,0,0.0,0.0,False,False,0,0,0.0,0.0,False,False,0,0,0.0,0.0,False,False,0,0,0.0,0.0,False,False,0,0,0.0,0.0
409828_2018-11-20_10-42-45_filtered_2026-04-09_04-58-44,3,107,0.16394999999999982,False,False,0,0,0.0,0.0,False,False,0,0,0.0,0.0,False,False,0,0,0.0,0.0,False,False,0,0,0.0,0.0,False,False,0,0,0.0,0.0,False,False,0,0,0.0,0.0
409828_2018-11-20_10-42-45_filtered_2026-04-09_04-58-44,3,108,0.16394999999999982,False,False,0,0,0.0,0.0,False,False,0,0,0.0,0.0,False,False,0,0,0.0,0.0,False,False,0,0,0.0,0.0,False,False,0,0,0.0,0.0,False,False,0,0,0.0,0.0
409828_2018-11-20_10-42-45_filtered_2026-04-09_04-58-44,3,109,0.16394999999999982,False,False,0,0,0.0,0.0,False,False,0,0,0.0,0.0,False,False,0,0,0.0,0.0,False,False,0,0,0.0,0.0,False,False,0,0,0.0,0.0,False,False,0,0,0.0,0.0
409828_2018-11-20_10-42-45_filtered_2026-04-09_04-58-44,3,110,0.16394999999999982,False,False,0,0,0.0,0.0,False,False,0,0,0.0,0.0,False,False,0,0,0.0,0.0,False,False,0,0,0.0,0.0,False,False,0,0,0.0,0.0,False,False,0,0,0.0,0.0
409828_2018-11-20_10-42-45_filtered_2026-04-09_04-58-44,3,111,0.16394999999999982,False,False,0,0,0.0,0.0,False,False,0,0,0.0,0.0,False,False,0,0,0.0,0.0,False,False,0,0,0.0,0.0,False,False,0,0,0.0,0.0,False,False,0,0,0.0,0.0
409828_2018-11-20_10-42-45_filtered_2026-04-09_04-58-44,3,112,0.16394999999999982,False,False,0,0,0.0,0.0,False,False,0,0,0.0,0.0,False,False,0,0,0.0,0.0,False,False,0,0,0.0,0.0,False,False,0,0,0.0,0.0,False,False,0,0,0.0,0.0
409828_2018-11-20_10-42-45_filtered_2026-04-09_04-58-44,3,114,0.16394999999999982,False,False,0,0,0.0,0.0,False,False,0,0,0.0,0.0,False,False,0,0,0.0,0.0,False,False,0,0,0.0,0.0,False,False,0,0,0.0,0.0,False,False,0,0,0.0,0.0
409828_2018-11-20_10-42-45_filtered_2026-04-09_04-58-44,3,115,0.16394999999999982,False,False,0,0,0.0,0.0,False,False,0,0,0.0,0.0,False,False,0,0,0.0,0.0,False,False,0,0,0.0,0.0,False,False,0,0,0.0,0.0,False,False,0,0,0.0,0.0
409828_2018-11-20_10-42-45_filtered_2026-04-09_04-58-44,3,117,0.16394999999999982,False,False,0,0,0.0,0.0,False,False,0,0,0.0,0.0,False,False,0,0,0.0,0.0,False,False,0,0,0.0,0.0,False,False,0,0,0.0,0.0,False,False,0,0,0.0,0.0
409828_2018-11-20_10-42-45_filtered_2026-04-09_04-58-44,3,119,0.16394999999999982,False,False,0,0,0.0,0.0,False,False,0,0,0.0,0.0,False,False,0,0,0.0,0.0,False,False,0,0,0.0,0.0,False,False,0,0,0.0,0.0,False,False,0,0,0.0,0.0
409828_2018-11-20_10-42-45_filtered_2026-04-09_04-58-44,3,123,0.16394999999999982,False,False,0,0,0.0,0.0,False,False,0,0,0.0,0.0,False,False,0,0,0.0,0.0,False,False,0,0,0.0,0.0,False,False,0,0,0.0,0.0,False,False,0,0,0.0,0.0
409828_2018-11-20_10-42-45_filtered_2026-04-09_04-58-44,3,124,0.16394999999999982,False,False,0,0,0.0,0.0,False,False,0,0,0.0,0.0,False,False,0,0,0.0,0.0,False,False,0,0,0.0,0.0,False,False,0,0,0.0,0.0,False,False,0,0,0.0,0.0
409828_2018-11-20_10-42-45_filtered_2026-04-09_04-58-44,3,125,0.16394999999999982,False,False,0,0,0.0,0.0,False,False,0,0,0.0,0.0,False,False,0,0,0.0,0.0,False,False,0,0,0.0,0.0,False,False,0,0,0.0,0.0,False,False,0,0,0.0,0.0
409828_2018-11-20_10-42-45_filtered_2026-04-09_04-58-44,3,126,0.16394999999999982,False,False,0,0,0.0,0.0,False,False,0,0,0.0,0.0,False,False,0,0,0.0,0.0,False,False,0,0,0.0,0.0,False,False,0,0,0.0,0.0,False,False,0,0,0.0,0.0
409828_2018-11-20_10-42-45_filtered_2026-04-09_04-58-44,3,127,0.16394999999999982,False,False,0,0,0.0,0.0,False,True,0,2,0.0,0.5,False,True,0,3,0.0,0.5,False,False,0,0,0.0,0.0,False,True,0,1,0.0,1.0,False,True,0,2,0.0,0.5
409828_2018-11-20_10-42-45_filtered_2026-04-09_04-58-44,3,128,0.16394999999999982,False,False,0,0,0.0,0.0,False,False,0,0,0.0,0.0,False,False,0,0,0.0,0.0,False,False,0,0,0.0,0.0,False,False,0,0,0.0,0.0,False,False,0,0,0.0,0.0
409828_2018-11-20_10-42-45_filtered_2026-04-09_04-58-44,3,132,0.16394999999999982,False,False,0,0,0.0,0.0,False,False,0,0,0.0,0.0,False,False,0,0,0.0,0.0,False,False,0,0,0.0,0.0,False,False,0,0,0.0,0.0,False,False,0,0,0.0,0.0
409828_2018-11-20_10-42-45_filtered_2026-04-09_04-58-44,3,133,0.16394999999999982,False,False,0,0,0.0,0.0,True,False,1,0,1.0,0.0,True,True,1,6,1.0,0.16666666666666666,False,False,0,0,0.0,0.0,False,True,0,1,0.0,1.0,False,True,0,1,0.0,1.0
409828_2018-11-20_10-42-45_filtered_2026-04-09_04-58-44,3,134,0.16394999999999982,False,False,0,0,0.0,0.0,False,False,0,0,0.0,0.0,True,False,1,0,1.0,0.0,False,False,0,0,0.0,0.0,True,False,1,0,1.0,0.0,True,False,1,0,1.0,0.0
409828_2018-11-20_10-42-45_filtered_2026-04-09_04-58-44,3,136,0.16394999999999982,False,False,0,0,0.0,0.0,False,False,0,0,0.0,0.0,False,True,0,1,0.0,1.0,False,False,0,0,0.0,0.0,False,True,0,1,0.0,1.0,False,True,0,2,0.0,0.75
409828_2018-11-20_10-42-45_filtered_2026-04-09_04-58-44,3,139,0.16394999999999982,False,False,0,0,0.0,0.0,False,False,0,0,0.0,0.0,False,False,0,0,0.0,0.0,False,False,0,0,0.0,0.0,False,False,0,0,0.0,0.0,False,False,0,0,0.0,0.0
409828_2018-11-20_10-42-45_filtered_2026-04-09_04-58-44,3,143,0.16394999999999982,False,False,0,0,0.0,0.0,False,False,0,0,0.0,0.0,False,False,0,0,0.0,0.0,False,False,0,0,0.0,0.0,False,False,0,0,0.0,0.0,False,False,0,0,0.0,0.0
409828_2018-11-20_10-42-45_filtered_2026-04-09_04-58-44,3,145,0.16394999999999982,False,False,0,0,0.0,0.0,False,False,0,0,0.0,0.0,False,False,0,0,0.0,0.0,False,False,0,0,0.0,0.0,False,False,0,0,0.0,0.0,False,False,0,0,0.0,0.0
409828_2018-11-20_10-42-45_filtered_2026-04-09_04-58-44,3,147,0.16394999999999982,False,False,0,0,0.0,0.0,False,False,0,0,0.0,0.0,True,False,1,0,1.0,0.0,False,False,0,0,0.0,0.0,False,False,0,0,0.0,0.0,False,False,0,0,0.0,0.0
409828_2018-11-20_10-42-45_filtered_2026-04-09_04-58-44,3,148,0.16394999999999982,False,False,0,0,0.0,0.0,True,False,1,0,1.0,0.0,True,False,1,0,1.0,0.0,False,False,0,0,0.0,0.0,False,False,0,0,0.0,0.0,False,False,0,0,0.0,0.0
409828_2018-11-20_10-42-45_filtered_2026-04-09_04-58-44,3,154,0.16394999999999982,False,True,0,1,0.0,1.0,True,True,4,6,0.25,0.2857142857142857,True,True,13,12,0.21052631578947367,0.2608695652173913,False,False,0,0,0.0,0.0,True,True,1,1,1.0,1.0,True,True,5,7,0.42857142857142855,0.14285714285714285
409828_2018-11-20_10-42-45_filtered_2026-04-09_04-58-44,3,164,0.16394999999999982,False,False,0,0,0.0,0.0,False,False,0,0,0.0,0.0,False,False,0,0,0.0,0.0,False,False,0,0,0.0,0.0,False,False,0,0,0.0,0.0,False,False,0,0,0.0,0.0
409828_2018-11-20_10-42-45_filtered_2026-04-09_04-58-44,3,167,0.16394999999999982,False,False,0,0,0.0,0.0,False,False,0,0,0.0,0.0,False,False,0,0,0.0,0.0,False,False,0,0,0.0,0.0,False,False,0,0,0.0,0.0,False,False,0,0,0.0,0.0
409828_2018-11-20_10-42-45_filtered_2026-04-09_04-58-44,3,170,0.16394999999999982,False,False,0,0,0.0,0.0,False,False,0,0,0.0,0.0,False,False,0,0,0.0,0.0,False,False,0,0,0.0,0.0,False,False,0,0,0.0,0.0,False,False,0,0,0.0,0.0
409828_2018-11-20_10-42-45_filtered_2026-04-09_04-58-44,3,176,0.16394999999999982,False,False,0,0,0.0,0.0,False,False,0,0,0.0,0.0,False,False,0,0,0.0,0.0,False,False,0,0,0.0,0.0,False,False,0,0,0.0,0.0,False,False,0,0,0.0,0.0
409828_2018-11-20_10-42-45_filtered_2026-04-09_04-58-44,3,183,0.16394999999999982,False,False,0,0,0.0,0.0,False,False,0,0,0.0,0.0,False,False,0,0,0.0,0.0,False,False,0,0,0.0,0.0,False,False,0,0,0.0,0.0,False,False,0,0,0.0,0.0
409828_2018-11-20_10-42-45_filtered_2026-04-09_04-58-44,3,184,0.16394999999999982,False,False,0,0,0.0,0.0,False,False,0,0,0.0,0.0,False,False,0,0,0.0,0.0,False,False,0,0,0.0,0.0,False,False,0,0,0.0,0.0,False,False,0,0,0.0,0.0
409828_2018-11-20_10-42-45_filtered_2026-04-09_04-58-44,3,185,0.16394999999999982,False,False,0,0,0.0,0.0,False,False,0,0,0.0,0.0,False,False,0,0,0.0,0.0,False,False,0,0,0.0,0.0,False,False,0,0,0.0,0.0,False,False,0,0,0.0,0.0
409828_2018-11-20_10-42-45_filtered_2026-04-09_04-58-44,3,194,0.16394999999999982,False,False,0,0,0.0,0.0,False,False,0,0,0.0,0.0,False,False,0,0,0.0,0.0,False,False,0,0,0.0,0.0,False,False,0,0,0.0,0.0,False,False,0,0,0.0,0.0
409828_2018-11-20_10-42-45_filtered_2026-04-09_04-58-44,3,201,0.16394999999999982,False,False,0,0,0.0,0.0,False,False,0,0,0.0,0.0,False,False,0,0,0.0,0.0,False,False,0,0,0.0,0.0,False,False,0,0,0.0,0.0,False,False,0,0,0.0,0.0
409828_2018-11-20_10-42-45_filtered_2026-04-09_04-58-44,3,210,0.16394999999999982,False,False,0,0,0.0,0.0,False,False,0,0,0.0,0.0,False,False,0,0,0.0,0.0,False,False,0,0,0.0,0.0,False,False,0,0,0.0,0.0,False,False,0,0,0.0,0.0
409828_2018-11-20_10-42-45_filtered_2026-04-09_04-58-44,3,214,0.16394999999999982,False,True,0,1,0.0,1.0,True,True,1,1,1.0,1.0,True,True,4,4,0.25,0.4,False,False,0,0,0.0,0.0,True,True,1,1,1.0,1.0,True,True,4,2,0.4,0.5
409828_2018-11-20_10-42-45_filtered_2026-04-09_04-58-44,3,220,0.16394999999999982,False,False,0,0,0.0,0.0,False,False,0,0,0.0,0.0,False,False,0,0,0.0,0.0,False,False,0,0,0.0,0.0,False,False,0,0,0.0,0.0,False,False,0,0,0.0,0.0
409828_2018-11-20_10-42-45_filtered_2026-04-09_04-58-44,3,228,0.16394999999999982,False,False,0,0,0.0,0.0,False,False,0,0,0.0,0.0,True,True,1,2,1.0,0.6666666666666666,False,False,0,0,0.0,0.0,False,True,0,1,0.0,1.0,False,True,0,1,0.0,1.0
409828_2018-11-20_10-42-45_filtered_2026-04-09_04-58-44,3,261,0.16394999999999982,False,False,0,0,0.0,0.0,False,False,0,0,0.0,0.0,False,False,0,0,0.0,0.0,False,False,0,0,0.0,0.0,False,False,0,0,0.0,0.0,False,False,0,0,0.0,0.0
409828_2018-11-20_10-42-45_filtered_2026-04-09_04-58-44,3,277,0.16394999999999982,False,False,0,0,0.0,0.0,True,True,1,2,1.0,0.5,True,True,5,3,0.2,0.6666666666666666,False,False,0,0,0.0,0.0,False,True,0,1,0.0,1.0,False,True,0,1,0.0,1.0
409828_2018-11-20_10-42-45_filtered_2026-04-09_04-58-44,3,281,0.16394999999999982,False,False,0,0,0.0,0.0,False,False,0,0,0.0,0.0,False,False,0,0,0.0,0.0,False,False,0,0,0.0,0.0,False,False,0,0,0.0,0.0,False,False,0,0,0.0,0.0
409828_2018-11-20_10-42-45_filtered_2026-04-09_04-58-44,3,356,0.16394999999999982,False,False,0,0,0.0,0.0,False,True,0,1,0.0,1.0,False,True,0,3,0.0,0.5,False,True,0,1,0.0,1.0,True,True,1,1,1.0,1.0,True,True,1,2,1.0,0.6666666666666666
409828_2018-11-20_10-42-45_filtered_2026-04-09_04-58-44,3,490,0.16394999999999982,False,False,0,0,0.0,0.0,False,False,0,0,0.0,0.0,False,False,0,0,0.0,0.0,False,False,0,0,0.0,0.0,False,False,0,0,0.0,0.0,False,False,0,0,0.0,0.0
409828_2018-11-20_10-42-45_filtered_2026-04-09_04-58-44,3,581,0.16394999999999982,False,False,0,0,0.0,0.0,False,False,0,0,0.0,0.0,False,False,0,0,0.0,0.0,False,False,0,0,0.0,0.0,False,False,0,0,0.0,0.0,False,False,0,0,0.0,0.0
409828_2018-11-20_10-42-45_filtered_2026-04-09_04-58-44,4,0,0.16394999999999982,False,False,0,0,0.0,0.0,False,False,0,0,0.0,0.0,False,False,0,0,0.0,0.0,False,False,0,0,0.0,0.0,False,False,0,0,0.0,0.0,False,False,0,0,0.0,0.0
409828_2018-11-20_10-42-45_filtered_2026-04-09_04-58-44,4,1,0.16394999999999982,False,False,0,0,0.0,0.0,False,False,0,0,0.0,0.0,False,False,0,0,0.0,0.0,False,False,0,0,0.0,0.0,False,False,0,0,0.0,0.0,False,False,0,0,0.0,0.0
409828_2018-11-20_10-42-45_filtered_2026-04-09_04-58-44,4,2,0.16394999999999982,False,False,0,0,0.0,0.0,False,False,0,0,0.0,0.0,False,False,0,0,0.0,0.0,False,False,0,0,0.0,0.0,False,False,0,0,0.0,0.0,False,False,0,0,0.0,0.0
409828_2018-11-20_10-42-45_filtered_2026-04-09_04-58-44,4,3,0.16394999999999982,False,False,0,0,0.0,0.0,False,False,0,0,0.0,0.0,False,False,0,0,0.0,0.0,False,False,0,0,0.0,0.0,False,False,0,0,0.0,0.0,False,False,0,0,0.0,0.0
409828_2018-11-20_10-42-45_filtered_2026-04-09_04-58-44,4,4,0.16394999999999982,False,False,0,0,0.0,0.0,False,False,0,0,0.0,0.0,False,False,0,0,0.0,0.0,False,False,0,0,0.0,0.0,False,False,0,0,0.0,0.0,False,False,0,0,0.0,0.0
409828_2018-11-20_10-42-45_filtered_2026-04-09_04-58-44,4,5,0.16394999999999982,False,False,0,0,0.0,0.0,False,False,0,0,0.0,0.0,False,False,0,0,0.0,0.0,False,False,0,0,0.0,0.0,False,False,0,0,0.0,0.0,False,False,0,0,0.0,0.0
409828_2018-11-20_10-42-45_filtered_2026-04-09_04-58-44,4,6,0.16394999999999982,False,False,0,0,0.0,0.0,False,False,0,0,0.0,0.0,False,False,0,0,0.0,0.0,False,False,0,0,0.0,0.0,False,False,0,0,0.0,0.0,False,False,0,0,0.0,0.0
409828_2018-11-20_10-42-45_filtered_2026-04-09_04-58-44,4,7,0.16394999999999982,False,False,0,0,0.0,0.0,False,False,0,0,0.0,0.0,False,False,0,0,0.0,0.0,False,False,0,0,0.0,0.0,False,False,0,0,0.0,0.0,False,False,0,0,0.0,0.0
409828_2018-11-20_10-42-45_filtered_2026-04-09_04-58-44,4,8,0.16394999999999982,True,False,1,0,1.0,0.0,True,True,1,1,1.0,1.0,True,True,3,5,0.5,0.2,False,False,0,0,0.0,0.0,True,False,1,0,1.0,0.0,True,True,2,1,0.8,1.0
409828_2018-11-20_10-42-45_filtered_2026-04-09_04-58-44,4,9,0.16394999999999982,False,False,0,0,0.0,0.0,False,False,0,0,0.0,0.0,False,False,0,0,0.0,0.0,False,False,0,0,0.0,0.0,False,False,0,0,0.0,0.0,False,False,0,0,0.0,0.0
409828_2018-11-20_10-42-45_filtered_2026-04-09_04-58-44,4,10,0.16394999999999982,False,False,0,0,0.0,0.0,False,False,0,0,0.0,0.0,False,False,0,0,0.0,0.0,False,False,0,0,0.0,0.0,False,False,0,0,0.0,0.0,False,False,0,0,0.0,0.0
409828_2018-11-20_10-42-45_filtered_2026-04-09_04-58-44,4,11,0.16394999999999982,False,False,0,0,0.0,0.0,False,False,0,0,0.0,0.0,False,False,0,0,0.0,0.0,False,False,0,0,0.0,0.0,False,False,0,0,0.0,0.0,False,False,0,0,0.0,0.0
409828_2018-11-20_10-42-45_filtered_2026-04-09_04-58-44,4,12,0.16394999999999982,False,False,0,0,0.0,0.0,False,False,0,0,0.0,0.0,False,False,0,0,0.0,0.0,False,False,0,0,0.0,0.0,False,False,0,0,0.0,0.0,False,False,0,0,0.0,0.0
409828_2018-11-20_10-42-45_filtered_2026-04-09_04-58-44,4,13,0.16394999999999982,False,False,0,0,0.0,0.0,False,False,0,0,0.0,0.0,True,False,1,0,1.0,0.0,False,False,0,0,0.0,0.0,False,False,0,0,0.0,0.0,False,False,0,0,0.0,0.0
409828_2018-11-20_10-42-45_filtered_2026-04-09_04-58-44,4,14,0.16394999999999982,False,False,0,0,0.0,0.0,False,False,0,0,0.0,0.0,False,False,0,0,0.0,0.0,False,False,0,0,0.0,0.0,False,False,0,0,0.0,0.0,True,False,1,0,1.0,0.0
409828_2018-11-20_10-42-45_filtered_2026-04-09_04-58-44,4,15,0.16394999999999982,False,False,0,0,0.0,0.0,False,False,0,0,0.0,0.0,False,False,0,0,0.0,0.0,False,False,0,0,0.0,0.0,False,False,0,0,0.0,0.0,False,False,0,0,0.0,0.0
409828_2018-11-20_10-42-45_filtered_2026-04-09_04-58-44,4,16,0.16394999999999982,False,True,0,1,0.0,1.0,False,False,0,0,0.0,0.0,False,False,0,0,0.0,0.0,False,False,0,0,0.0,0.0,False,False,0,0,0.0,0.0,False,False,0,0,0.0,0.0
409828_2018-11-20_10-42-45_filtered_2026-04-09_04-58-44,4,17,0.16394999999999982,False,False,0,0,0.0,0.0,False,False,0,0,0.0,0.0,False,False,0,0,0.0,0.0,False,False,0,0,0.0,0.0,False,False,0,0,0.0,0.0,False,False,0,0,0.0,0.0
409828_2018-11-20_10-42-45_filtered_2026-04-09_04-58-44,4,18,0.16394999999999982,False,False,0,0,0.0,0.0,False,False,0,0,0.0,0.0,False,False,0,0,0.0,0.0,False,False,0,0,0.0,0.0,False,False,0,0,0.0,0.0,False,False,0,0,0.0,0.0
409828_2018-11-20_10-42-45_filtered_2026-04-09_04-58-44,4,19,0.16394999999999982,False,False,0,0,0.0,0.0,False,False,0,0,0.0,0.0,False,False,0,0,0.0,0.0,False,False,0,0,0.0,0.0,False,False,0,0,0.0,0.0,False,False,0,0,0.0,0.0
409828_2018-11-20_10-42-45_filtered_2026-04-09_04-58-44,4,20,0.16394999999999982,False,False,0,0,0.0,0.0,False,False,0,0,0.0,0.0,False,False,0,0,0.0,0.0,False,False,0,0,0.0,0.0,False,False,0,0,0.0,0.0,False,True,0,1,0.0,1.0
409828_2018-11-20_10-42-45_filtered_2026-04-09_04-58-44,4,21,0.16394999999999982,True,True,14,19,0.16666666666666666,0.16,True,True,15,13,0.1891891891891892,0.17391304347826086,True,True,13,6,0.375,0.5671641791044776,False,True,0,1,0.0,1.0,True,True,15,15,0.2608695652173913,0.15384615384615385,True,True,8,2,0.6666666666666666,0.9866666666666667
409828_2018-11-20_10-42-45_filtered_2026-04-09_04-58-44,4,22,0.16394999999999982,False,False,0,0,0.0,0.0,False,False,0,0,0.0,0.0,False,False,0,0,0.0,0.0,False,False,0,0,0.0,0.0,False,False,0,0,0.0,0.0,False,False,0,0,0.0,0.0
409828_2018-11-20_10-42-45_filtered_2026-04-09_04-58-44,4,23,0.16394999999999982,False,False,0,0,0.0,0.0,False,False,0,0,0.0,0.0,False,False,0,0,0.0,0.0,False,False,0,0,0.0,0.0,False,False,0,0,0.0,0.0,False,False,0,0,0.0,0.0
409828_2018-11-20_10-42-45_filtered_2026-04-09_04-58-44,4,24,0.16394999999999982,False,False,0,0,0.0,0.0,False,False,0,0,0.0,0.0,False,False,0,0,0.0,0.0,False,False,0,0,0.0,0.0,False,False,0,0,0.0,0.0,False,False,0,0,0.0,0.0
409828_2018-11-20_10-42-45_filtered_2026-04-09_04-58-44,4,26,0.16394999999999982,False,False,0,0,0.0,0.0,False,False,0,0,0.0,0.0,False,False,0,0,0.0,0.0,False,False,0,0,0.0,0.0,False,False,0,0,0.0,0.0,False,False,0,0,0.0,0.0
409828_2018-11-20_10-42-45_filtered_2026-04-09_04-58-44,4,27,0.16394999999999982,False,False,0,0,0.0,0.0,False,False,0,0,0.0,0.0,False,False,0,0,0.0,0.0,False,False,0,0,0.0,0.0,False,False,0,0,0.0,0.0,False,False,0,0,0.0,0.0
409828_2018-11-20_10-42-45_filtered_2026-04-09_04-58-44,4,28,0.16394999999999982,False,False,0,0,0.0,0.0,False,False,0,0,0.0,0.0,False,False,0,0,0.0,0.0,False,False,0,0,0.0,0.0,False,False,0,0,0.0,0.0,False,False,0,0,0.0,0.0
409828_2018-11-20_10-42-45_filtered_2026-04-09_04-58-44,4,29,0.16394999999999982,False,False,0,0,0.0,0.0,False,False,0,0,0.0,0.0,False,False,0,0,0.0,0.0,False,False,0,0,0.0,0.0,False,False,0,0,0.0,0.0,False,False,0,0,0.0,0.0
409828_2018-11-20_10-42-45_filtered_2026-04-09_04-58-44,4,30,0.16394999999999982,False,False,0,0,0.0,0.0,False,False,0,0,0.0,0.0,False,False,0,0,0.0,0.0,False,False,0,0,0.0,0.0,False,False,0,0,0.0,0.0,False,False,0,0,0.0,0.0
409828_2018-11-20_10-42-45_filtered_2026-04-09_04-58-44,4,31,0.16394999999999982,False,False,0,0,0.0,0.0,False,False,0,0,0.0,0.0,False,False,0,0,0.0,0.0,False,False,0,0,0.0,0.0,False,False,0,0,0.0,0.0,False,False,0,0,0.0,0.0
409828_2018-11-20_10-42-45_filtered_2026-04-09_04-58-44,4,32,0.16394999999999982,True,True,14,13,0.16666666666666666,0.13333333333333333,True,True,20,17,0.1875,0.16129032258064516,True,True,16,11,0.5,0.3673469387755102,False,True,0,1,0.0,1.0,True,True,14,12,0.25,0.1724137931034483,True,True,1,1,1.0,1.0
409828_2018-11-20_10-42-45_filtered_2026-04-09_04-58-44,4,33,0.16394999999999982,False,False,0,0,0.0,0.0,False,True,0,2,0.0,0.5,True,True,5,8,0.4444444444444444,0.3,False,False,0,0,0.0,0.0,True,False,2,0,0.5,0.0,True,True,3,1,0.6666666666666666,1.0
409828_2018-11-20_10-42-45_filtered_2026-04-09_04-58-44,4,34,0.16394999999999982,False,False,0,0,0.0,0.0,False,False,0,0,0.0,0.0,False,False,0,0,0.0,0.0,False,False,0,0,0.0,0.0,False,False,0,0,0.0,0.0,False,False,0,0,0.0,0.0
409828_2018-11-20_10-42-45_filtered_2026-04-09_04-58-44,4,35,0.16394999999999982,False,False,0,0,0.0,0.0,False,False,0,0,0.0,0.0,False,False,0,0,0.0,0.0,False,False,0,0,0.0,0.0,False,False,0,0,0.0,0.0,False,False,0,0,0.0,0.0
409828_2018-11-20_10-42-45_filtered_2026-04-09_04-58-44,4,36,0.16394999999999982,False,False,0,0,0.0,0.0,False,False,0,0,0.0,0.0,False,False,0,0,0.0,0.0,False,False,0,0,0.0,0.0,False,False,0,0,0.0,0.0,False,False,0,0,0.0,0.0
409828_2018-11-20_10-42-45_filtered_2026-04-09_04-58-44,4,37,0.16394999999999982,False,True,0,1,0.0,1.0,False,False,0,0,0.0,0.0,False,True,0,1,0.0,1.0,False,False,0,0,0.0,0.0,False,True,0,1,0.0,1.0,False,False,0,0,0.0,0.0
409828_2018-11-20_10-42-45_filtered_2026-04-09_04-58-44,4,38,0.16394999999999982,False,False,0,0,0.0,0.0,False,False,0,0,0.0,0.0,False,False,0,0,0.0,0.0,False,False,0,0,0.0,0.0,False,False,0,0,0.0,0.0,False,False,0,0,0.0,0.0
409828_2018-11-20_10-42-45_filtered_2026-04-09_04-58-44,4,39,0.16394999999999982,False,False,0,0,0.0,0.0,False,False,0,0,0.0,0.0,False,False,0,0,0.0,0.0,False,False,0,0,0.0,0.0,False,False,0,0,0.0,0.0,False,False,0,0,0.0,0.0
409828_2018-11-20_10-42-45_filtered_2026-04-09_04-58-44,4,40,0.16394999999999982,False,False,0,0,0.0,0.0,False,False,0,0,0.0,0.0,False,False,0,0,0.0,0.0,False,False,0,0,0.0,0.0,False,False,0,0,0.0,0.0,False,False,0,0,0.0,0.0
409828_2018-11-20_10-42-45_filtered_2026-04-09_04-58-44,4,41,0.16394999999999982,False,False,0,0,0.0,0.0,False,False,0,0,0.0,0.0,False,False,0,0,0.0,0.0,False,False,0,0,0.0,0.0,False,False,0,0,0.0,0.0,False,False,0,0,0.0,0.0
409828_2018-11-20_10-42-45_filtered_2026-04-09_04-58-44,4,42,0.16394999999999982,False,False,0,0,0.0,0.0,False,False,0,0,0.0,0.0,False,False,0,0,0.0,0.0,False,False,0,0,0.0,0.0,False,False,0,0,0.0,0.0,False,False,0,0,0.0,0.0
409828_2018-11-20_10-42-45_filtered_2026-04-09_04-58-44,4,43,0.16394999999999982,False,False,0,0,0.0,0.0,False,False,0,0,0.0,0.0,False,False,0,0,0.0,0.0,False,False,0,0,0.0,0.0,False,False,0,0,0.0,0.0,False,False,0,0,0.0,0.0
409828_2018-11-20_10-42-45_filtered_2026-04-09_04-58-44,4,44,0.16394999999999982,True,True,7,4,0.5409836065573771,0.582089552238806,True,True,5,7,0.85,0.8333333333333334,True,True,1,1,1.0,1.0,True,True,8,13,0.36507936507936506,0.4642857142857143,True,True,1,1,1.0,1.0,True,True,1,1,1.0,1.0
409828_2018-11-20_10-42-45_filtered_2026-04-09_04-58-44,4,45,0.16394999999999982,False,False,0,0,0.0,0.0,False,False,0,0,0.0,0.0,False,False,0,0,0.0,0.0,False,False,0,0,0.0,0.0,False,False,0,0,0.0,0.0,False,False,0,0,0.0,0.0
409828_2018-11-20_10-42-45_filtered_2026-04-09_04-58-44,4,46,0.16394999999999982,False,False,0,0,0.0,0.0,False,False,0,0,0.0,0.0,False,False,0,0,0.0,0.0,False,False,0,0,0.0,0.0,False,False,0,0,0.0,0.0,False,False,0,0,0.0,0.0
409828_2018-11-20_10-42-45_filtered_2026-04-09_04-58-44,4,47,0.16394999999999982,False,False,0,0,0.0,0.0,False,False,0,0,0.0,0.0,False,False,0,0,0.0,0.0,False,False,0,0,0.0,0.0,False,False,0,0,0.0,0.0,False,False,0,0,0.0,0.0
409828_2018-11-20_10-42-45_filtered_2026-04-09_04-58-44,4,48,0.16394999999999982,False,False,0,0,0.0,0.0,False,False,0,0,0.0,0.0,False,False,0,0,0.0,0.0,False,False,0,0,0.0,0.0,False,False,0,0,0.0,0.0,False,False,0,0,0.0,0.0
409828_2018-11-20_10-42-45_filtered_2026-04-09_04-58-44,4,49,0.16394999999999982,False,False,0,0,0.0,0.0,False,False,0,0,0.0,0.0,False,False,0,0,0.0,0.0,False,False,0,0,0.0,0.0,False,False,0,0,0.0,0.0,False,False,0,0,0.0,0.0
409828_2018-11-20_10-42-45_filtered_2026-04-09_04-58-44,4,50,0.16394999999999982,False,False,0,0,0.0,0.0,False,False,0,0,0.0,0.0,False,False,0,0,0.0,0.0,False,False,0,0,0.0,0.0,False,False,0,0,0.0,0.0,False,False,0,0,0.0,0.0
409828_2018-11-20_10-42-45_filtered_2026-04-09_04-58-44,4,51,0.16394999999999982,False,False,0,0,0.0,0.0,False,False,0,0,0.0,0.0,False,False,0,0,0.0,0.0,False,False,0,0,0.0,0.0,False,False,0,0,0.0,0.0,False,False,0,0,0.0,0.0
409828_2018-11-20_10-42-45_filtered_2026-04-09_04-58-44,4,53,0.16394999999999982,False,False,0,0,0.0,0.0,False,False,0,0,0.0,0.0,False,False,0,0,0.0,0.0,False,False,0,0,0.0,0.0,False,False,0,0,0.0,0.0,False,False,0,0,0.0,0.0
409828_2018-11-20_10-42-45_filtered_2026-04-09_04-58-44,4,54,0.16394999999999982,False,False,0,0,0.0,0.0,False,False,0,0,0.0,0.0,False,False,0,0,0.0,0.0,False,False,0,0,0.0,0.0,False,False,0,0,0.0,0.0,False,False,0,0,0.0,0.0
409828_2018-11-20_10-42-45_filtered_2026-04-09_04-58-44,4,55,0.16394999999999982,False,False,0,0,0.0,0.0,False,False,0,0,0.0,0.0,False,False,0,0,0.0,0.0,False,False,0,0,0.0,0.0,False,False,0,0,0.0,0.0,False,False,0,0,0.0,0.0
409828_2018-11-20_10-42-45_filtered_2026-04-09_04-58-44,4,56,0.16394999999999982,False,False,0,0,0.0,0.0,False,False,0,0,0.0,0.0,False,False,0,0,0.0,0.0,False,False,0,0,0.0,0.0,False,False,0,0,0.0,0.0,False,False,0,0,0.0,0.0
409828_2018-11-20_10-42-45_filtered_2026-04-09_04-58-44,4,58,0.16394999999999982,False,False,0,0,0.0,0.0,False,False,0,0,0.0,0.0,False,False,0,0,0.0,0.0,False,False,0,0,0.0,0.0,False,False,0,0,0.0,0.0,False,False,0,0,0.0,0.0
409828_2018-11-20_10-42-45_filtered_2026-04-09_04-58-44,4,59,0.16394999999999982,False,False,0,0,0.0,0.0,False,False,0,0,0.0,0.0,False,False,0,0,0.0,0.0,False,False,0,0,0.0,0.0,False,False,0,0,0.0,0.0,False,False,0,0,0.0,0.0
409828_2018-11-20_10-42-45_filtered_2026-04-09_04-58-44,4,60,0.16394999999999982,False,False,0,0,0.0,0.0,False,False,0,0,0.0,0.0,False,False,0,0,0.0,0.0,False,False,0,0,0.0,0.0,False,False,0,0,0.0,0.0,False,False,0,0,0.0,0.0
409828_2018-11-20_10-42-45_filtered_2026-04-09_04-58-44,4,61,0.16394999999999982,False,False,0,0,0.0,0.0,False,False,0,0,0.0,0.0,False,False,0,0,0.0,0.0,False,False,0,0,0.0,0.0,False,False,0,0,0.0,0.0,False,False,0,0,0.0,0.0
409828_2018-11-20_10-42-45_filtered_2026-04-09_04-58-44,4,62,0.16394999999999982,False,False,0,0,0.0,0.0,False,False,0,0,0.0,0.0,False,False,0,0,0.0,0.0,False,False,0,0,0.0,0.0,False,False,0,0,0.0,0.0,False,False,0,0,0.0,0.0
409828_2018-11-20_10-42-45_filtered_2026-04-09_04-58-44,4,63,0.16394999999999982,False,False,0,0,0.0,0.0,False,False,0,0,0.0,0.0,False,False,0,0,0.0,0.0,False,False,0,0,0.0,0.0,False,False,0,0,0.0,0.0,False,False,0,0,0.0,0.0
409828_2018-11-20_10-42-45_filtered_2026-04-09_04-58-44,4,64,0.16394999999999982,False,False,0,0,0.0,0.0,False,False,0,0,0.0,0.0,False,False,0,0,0.0,0.0,False,False,0,0,0.0,0.0,False,False,0,0,0.0,0.0,False,False,0,0,0.0,0.0
409828_2018-11-20_10-42-45_filtered_2026-04-09_04-58-44,4,65,0.16394999999999982,False,False,0,0,0.0,0.0,False,False,0,0,0.0,0.0,False,False,0,0,0.0,0.0,False,False,0,0,0.0,0.0,False,False,0,0,0.0,0.0,False,False,0,0,0.0,0.0
409828_2018-11-20_10-42-45_filtered_2026-04-09_04-58-44,4,66,0.16394999999999982,False,False,0,0,0.0,0.0,False,False,0,0,0.0,0.0,False,False,0,0,0.0,0.0,False,False,0,0,0.0,0.0,False,False,0,0,0.0,0.0,False,False,0,0,0.0,0.0
409828_2018-11-20_10-42-45_filtered_2026-04-09_04-58-44,4,67,0.16394999999999982,False,False,0,0,0.0,0.0,False,False,0,0,0.0,0.0,True,False,1,0,1.0,0.0,False,False,0,0,0.0,0.0,False,False,0,0,0.0,0.0,False,False,0,0,0.0,0.0
409828_2018-11-20_10-42-45_filtered_2026-04-09_04-58-44,4,68,0.16394999999999982,False,False,0,0,0.0,0.0,False,False,0,0,0.0,0.0,False,False,0,0,0.0,0.0,False,False,0,0,0.0,0.0,False,False,0,0,0.0,0.0,False,False,0,0,0.0,0.0
409828_2018-11-20_10-42-45_filtered_2026-04-09_04-58-44,4,69,0.16394999999999982,False,False,0,0,0.0,0.0,False,False,0,0,0.0,0.0,False,False,0,0,0.0,0.0,False,False,0,0,0.0,0.0,False,False,0,0,0.0,0.0,False,False,0,0,0.0,0.0
409828_2018-11-20_10-42-45_filtered_2026-04-09_04-58-44,4,70,0.16394999999999982,False,False,0,0,0.0,0.0,False,False,0,0,0.0,0.0,False,False,0,0,0.0,0.0,False,False,0,0,0.0,0.0,False,False,0,0,0.0,0.0,False,False,0,0,0.0,0.0
409828_2018-11-20_10-42-45_filtered_2026-04-09_04-58-44,4,71,0.16394999999999982,False,False,0,0,0.0,0.0,False,False,0,0,0.0,0.0,False,False,0,0,0.0,0.0,False,False,0,0,0.0,0.0,False,False,0,0,0.0,0.0,False,False,0,0,0.0,0.0
409828_2018-11-20_10-42-45_filtered_2026-04-09_04-58-44,4,72,0.16394999999999982,False,False,0,0,0.0,0.0,False,False,0,0,0.0,0.0,False,False,0,0,0.0,0.0,False,False,0,0,0.0,0.0,False,False,0,0,0.0,0.0,False,False,0,0,0.0,0.0
409828_2018-11-20_10-42-45_filtered_2026-04-09_04-58-44,4,73,0.16394999999999982,False,False,0,0,0.0,0.0,False,False,0,0,0.0,0.0,False,False,0,0,0.0,0.0,False,False,0,0,0.0,0.0,False,False,0,0,0.0,0.0,False,False,0,0,0.0,0.0
409828_2018-11-20_10-42-45_filtered_2026-04-09_04-58-44,4,74,0.16394999999999982,False,False,0,0,0.0,0.0,False,False,0,0,0.0,0.0,False,False,0,0,0.0,0.0,False,False,0,0,0.0,0.0,False,False,0,0,0.0,0.0,False,False,0,0,0.0,0.0
409828_2018-11-20_10-42-45_filtered_2026-04-09_04-58-44,4,76,0.16394999999999982,False,False,0,0,0.0,0.0,False,False,0,0,0.0,0.0,False,False,0,0,0.0,0.0,False,False,0,0,0.0,0.0,False,False,0,0,0.0,0.0,False,False,0,0,0.0,0.0
409828_2018-11-20_10-42-45_filtered_2026-04-09_04-58-44,4,77,0.16394999999999982,False,False,0,0,0.0,0.0,False,False,0,0,0.0,0.0,False,False,0,0,0.0,0.0,False,False,0,0,0.0,0.0,False,False,0,0,0.0,0.0,False,False,0,0,0.0,0.0
409828_2018-11-20_10-42-45_filtered_2026-04-09_04-58-44,4,78,0.16394999999999982,False,False,0,0,0.0,0.0,False,False,0,0,0.0,0.0,False,False,0,0,0.0,0.0,False,False,0,0,0.0,0.0,False,False,0,0,0.0,0.0,False,False,0,0,0.0,0.0
409828_2018-11-20_10-42-45_filtered_2026-04-09_04-58-44,4,79,0.16394999999999982,False,False,0,0,0.0,0.0,False,False,0,0,0.0,0.0,False,False,0,0,0.0,0.0,False,False,0,0,0.0,0.0,False,False,0,0,0.0,0.0,False,False,0,0,0.0,0.0
409828_2018-11-20_10-42-45_filtered_2026-04-09_04-58-44,4,81,0.16394999999999982,False,False,0,0,0.0,0.0,False,False,0,0,0.0,0.0,False,False,0,0,0.0,0.0,False,False,0,0,0.0,0.0,False,False,0,0,0.0,0.0,False,False,0,0,0.0,0.0
409828_2018-11-20_10-42-45_filtered_2026-04-09_04-58-44,4,82,0.16394999999999982,False,False,0,0,0.0,0.0,False,False,0,0,0.0,0.0,False,False,0,0,0.0,0.0,False,False,0,0,0.0,0.0,False,False,0,0,0.0,0.0,False,False,0,0,0.0,0.0
409828_2018-11-20_10-42-45_filtered_2026-04-09_04-58-44,4,83,0.16394999999999982,False,False,0,0,0.0,0.0,False,False,0,0,0.0,0.0,False,False,0,0,0.0,0.0,False,False,0,0,0.0,0.0,False,False,0,0,0.0,0.0,False,False,0,0,0.0,0.0
409828_2018-11-20_10-42-45_filtered_2026-04-09_04-58-44,4,84,0.16394999999999982,False,False,0,0,0.0,0.0,False,False,0,0,0.0,0.0,False,False,0,0,0.0,0.0,False,False,0,0,0.0,0.0,False,False,0,0,0.0,0.0,False,False,0,0,0.0,0.0
409828_2018-11-20_10-42-45_filtered_2026-04-09_04-58-44,4,85,0.16394999999999982,False,False,0,0,0.0,0.0,False,False,0,0,0.0,0.0,False,False,0,0,0.0,0.0,False,False,0,0,0.0,0.0,False,False,0,0,0.0,0.0,False,False,0,0,0.0,0.0
409828_2018-11-20_10-42-45_filtered_2026-04-09_04-58-44,4,86,0.16394999999999982,False,False,0,0,0.0,0.0,False,False,0,0,0.0,0.0,True,False,1,0,1.0,0.0,False,False,0,0,0.0,0.0,False,False,0,0,0.0,0.0,False,False,0,0,0.0,0.0
409828_2018-11-20_10-42-45_filtered_2026-04-09_04-58-44,4,87,0.16394999999999982,False,False,0,0,0.0,0.0,False,False,0,0,0.0,0.0,True,False,1,0,1.0,0.0,False,False,0,0,0.0,0.0,True,False,1,0,1.0,0.0,True,False,1,0,1.0,0.0
409828_2018-11-20_10-42-45_filtered_2026-04-09_04-58-44,4,88,0.16394999999999982,False,False,0,0,0.0,0.0,False,False,0,0,0.0,0.0,False,False,0,0,0.0,0.0,False,False,0,0,0.0,0.0,False,False,0,0,0.0,0.0,False,False,0,0,0.0,0.0
409828_2018-11-20_10-42-45_filtered_2026-04-09_04-58-44,4,89,0.16394999999999982,False,False,0,0,0.0,0.0,False,False,0,0,0.0,0.0,False,False,0,0,0.0,0.0,False,False,0,0,0.0,0.0,False,False,0,0,0.0,0.0,False,False,0,0,0.0,0.0
409828_2018-11-20_10-42-45_filtered_2026-04-09_04-58-44,4,90,0.16394999999999982,False,False,0,0,0.0,0.0,False,False,0,0,0.0,0.0,False,False,0,0,0.0,0.0,False,False,0,0,0.0,0.0,False,False,0,0,0.0,0.0,False,False,0,0,0.0,0.0
409828_2018-11-20_10-42-45_filtered_2026-04-09_04-58-44,4,91,0.16394999999999982,False,False,0,0,0.0,0.0,False,False,0,0,0.0,0.0,False,False,0,0,0.0,0.0,False,False,0,0,0.0,0.0,False,False,0,0,0.0,0.0,False,False,0,0,0.0,0.0
409828_2018-11-20_10-42-45_filtered_2026-04-09_04-58-44,4,92,0.16394999999999982,False,False,0,0,0.0,0.0,False,False,0,0,0.0,0.0,False,False,0,0,0.0,0.0,False,False,0,0,0.0,0.0,False,False,0,0,0.0,0.0,False,False,0,0,0.0,0.0
409828_2018-11-20_10-42-45_filtered_2026-04-09_04-58-44,4,93,0.16394999999999982,False,False,0,0,0.0,0.0,False,False,0,0,0.0,0.0,False,False,0,0,0.0,0.0,False,False,0,0,0.0,0.0,False,False,0,0,0.0,0.0,False,False,0,0,0.0,0.0
409828_2018-11-20_10-42-45_filtered_2026-04-09_04-58-44,4,94,0.16394999999999982,False,False,0,0,0.0,0.0,False,False,0,0,0.0,0.0,False,False,0,0,0.0,0.0,False,False,0,0,0.0,0.0,False,False,0,0,0.0,0.0,False,False,0,0,0.0,0.0
409828_2018-11-20_10-42-45_filtered_2026-04-09_04-58-44,4,95,0.16394999999999982,False,False,0,0,0.0,0.0,False,False,0,0,0.0,0.0,False,False,0,0,0.0,0.0,False,False,0,0,0.0,0.0,False,False,0,0,0.0,0.0,False,False,0,0,0.0,0.0
409828_2018-11-20_10-42-45_filtered_2026-04-09_04-58-44,4,96,0.16394999999999982,False,False,0,0,0.0,0.0,False,False,0,0,0.0,0.0,False,False,0,0,0.0,0.0,False,False,0,0,0.0,0.0,False,False,0,0,0.0,0.0,False,False,0,0,0.0,0.0
409828_2018-11-20_10-42-45_filtered_2026-04-09_04-58-44,4,97,0.16394999999999982,True,True,18,18,0.13333333333333333,0.19444444444444445,True,True,12,12,0.25,0.25,True,True,8,3,0.5625,0.9583333333333334,True,True,1,1,1.0,1.0,True,True,10,14,0.6176470588235294,0.2,True,True,1,1,1.0,1.0
409828_2018-11-20_10-42-45_filtered_2026-04-09_04-58-44,4,98,0.16394999999999982,False,False,0,0,0.0,0.0,False,False,0,0,0.0,0.0,False,False,0,0,0.0,0.0,False,False,0,0,0.0,0.0,False,False,0,0,0.0,0.0,False,False,0,0,0.0,0.0
409828_2018-11-20_10-42-45_filtered_2026-04-09_04-58-44,4,99,0.16394999999999982,False,False,0,0,0.0,0.0,False,False,0,0,0.0,0.0,False,False,0,0,0.0,0.0,False,False,0,0,0.0,0.0,False,False,0,0,0.0,0.0,False,False,0,0,0.0,0.0
409828_2018-11-20_10-42-45_filtered_2026-04-09_04-58-44,4,100,0.16394999999999982,False,False,0,0,0.0,0.0,False,False,0,0,0.0,0.0,False,False,0,0,0.0,0.0,False,False,0,0,0.0,0.0,False,False,0,0,0.0,0.0,False,False,0,0,0.0,0.0
409828_2018-11-20_10-42-45_filtered_2026-04-09_04-58-44,4,101,0.16394999999999982,True,True,2,3,0.5,0.3333333333333333,True,True,9,13,0.18181818181818182,0.2631578947368421,True,True,14,14,0.2,0.17857142857142858,False,False,0,0,0.0,0.0,True,True,1,2,1.0,0.6666666666666666,True,True,10,8,0.14285714285714285,0.26666666666666666
409828_2018-11-20_10-42-45_filtered_2026-04-09_04-58-44,4,102,0.16394999999999982,False,False,0,0,0.0,0.0,False,False,0,0,0.0,0.0,False,False,0,0,0.0,0.0,False,False,0,0,0.0,0.0,False,False,0,0,0.0,0.0,False,False,0,0,0.0,0.0
409828_2018-11-20_10-42-45_filtered_2026-04-09_04-58-44,4,104,0.16394999999999982,False,False,0,0,0.0,0.0,False,False,0,0,0.0,0.0,False,False,0,0,0.0,0.0,False,False,0,0,0.0,0.0,False,False,0,0,0.0,0.0,False,False,0,0,0.0,0.0
409828_2018-11-20_10-42-45_filtered_2026-04-09_04-58-44,4,105,0.16394999999999982,True,True,9,8,0.3076923076923077,0.125,True,True,17,16,0.16279069767441862,0.3125,True,True,13,15,0.20408163265306123,0.17777777777777778,False,False,0,0,0.0,0.0,True,True,5,3,0.2,0.5,True,True,10,11,0.4716981132075472,0.3695652173913043
409828_2018-11-20_10-42-45_filtered_2026-04-09_04-58-44,4,106,0.16394999999999982,False,False,0,0,0.0,0.0,False,False,0,0,0.0,0.0,False,False,0,0,0.0,0.0,False,False,0,0,0.0,0.0,False,False,0,0,0.0,0.0,False,False,0,0,0.0,0.0
409828_2018-11-20_10-42-45_filtered_2026-04-09_04-58-44,4,107,0.16394999999999982,False,False,0,0,0.0,0.0,False,False,0,0,0.0,0.0,False,False,0,0,0.0,0.0,False,False,0,0,0.0,0.0,False,False,0,0,0.0,0.0,False,False,0,0,0.0,0.0
409828_2018-11-20_10-42-45_filtered_2026-04-09_04-58-44,4,108,0.16394999999999982,True,True,2,3,0.6666666666666666,0.3333333333333333,True,True,6,11,0.3333333333333333,0.09090909090909091,True,True,10,15,0.21052631578947367,0.21739130434782608,False,False,0,0,0.0,0.0,True,True,1,2,1.0,0.5,True,True,7,8,0.14285714285714285,0.2
409828_2018-11-20_10-42-45_filtered_2026-04-09_04-58-44,4,109,0.16394999999999982,True,True,7,7,0.25,0.2222222222222222,True,True,14,12,0.11764705882352941,0.18181818181818182,True,True,20,13,0.23529411764705882,0.29411764705882354,False,False,0,0,0.0,0.0,True,True,3,1,0.5,1.0,True,True,12,15,0.16129032258064516,0.2
409828_2018-11-20_10-42-45_filtered_2026-04-09_04-58-44,4,110,0.16394999999999982,False,False,0,0,0.0,0.0,False,False,0,0,0.0,0.0,False,False,0,0,0.0,0.0,False,False,0,0,0.0,0.0,False,False,0,0,0.0,0.0,False,False,0,0,0.0,0.0
409828_2018-11-20_10-42-45_filtered_2026-04-09_04-58-44,4,111,0.16394999999999982,False,False,0,0,0.0,0.0,False,False,0,0,0.0,0.0,False,False,0,0,0.0,0.0,False,False,0,0,0.0,0.0,False,False,0,0,0.0,0.0,False,False,0,0,0.0,0.0
409828_2018-11-20_10-42-45_filtered_2026-04-09_04-58-44,4,113,0.16394999999999982,False,False,0,0,0.0,0.0,False,False,0,0,0.0,0.0,False,False,0,0,0.0,0.0,False,False,0,0,0.0,0.0,False,False,0,0,0.0,0.0,False,False,0,0,0.0,0.0
409828_2018-11-20_10-42-45_filtered_2026-04-09_04-58-44,4,115,0.16394999999999982,False,False,0,0,0.0,0.0,False,False,0,0,0.0,0.0,True,True,5,2,0.3333333333333333,0.6666666666666666,False,False,0,0,0.0,0.0,True,False,1,0,1.0,0.0,True,True,2,1,0.6666666666666666,1.0
409828_2018-11-20_10-42-45_filtered_2026-04-09_04-58-44,4,117,0.16394999999999982,False,False,0,0,0.0,0.0,False,False,0,0,0.0,0.0,False,False,0,0,0.0,0.0,False,False,0,0,0.0,0.0,False,False,0,0,0.0,0.0,False,False,0,0,0.0,0.0
409828_2018-11-20_10-42-45_filtered_2026-04-09_04-58-44,4,118,0.16394999999999982,False,False,0,0,0.0,0.0,False,False,0,0,0.0,0.0,False,False,0,0,0.0,0.0,False,False,0,0,0.0,0.0,False,False,0,0,0.0,0.0,False,False,0,0,0.0,0.0
409828_2018-11-20_10-42-45_filtered_2026-04-09_04-58-44,4,120,0.16394999999999982,False,False,0,0,0.0,0.0,False,False,0,0,0.0,0.0,False,False,0,0,0.0,0.0,False,False,0,0,0.0,0.0,False,False,0,0,0.0,0.0,False,False,0,0,0.0,0.0
409828_2018-11-20_10-42-45_filtered_2026-04-09_04-58-44,4,121,0.16394999999999982,False,False,0,0,0.0,0.0,False,False,0,0,0.0,0.0,False,False,0,0,0.0,0.0,False,False,0,0,0.0,0.0,False,False,0,0,0.0,0.0,False,False,0,0,0.0,0.0
409828_2018-11-20_10-42-45_filtered_2026-04-09_04-58-44,4,125,0.16394999999999982,False,False,0,0,0.0,0.0,False,False,0,0,0.0,0.0,False,False,0,0,0.0,0.0,False,False,0,0,0.0,0.0,False,False,0,0,0.0,0.0,False,False,0,0,0.0,0.0
409828_2018-11-20_10-42-45_filtered_2026-04-09_04-58-44,4,126,0.16394999999999982,False,False,0,0,0.0,0.0,False,False,0,0,0.0,0.0,False,False,0,0,0.0,0.0,False,False,0,0,0.0,0.0,False,False,0,0,0.0,0.0,False,False,0,0,0.0,0.0
409828_2018-11-20_10-42-45_filtered_2026-04-09_04-58-44,4,127,0.16394999999999982,False,True,0,1,0.0,1.0,False,False,0,0,0.0,0.0,False,False,0,0,0.0,0.0,False,False,0,0,0.0,0.0,False,False,0,0,0.0,0.0,False,False,0,0,0.0,0.0
409828_2018-11-20_10-42-45_filtered_2026-04-09_04-58-44,4,128,0.16394999999999982,False,False,0,0,0.0,0.0,False,False,0,0,0.0,0.0,False,False,0,0,0.0,0.0,False,False,0,0,0.0,0.0,False,False,0,0,0.0,0.0,False,False,0,0,0.0,0.0
409828_2018-11-20_10-42-45_filtered_2026-04-09_04-58-44,4,130,0.16394999999999982,False,False,0,0,0.0,0.0,False,False,0,0,0.0,0.0,False,False,0,0,0.0,0.0,False,False,0,0,0.0,0.0,False,False,0,0,0.0,0.0,False,False,0,0,0.0,0.0
409828_2018-11-20_10-42-45_filtered_2026-04-09_04-58-44,4,131,0.16394999999999982,False,False,0,0,0.0,0.0,False,False,0,0,0.0,0.0,False,False,0,0,0.0,0.0,False,False,0,0,0.0,0.0,False,False,0,0,0.0,0.0,False,False,0,0,0.0,0.0
409828_2018-11-20_10-42-45_filtered_2026-04-09_04-58-44,4,132,0.16394999999999982,True,True,5,2,0.2,0.5,True,True,3,8,0.3333333333333333,0.125,True,True,13,14,0.15,0.16666666666666666,False,False,0,0,0.0,0.0,False,True,0,1,0.0,1.0,True,True,4,8,0.25,0.3333333333333333
409828_2018-11-20_10-42-45_filtered_2026-04-09_04-58-44,4,137,0.16394999999999982,False,False,0,0,0.0,0.0,False,False,0,0,0.0,0.0,False,False,0,0,0.0,0.0,False,False,0,0,0.0,0.0,False,False,0,0,0.0,0.0,False,False,0,0,0.0,0.0
409828_2018-11-20_10-42-45_filtered_2026-04-09_04-58-44,4,138,0.16394999999999982,True,False,1,0,1.0,0.0,False,False,0,0,0.0,0.0,False,False,0,0,0.0,0.0,False,False,0,0,0.0,0.0,False,False,0,0,0.0,0.0,False,False,0,0,0.0,0.0
409828_2018-11-20_10-42-45_filtered_2026-04-09_04-58-44,4,139,0.16394999999999982,False,False,0,0,0.0,0.0,False,False,0,0,0.0,0.0,False,False,0,0,0.0,0.0,False,False,0,0,0.0,0.0,False,False,0,0,0.0,0.0,False,False,0,0,0.0,0.0
409828_2018-11-20_10-42-45_filtered_2026-04-09_04-58-44,4,140,0.16394999999999982,False,False,0,0,0.0,0.0,True,False,2,0,0.5,0.0,True,True,1,4,1.0,0.25,False,False,0,0,0.0,0.0,False,True,0,1,0.0,1.0,True,True,1,1,1.0,1.0
409828_2018-11-20_10-42-45_filtered_2026-04-09_04-58-44,4,141,0.16394999999999982,False,False,0,0,0.0,0.0,False,False,0,0,0.0,0.0,False,False,0,0,0.0,0.0,False,False,0,0,0.0,0.0,False,False,0,0,0.0,0.0,False,False,0,0,0.0,0.0
409828_2018-11-20_10-42-45_filtered_2026-04-09_04-58-44,4,142,0.16394999999999982,False,False,0,0,0.0,0.0,False,False,0,0,0.0,0.0,False,False,0,0,0.0,0.0,False,False,0,0,0.0,0.0,False,False,0,0,0.0,0.0,False,False,0,0,0.0,0.0
409828_2018-11-20_10-42-45_filtered_2026-04-09_04-58-44,4,143,0.16394999999999982,False,False,0,0,0.0,0.0,False,False,0,0,0.0,0.0,False,False,0,0,0.0,0.0,False,False,0,0,0.0,0.0,False,False,0,0,0.0,0.0,False,False,0,0,0.0,0.0
409828_2018-11-20_10-42-45_filtered_2026-04-09_04-58-44,4,144,0.16394999999999982,False,False,0,0,0.0,0.0,False,False,0,0,0.0,0.0,False,False,0,0,0.0,0.0,False,False,0,0,0.0,0.0,False,False,0,0,0.0,0.0,False,False,0,0,0.0,0.0
409828_2018-11-20_10-42-45_filtered_2026-04-09_04-58-44,4,146,0.16394999999999982,False,False,0,0,0.0,0.0,False,False,0,0,0.0,0.0,False,False,0,0,0.0,0.0,False,False,0,0,0.0,0.0,False,False,0,0,0.0,0.0,False,False,0,0,0.0,0.0
409828_2018-11-20_10-42-45_filtered_2026-04-09_04-58-44,4,147,0.16394999999999982,True,True,3,2,0.3333333333333333,0.5,True,False,4,0,0.25,0.0,True,True,6,4,0.2857142857142857,0.5,False,False,0,0,0.0,0.0,False,True,0,1,0.0,1.0,True,True,2,4,0.5,0.5714285714285714
409828_2018-11-20_10-42-45_filtered_2026-04-09_04-58-44,4,148,0.16394999999999982,False,False,0,0,0.0,0.0,False,False,0,0,0.0,0.0,True,False,1,0,1.0,0.0,False,False,0,0,0.0,0.0,False,False,0,0,0.0,0.0,False,False,0,0,0.0,0.0
409828_2018-11-20_10-42-45_filtered_2026-04-09_04-58-44,4,149,0.16394999999999982,False,False,0,0,0.0,0.0,False,False,0,0,0.0,0.0,False,False,0,0,0.0,0.0,False,False,0,0,0.0,0.0,False,False,0,0,0.0,0.0,False,False,0,0,0.0,0.0
409828_2018-11-20_10-42-45_filtered_2026-04-09_04-58-44,4,150,0.16394999999999982,True,True,1,1,1.0,1.0,True,True,6,7,0.16666666666666666,0.14285714285714285,True,True,10,10,0.25,0.2,False,False,0,0,0.0,0.0,True,True,1,2,1.0,0.6666666666666666,True,True,6,5,0.375,0.3333333333333333
409828_2018-11-20_10-42-45_filtered_2026-04-09_04-58-44,4,152,0.16394999999999982,False,False,0,0,0.0,0.0,False,False,0,0,0.0,0.0,False,False,0,0,0.0,0.0,False,False,0,0,0.0,0.0,False,False,0,0,0.0,0.0,False,False,0,0,0.0,0.0
409828_2018-11-20_10-42-45_filtered_2026-04-09_04-58-44,4,153,0.16394999999999982,False,False,0,0,0.0,0.0,False,False,0,0,0.0,0.0,False,False,0,0,0.0,0.0,False,False,0,0,0.0,0.0,False,False,0,0,0.0,0.0,False,False,0,0,0.0,0.0
409828_2018-11-20_10-42-45_filtered_2026-04-09_04-58-44,4,156,0.16394999999999982,False,False,0,0,0.0,0.0,False,False,0,0,0.0,0.0,False,False,0,0,0.0,0.0,False,False,0,0,0.0,0.0,False,False,0,0,0.0,0.0,False,False,0,0,0.0,0.0
409828_2018-11-20_10-42-45_filtered_2026-04-09_04-58-44,4,159,0.16394999999999982,False,False,0,0,0.0,0.0,False,False,0,0,0.0,0.0,False,False,0,0,0.0,0.0,False,False,0,0,0.0,0.0,False,False,0,0,0.0,0.0,False,False,0,0,0.0,0.0
409828_2018-11-20_10-42-45_filtered_2026-04-09_04-58-44,4,160,0.16394999999999982,False,False,0,0,0.0,0.0,True,False,1,0,1.0,0.0,False,False,0,0,0.0,0.0,False,False,0,0,0.0,0.0,False,False,0,0,0.0,0.0,False,False,0,0,0.0,0.0
409828_2018-11-20_10-42-45_filtered_2026-04-09_04-58-44,4,161,0.16394999999999982,False,False,0,0,0.0,0.0,False,False,0,0,0.0,0.0,False,False,0,0,0.0,0.0,False,False,0,0,0.0,0.0,False,False,0,0,0.0,0.0,False,False,0,0,0.0,0.0
409828_2018-11-20_10-42-45_filtered_2026-04-09_04-58-44,4,162,0.16394999999999982,True,False,1,0,1.0,0.0,False,True,0,3,0.0,0.3333333333333333,False,False,0,0,0.0,0.0,False,False,0,0,0.0,0.0,False,False,0,0,0.0,0.0,True,True,2,1,0.5,1.0
409828_2018-11-20_10-42-45_filtered_2026-04-09_04-58-44,4,164,0.16394999999999982,False,False,0,0,0.0,0.0,False,False,0,0,0.0,0.0,False,False,0,0,0.0,0.0,False,False,0,0,0.0,0.0,False,False,0,0,0.0,0.0,False,False,0,0,0.0,0.0
409828_2018-11-20_10-42-45_filtered_2026-04-09_04-58-44,4,165,0.16394999999999982,False,False,0,0,0.0,0.0,False,False,0,0,0.0,0.0,False,False,0,0,0.0,0.0,False,False,0,0,0.0,0.0,False,False,0,0,0.0,0.0,False,False,0,0,0.0,0.0
409828_2018-11-20_10-42-45_filtered_2026-04-09_04-58-44,4,166,0.16394999999999982,False,False,0,0,0.0,0.0,False,False,0,0,0.0,0.0,False,False,0,0,0.0,0.0,False,False,0,0,0.0,0.0,False,False,0,0,0.0,0.0,False,False,0,0,0.0,0.0
409828_2018-11-20_10-42-45_filtered_2026-04-09_04-58-44,4,167,0.16394999999999982,False,False,0,0,0.0,0.0,False,False,0,0,0.0,0.0,False,False,0,0,0.0,0.0,False,False,0,0,0.0,0.0,False,False,0,0,0.0,0.0,False,False,0,0,0.0,0.0
409828_2018-11-20_10-42-45_filtered_2026-04-09_04-58-44,4,168,0.16394999999999982,True,False,1,0,1.0,0.0,True,False,1,0,1.0,0.0,True,True,5,3,0.2,0.5,False,False,0,0,0.0,0.0,False,True,0,2,0.0,0.75,True,True,3,2,0.3333333333333333,0.75
409828_2018-11-20_10-42-45_filtered_2026-04-09_04-58-44,4,170,0.16394999999999982,False,False,0,0,0.0,0.0,False,False,0,0,0.0,0.0,False,True,0,1,0.0,1.0,False,False,0,0,0.0,0.0,False,False,0,0,0.0,0.0,False,False,0,0,0.0,0.0
409828_2018-11-20_10-42-45_filtered_2026-04-09_04-58-44,4,174,0.16394999999999982,False,False,0,0,0.0,0.0,False,False,0,0,0.0,0.0,False,False,0,0,0.0,0.0,False,False,0,0,0.0,0.0,False,False,0,0,0.0,0.0,False,False,0,0,0.0,0.0
409828_2018-11-20_10-42-45_filtered_2026-04-09_04-58-44,4,179,0.16394999999999982,False,False,0,0,0.0,0.0,False,False,0,0,0.0,0.0,False,False,0,0,0.0,0.0,False,False,0,0,0.0,0.0,False,False,0,0,0.0,0.0,False,False,0,0,0.0,0.0
409828_2018-11-20_10-42-45_filtered_2026-04-09_04-58-44,4,180,0.16394999999999982,False,False,0,0,0.0,0.0,False,False,0,0,0.0,0.0,False,False,0,0,0.0,0.0,False,False,0,0,0.0,0.0,False,False,0,0,0.0,0.0,False,False,0,0,0.0,0.0
409828_2018-11-20_10-42-45_filtered_2026-04-09_04-58-44,4,186,0.16394999999999982,False,False,0,0,0.0,0.0,False,False,0,0,0.0,0.0,True,False,3,0,0.5,0.0,False,False,0,0,0.0,0.0,True,False,1,0,1.0,0.0,True,False,1,0,1.0,0.0
409828_2018-11-20_10-42-45_filtered_2026-04-09_04-58-44,4,192,0.16394999999999982,False,False,0,0,0.0,0.0,False,False,0,0,0.0,0.0,False,False,0,0,0.0,0.0,False,False,0,0,0.0,0.0,False,False,0,0,0.0,0.0,False,False,0,0,0.0,0.0
409828_2018-11-20_10-42-45_filtered_2026-04-09_04-58-44,4,198,0.16394999999999982,False,False,0,0,0.0,0.0,False,False,0,0,0.0,0.0,False,False,0,0,0.0,0.0,False,False,0,0,0.0,0.0,False,False,0,0,0.0,0.0,False,False,0,0,0.0,0.0
409828_2018-11-20_10-42-45_filtered_2026-04-09_04-58-44,4,200,0.16394999999999982,False,False,0,0,0.0,0.0,False,False,0,0,0.0,0.0,False,False,0,0,0.0,0.0,False,False,0,0,0.0,0.0,False,False,0,0,0.0,0.0,False,False,0,0,0.0,0.0
409828_2018-11-20_10-42-45_filtered_2026-04-09_04-58-44,4,203,0.16394999999999982,False,False,0,0,0.0,0.0,False,False,0,0,0.0,0.0,False,False,0,0,0.0,0.0,False,False,0,0,0.0,0.0,False,False,0,0,0.0,0.0,False,False,0,0,0.0,0.0
409828_2018-11-20_10-42-45_filtered_2026-04-09_04-58-44,4,206,0.16394999999999982,False,False,0,0,0.0,0.0,False,False,0,0,0.0,0.0,False,False,0,0,0.0,0.0,False,False,0,0,0.0,0.0,False,False,0,0,0.0,0.0,False,False,0,0,0.0,0.0
409828_2018-11-20_10-42-45_filtered_2026-04-09_04-58-44,4,211,0.16394999999999982,False,False,0,0,0.0,0.0,True,False,1,0,1.0,0.0,False,False,0,0,0.0,0.0,False,False,0,0,0.0,0.0,False,False,0,0,0.0,0.0,False,False,0,0,0.0,0.0
409828_2018-11-20_10-42-45_filtered_2026-04-09_04-58-44,4,213,0.16394999999999982,False,False,0,0,0.0,0.0,False,False,0,0,0.0,0.0,False,False,0,0,0.0,0.0,False,False,0,0,0.0,0.0,False,False,0,0,0.0,0.0,False,False,0,0,0.0,0.0
409828_2018-11-20_10-42-45_filtered_2026-04-09_04-58-44,4,214,0.16394999999999982,False,False,0,0,0.0,0.0,False,False,0,0,0.0,0.0,False,False,0,0,0.0,0.0,False,False,0,0,0.0,0.0,False,False,0,0,0.0,0.0,False,False,0,0,0.0,0.0
409828_2018-11-20_10-42-45_filtered_2026-04-09_04-58-44,4,215,0.16394999999999982,False,False,0,0,0.0,0.0,False,False,0,0,0.0,0.0,False,False,0,0,0.0,0.0,False,False,0,0,0.0,0.0,False,False,0,0,0.0,0.0,False,False,0,0,0.0,0.0
409828_2018-11-20_10-42-45_filtered_2026-04-09_04-58-44,4,224,0.16394999999999982,False,False,0,0,0.0,0.0,False,False,0,0,0.0,0.0,False,True,0,1,0.0,1.0,False,False,0,0,0.0,0.0,False,True,0,1,0.0,1.0,False,False,0,0,0.0,0.0
409828_2018-11-20_10-42-45_filtered_2026-04-09_04-58-44,4,226,0.16394999999999982,False,False,0,0,0.0,0.0,False,False,0,0,0.0,0.0,False,False,0,0,0.0,0.0,False,False,0,0,0.0,0.0,False,False,0,0,0.0,0.0,False,False,0,0,0.0,0.0
409828_2018-11-20_10-42-45_filtered_2026-04-09_04-58-44,4,230,0.16394999999999982,False,False,0,0,0.0,0.0,False,False,0,0,0.0,0.0,False,True,0,1,0.0,1.0,False,False,0,0,0.0,0.0,True,True,1,1,1.0,1.0,False,True,0,1,0.0,1.0
409828_2018-11-20_10-42-45_filtered_2026-04-09_04-58-44,4,242,0.16394999999999982,False,False,0,0,0.0,0.0,False,False,0,0,0.0,0.0,False,False,0,0,0.0,0.0,False,False,0,0,0.0,0.0,False,False,0,0,0.0,0.0,False,False,0,0,0.0,0.0
409828_2018-11-20_10-42-45_filtered_2026-04-09_04-58-44,4,272,0.16394999999999982,False,False,0,0,0.0,0.0,False,False,0,0,0.0,0.0,False,False,0,0,0.0,0.0,False,False,0,0,0.0,0.0,False,False,0,0,0.0,0.0,False,False,0,0,0.0,0.0
409828_2018-11-20_10-42-45_filtered_2026-04-09_04-58-44,4,276,0.16394999999999982,False,False,0,0,0.0,0.0,False,False,0,0,0.0,0.0,False,False,0,0,0.0,0.0,False,False,0,0,0.0,0.0,False,False,0,0,0.0,0.0,False,False,0,0,0.0,0.0
409828_2018-11-20_10-42-45_filtered_2026-04-09_04-58-44,4,295,0.16394999999999982,False,False,0,0,0.0,0.0,False,False,0,0,0.0,0.0,False,False,0,0,0.0,0.0,False,False,0,0,0.0,0.0,False,False,0,0,0.0,0.0,False,False,0,0,0.0,0.0
409828_2018-11-20_10-42-45_filtered_2026-04-09_04-58-44,4,324,0.16394999999999982,False,False,0,0,0.0,0.0,False,False,0,0,0.0,0.0,False,False,0,0,0.0,0.0,False,False,0,0,0.0,0.0,False,False,0,0,0.0,0.0,False,False,0,0,0.0,0.0
409828_2018-11-20_10-42-45_filtered_2026-04-09_04-58-44,4,328,0.16394999999999982,False,False,0,0,0.0,0.0,False,False,0,0,0.0,0.0,False,False,0,0,0.0,0.0,False,False,0,0,0.0,0.0,False,False,0,0,0.0,0.0,False,False,0,0,0.0,0.0
409828_2018-11-20_10-42-45_filtered_2026-04-09_04-58-44,4,337,0.16394999999999982,False,False,0,0,0.0,0.0,False,False,0,0,0.0,0.0,False,False,0,0,0.0,0.0,False,False,0,0,0.0,0.0,False,False,0,0,0.0,0.0,False,False,0,0,0.0,0.0
409828_2018-11-20_10-42-45_filtered_2026-04-09_04-58-44,4,347,0.16394999999999982,False,False,0,0,0.0,0.0,False,False,0,0,0.0,0.0,True,False,1,0,1.0,0.0,False,False,0,0,0.0,0.0,False,False,0,0,0.0,0.0,False,False,0,0,0.0,0.0
409828_2018-11-20_10-42-45_filtered_2026-04-09_04-58-44,4,370,0.16394999999999982,False,False,0,0,0.0,0.0,False,False,0,0,0.0,0.0,False,False,0,0,0.0,0.0,False,False,0,0,0.0,0.0,False,False,0,0,0.0,0.0,False,False,0,0,0.0,0.0
409828_2018-11-20_10-42-45_filtered_2026-04-09_04-58-44,4,377,0.16394999999999982,False,False,0,0,0.0,0.0,False,False,0,0,0.0,0.0,False,False,0,0,0.0,0.0,False,False,0,0,0.0,0.0,False,False,0,0,0.0,0.0,False,False,0,0,0.0,0.0
409828_2018-11-20_10-42-45_filtered_2026-04-09_04-58-44,4,396,0.16394999999999982,False,False,0,0,0.0,0.0,False,False,0,0,0.0,0.0,False,False,0,0,0.0,0.0,False,False,0,0,0.0,0.0,False,False,0,0,0.0,0.0,False,False,0,0,0.0,0.0
409828_2018-11-20_10-42-45_filtered_2026-04-09_04-58-44,4,596,0.16394999999999982,False,False,0,0,0.0,0.0,False,False,0,0,0.0,0.0,False,False,0,0,0.0,0.0,False,False,0,0,0.0,0.0,False,False,0,0,0.0,0.0,False,False,0,0,0.0,0.0
409828_2018-11-20_10-42-45_filtered_2026-04-09_04-58-44,5,0,0.16394999999999982,False,False,0,0,0.0,0.0,False,False,0,0,0.0,0.0,False,False,0,0,0.0,0.0,False,False,0,0,0.0,0.0,False,False,0,0,0.0,0.0,False,False,0,0,0.0,0.0
409828_2018-11-20_10-42-45_filtered_2026-04-09_04-58-44,5,1,0.16394999999999982,False,False,0,0,0.0,0.0,False,False,0,0,0.0,0.0,False,False,0,0,0.0,0.0,False,False,0,0,0.0,0.0,False,False,0,0,0.0,0.0,False,False,0,0,0.0,0.0
409828_2018-11-20_10-42-45_filtered_2026-04-09_04-58-44,5,2,0.16394999999999982,False,False,0,0,0.0,0.0,False,False,0,0,0.0,0.0,False,False,0,0,0.0,0.0,False,False,0,0,0.0,0.0,False,False,0,0,0.0,0.0,False,False,0,0,0.0,0.0
409828_2018-11-20_10-42-45_filtered_2026-04-09_04-58-44,5,3,0.16394999999999982,False,False,0,0,0.0,0.0,False,False,0,0,0.0,0.0,False,False,0,0,0.0,0.0,False,False,0,0,0.0,0.0,False,False,0,0,0.0,0.0,False,False,0,0,0.0,0.0
409828_2018-11-20_10-42-45_filtered_2026-04-09_04-58-44,5,4,0.16394999999999982,False,False,0,0,0.0,0.0,False,False,0,0,0.0,0.0,False,False,0,0,0.0,0.0,False,False,0,0,0.0,0.0,False,False,0,0,0.0,0.0,False,False,0,0,0.0,0.0
409828_2018-11-20_10-42-45_filtered_2026-04-09_04-58-44,5,5,0.16394999999999982,False,False,0,0,0.0,0.0,True,False,1,0,1.0,0.0,True,False,1,0,1.0,0.0,False,False,0,0,0.0,0.0,False,False,0,0,0.0,0.0,False,False,0,0,0.0,0.0
409828_2018-11-20_10-42-45_filtered_2026-04-09_04-58-44,5,6,0.16394999999999982,False,False,0,0,0.0,0.0,False,False,0,0,0.0,0.0,False,False,0,0,0.0,0.0,False,False,0,0,0.0,0.0,False,False,0,0,0.0,0.0,False,False,0,0,0.0,0.0
409828_2018-11-20_10-42-45_filtered_2026-04-09_04-58-44,5,7,0.16394999999999982,False,False,0,0,0.0,0.0,False,False,0,0,0.0,0.0,False,False,0,0,0.0,0.0,False,False,0,0,0.0,0.0,False,False,0,0,0.0,0.0,False,False,0,0,0.0,0.0
409828_2018-11-20_10-42-45_filtered_2026-04-09_04-58-44,5,8,0.16394999999999982,False,False,0,0,0.0,0.0,False,False,0,0,0.0,0.0,False,False,0,0,0.0,0.0,False,False,0,0,0.0,0.0,False,False,0,0,0.0,0.0,False,False,0,0,0.0,0.0
409828_2018-11-20_10-42-45_filtered_2026-04-09_04-58-44,5,9,0.16394999999999982,False,False,0,0,0.0,0.0,False,False,0,0,0.0,0.0,False,True,0,1,0.0,1.0,False,False,0,0,0.0,0.0,False,False,0,0,0.0,0.0,False,False,0,0,0.0,0.0
409828_2018-11-20_10-42-45_filtered_2026-04-09_04-58-44,5,10,0.16394999999999982,False,False,0,0,0.0,0.0,False,False,0,0,0.0,0.0,False,False,0,0,0.0,0.0,False,False,0,0,0.0,0.0,False,False,0,0,0.0,0.0,False,False,0,0,0.0,0.0
409828_2018-11-20_10-42-45_filtered_2026-04-09_04-58-44,5,11,0.16394999999999982,False,False,0,0,0.0,0.0,False,False,0,0,0.0,0.0,False,False,0,0,0.0,0.0,False,False,0,0,0.0,0.0,False,False,0,0,0.0,0.0,False,False,0,0,0.0,0.0
409828_2018-11-20_10-42-45_filtered_2026-04-09_04-58-44,5,12,0.16394999999999982,False,False,0,0,0.0,0.0,False,False,0,0,0.0,0.0,False,False,0,0,0.0,0.0,False,False,0,0,0.0,0.0,False,False,0,0,0.0,0.0,False,True,0,1,0.0,1.0
409828_2018-11-20_10-42-45_filtered_2026-04-09_04-58-44,5,13,0.16394999999999982,False,False,0,0,0.0,0.0,False,False,0,0,0.0,0.0,False,False,0,0,0.0,0.0,False,False,0,0,0.0,0.0,False,False,0,0,0.0,0.0,False,False,0,0,0.0,0.0
409828_2018-11-20_10-42-45_filtered_2026-04-09_04-58-44,5,14,0.16394999999999982,False,False,0,0,0.0,0.0,False,False,0,0,0.0,0.0,False,False,0,0,0.0,0.0,False,False,0,0,0.0,0.0,False,False,0,0,0.0,0.0,False,False,0,0,0.0,0.0
409828_2018-11-20_10-42-45_filtered_2026-04-09_04-58-44,5,15,0.16394999999999982,False,False,0,0,0.0,0.0,False,False,0,0,0.0,0.0,False,False,0,0,0.0,0.0,False,False,0,0,0.0,0.0,False,False,0,0,0.0,0.0,False,False,0,0,0.0,0.0
409828_2018-11-20_10-42-45_filtered_2026-04-09_04-58-44,5,16,0.16394999999999982,False,False,0,0,0.0,0.0,False,False,0,0,0.0,0.0,False,False,0,0,0.0,0.0,False,False,0,0,0.0,0.0,False,False,0,0,0.0,0.0,False,False,0,0,0.0,0.0
409828_2018-11-20_10-42-45_filtered_2026-04-09_04-58-44,5,17,0.16394999999999982,False,False,0,0,0.0,0.0,False,False,0,0,0.0,0.0,False,False,0,0,0.0,0.0,False,False,0,0,0.0,0.0,False,False,0,0,0.0,0.0,False,False,0,0,0.0,0.0
409828_2018-11-20_10-42-45_filtered_2026-04-09_04-58-44,5,18,0.16394999999999982,False,False,0,0,0.0,0.0,False,False,0,0,0.0,0.0,False,False,0,0,0.0,0.0,False,False,0,0,0.0,0.0,False,False,0,0,0.0,0.0,False,False,0,0,0.0,0.0
409828_2018-11-20_10-42-45_filtered_2026-04-09_04-58-44,5,19,0.16394999999999982,True,True,3,3,0.3333333333333333,0.3333333333333333,True,True,2,2,0.5,0.5,True,True,5,4,0.2,0.4,False,False,0,0,0.0,0.0,False,False,0,0,0.0,0.0,True,True,4,2,0.4,0.75
409828_2018-11-20_10-42-45_filtered_2026-04-09_04-58-44,5,20,0.16394999999999982,False,False,0,0,0.0,0.0,False,False,0,0,0.0,0.0,False,False,0,0,0.0,0.0,False,False,0,0,0.0,0.0,False,False,0,0,0.0,0.0,False,False,0,0,0.0,0.0
409828_2018-11-20_10-42-45_filtered_2026-04-09_04-58-44,5,21,0.16394999999999982,False,False,0,0,0.0,0.0,False,False,0,0,0.0,0.0,False,False,0,0,0.0,0.0,False,False,0,0,0.0,0.0,False,False,0,0,0.0,0.0,False,False,0,0,0.0,0.0
409828_2018-11-20_10-42-45_filtered_2026-04-09_04-58-44,5,22,0.16394999999999982,False,False,0,0,0.0,0.0,False,False,0,0,0.0,0.0,False,False,0,0,0.0,0.0,False,False,0,0,0.0,0.0,False,False,0,0,0.0,0.0,False,False,0,0,0.0,0.0
409828_2018-11-20_10-42-45_filtered_2026-04-09_04-58-44,5,23,0.16394999999999982,False,False,0,0,0.0,0.0,False,False,0,0,0.0,0.0,False,False,0,0,0.0,0.0,False,False,0,0,0.0,0.0,False,False,0,0,0.0,0.0,False,False,0,0,0.0,0.0
409828_2018-11-20_10-42-45_filtered_2026-04-09_04-58-44,5,24,0.16394999999999982,False,False,0,0,0.0,0.0,False,False,0,0,0.0,0.0,False,False,0,0,0.0,0.0,False,False,0,0,0.0,0.0,False,False,0,0,0.0,0.0,False,False,0,0,0.0,0.0
409828_2018-11-20_10-42-45_filtered_2026-04-09_04-58-44,5,25,0.16394999999999982,False,False,0,0,0.0,0.0,False,False,0,0,0.0,0.0,False,False,0,0,0.0,0.0,False,False,0,0,0.0,0.0,False,False,0,0,0.0,0.0,False,False,0,0,0.0,0.0
409828_2018-11-20_10-42-45_filtered_2026-04-09_04-58-44,5,26,0.16394999999999982,True,False,1,0,1.0,0.0,True,False,1,0,1.0,0.0,False,False,0,0,0.0,0.0,False,False,0,0,0.0,0.0,False,False,0,0,0.0,0.0,False,False,0,0,0.0,0.0
409828_2018-11-20_10-42-45_filtered_2026-04-09_04-58-44,5,27,0.16394999999999982,False,False,0,0,0.0,0.0,False,False,0,0,0.0,0.0,False,False,0,0,0.0,0.0,False,False,0,0,0.0,0.0,False,False,0,0,0.0,0.0,False,False,0,0,0.0,0.0
409828_2018-11-20_10-42-45_filtered_2026-04-09_04-58-44,5,28,0.16394999999999982,False,False,0,0,0.0,0.0,False,False,0,0,0.0,0.0,False,False,0,0,0.0,0.0,False,False,0,0,0.0,0.0,False,False,0,0,0.0,0.0,False,False,0,0,0.0,0.0
409828_2018-11-20_10-42-45_filtered_2026-04-09_04-58-44,5,29,0.16394999999999982,False,False,0,0,0.0,0.0,False,False,0,0,0.0,0.0,False,False,0,0,0.0,0.0,False,False,0,0,0.0,0.0,False,False,0,0,0.0,0.0,False,False,0,0,0.0,0.0
409828_2018-11-20_10-42-45_filtered_2026-04-09_04-58-44,5,30,0.16394999999999982,False,False,0,0,0.0,0.0,False,False,0,0,0.0,0.0,False,False,0,0,0.0,0.0,False,False,0,0,0.0,0.0,False,False,0,0,0.0,0.0,False,False,0,0,0.0,0.0
409828_2018-11-20_10-42-45_filtered_2026-04-09_04-58-44,5,31,0.16394999999999982,True,True,4,3,0.4,0.3333333333333333,True,True,4,5,0.25,0.3333333333333333,True,True,9,10,0.1111111111111111,0.16666666666666666,False,False,0,0,0.0,0.0,True,True,1,1,1.0,1.0,True,True,3,3,0.5,0.6
409828_2018-11-20_10-42-45_filtered_2026-04-09_04-58-44,5,32,0.16394999999999982,False,False,0,0,0.0,0.0,False,False,0,0,0.0,0.0,False,False,0,0,0.0,0.0,False,False,0,0,0.0,0.0,False,False,0,0,0.0,0.0,False,False,0,0,0.0,0.0
409828_2018-11-20_10-42-45_filtered_2026-04-09_04-58-44,5,33,0.16394999999999982,False,False,0,0,0.0,0.0,False,False,0,0,0.0,0.0,False,False,0,0,0.0,0.0,False,False,0,0,0.0,0.0,False,False,0,0,0.0,0.0,False,False,0,0,0.0,0.0
409828_2018-11-20_10-42-45_filtered_2026-04-09_04-58-44,5,34,0.16394999999999982,False,False,0,0,0.0,0.0,False,False,0,0,0.0,0.0,False,True,0,1,0.0,1.0,False,False,0,0,0.0,0.0,False,False,0,0,0.0,0.0,False,False,0,0,0.0,0.0
409828_2018-11-20_10-42-45_filtered_2026-04-09_04-58-44,5,35,0.16394999999999982,True,True,8,7,0.125,0.25,True,True,14,16,0.2222222222222222,0.19047619047619047,True,True,12,19,0.2727272727272727,0.3170731707317073,False,False,0,0,0.0,0.0,True,False,1,0,1.0,0.0,True,True,11,12,0.22727272727272727,0.25
409828_2018-11-20_10-42-45_filtered_2026-04-09_04-58-44,5,36,0.16394999999999982,False,False,0,0,0.0,0.0,False,False,0,0,0.0,0.0,False,False,0,0,0.0,0.0,False,False,0,0,0.0,0.0,False,False,0,0,0.0,0.0,False,False,0,0,0.0,0.0
409828_2018-11-20_10-42-45_filtered_2026-04-09_04-58-44,5,37,0.16394999999999982,True,True,4,7,0.25,0.14285714285714285,True,True,9,18,0.2727272727272727,0.05555555555555555,True,True,10,14,0.26666666666666666,0.21052631578947367,False,False,0,0,0.0,0.0,True,False,2,0,0.5,0.0,True,True,10,12,0.21052631578947367,0.14285714285714285
409828_2018-11-20_10-42-45_filtered_2026-04-09_04-58-44,5,38,0.16394999999999982,False,False,0,0,0.0,0.0,False,False,0,0,0.0,0.0,False,False,0,0,0.0,0.0,False,False,0,0,0.0,0.0,False,False,0,0,0.0,0.0,False,False,0,0,0.0,0.0
409828_2018-11-20_10-42-45_filtered_2026-04-09_04-58-44,5,39,0.16394999999999982,True,True,18,17,0.20512820512820512,0.25,True,True,19,20,0.13157894736842105,0.275,True,True,7,9,0.8169014084507042,0.3333333333333333,False,False,0,0,0.0,0.0,True,True,10,6,0.16666666666666666,0.375,True,True,8,16,0.2413793103448276,0.3125
409828_2018-11-20_10-42-45_filtered_2026-04-09_04-58-44,5,40,0.16394999999999982,False,False,0,0,0.0,0.0,False,False,0,0,0.0,0.0,False,False,0,0,0.0,0.0,False,False,0,0,0.0,0.0,False,False,0,0,0.0,0.0,False,False,0,0,0.0,0.0
409828_2018-11-20_10-42-45_filtered_2026-04-09_04-58-44,5,41,0.16394999999999982,False,False,0,0,0.0,0.0,True,False,1,0,1.0,0.0,False,False,0,0,0.0,0.0,False,False,0,0,0.0,0.0,False,False,0,0,0.0,0.0,False,False,0,0,0.0,0.0
409828_2018-11-20_10-42-45_filtered_2026-04-09_04-58-44,5,42,0.16394999999999982,False,False,0,0,0.0,0.0,False,False,0,0,0.0,0.0,False,False,0,0,0.0,0.0,False,False,0,0,0.0,0.0,False,False,0,0,0.0,0.0,False,False,0,0,0.0,0.0
409828_2018-11-20_10-42-45_filtered_2026-04-09_04-58-44,5,43,0.16394999999999982,True,True,3,4,0.3333333333333333,0.25,True,True,6,4,0.16666666666666666,0.25,True,True,7,13,0.3076923076923077,0.2222222222222222,False,False,0,0,0.0,0.0,True,True,2,1,0.6666666666666666,1.0,True,True,9,6,0.3076923076923077,0.3333333333333333
409828_2018-11-20_10-42-45_filtered_2026-04-09_04-58-44,5,44,0.16394999999999982,False,False,0,0,0.0,0.0,False,False,0,0,0.0,0.0,False,False,0,0,0.0,0.0,False,False,0,0,0.0,0.0,False,False,0,0,0.0,0.0,False,False,0,0,0.0,0.0
409828_2018-11-20_10-42-45_filtered_2026-04-09_04-58-44,5,45,0.16394999999999982,False,False,0,0,0.0,0.0,False,False,0,0,0.0,0.0,False,False,0,0,0.0,0.0,False,False,0,0,0.0,0.0,False,False,0,0,0.0,0.0,False,False,0,0,0.0,0.0
409828_2018-11-20_10-42-45_filtered_2026-04-09_04-58-44,5,46,0.16394999999999982,False,False,0,0,0.0,0.0,False,False,0,0,0.0,0.0,False,False,0,0,0.0,0.0,False,False,0,0,0.0,0.0,False,False,0,0,0.0,0.0,False,False,0,0,0.0,0.0
409828_2018-11-20_10-42-45_filtered_2026-04-09_04-58-44,5,47,0.16394999999999982,False,False,0,0,0.0,0.0,False,False,0,0,0.0,0.0,False,False,0,0,0.0,0.0,False,False,0,0,0.0,0.0,False,False,0,0,0.0,0.0,False,False,0,0,0.0,0.0
409828_2018-11-20_10-42-45_filtered_2026-04-09_04-58-44,5,48,0.16394999999999982,False,False,0,0,0.0,0.0,False,False,0,0,0.0,0.0,False,False,0,0,0.0,0.0,False,False,0,0,0.0,0.0,False,False,0,0,0.0,0.0,False,False,0,0,0.0,0.0
409828_2018-11-20_10-42-45_filtered_2026-04-09_04-58-44,5,49,0.16394999999999982,False,False,0,0,0.0,0.0,False,False,0,0,0.0,0.0,False,False,0,0,0.0,0.0,False,False,0,0,0.0,0.0,False,False,0,0,0.0,0.0,False,False,0,0,0.0,0.0
409828_2018-11-20_10-42-45_filtered_2026-04-09_04-58-44,5,50,0.16394999999999982,False,False,0,0,0.0,0.0,False,False,0,0,0.0,0.0,False,False,0,0,0.0,0.0,False,False,0,0,0.0,0.0,False,False,0,0,0.0,0.0,False,False,0,0,0.0,0.0
409828_2018-11-20_10-42-45_filtered_2026-04-09_04-58-44,5,51,0.16394999999999982,False,False,0,0,0.0,0.0,False,False,0,0,0.0,0.0,False,False,0,0,0.0,0.0,False,False,0,0,0.0,0.0,False,False,0,0,0.0,0.0,True,False,1,0,1.0,0.0
409828_2018-11-20_10-42-45_filtered_2026-04-09_04-58-44,5,52,0.16394999999999982,False,False,0,0,0.0,0.0,False,False,0,0,0.0,0.0,False,False,0,0,0.0,0.0,False,False,0,0,0.0,0.0,False,False,0,0,0.0,0.0,False,False,0,0,0.0,0.0
409828_2018-11-20_10-42-45_filtered_2026-04-09_04-58-44,5,53,0.16394999999999982,False,False,0,0,0.0,0.0,False,False,0,0,0.0,0.0,False,False,0,0,0.0,0.0,False,False,0,0,0.0,0.0,False,False,0,0,0.0,0.0,False,False,0,0,0.0,0.0
409828_2018-11-20_10-42-45_filtered_2026-04-09_04-58-44,5,54,0.16394999999999982,False,False,0,0,0.0,0.0,False,False,0,0,0.0,0.0,False,False,0,0,0.0,0.0,False,False,0,0,0.0,0.0,False,False,0,0,0.0,0.0,False,False,0,0,0.0,0.0
409828_2018-11-20_10-42-45_filtered_2026-04-09_04-58-44,5,55,0.16394999999999982,False,False,0,0,0.0,0.0,False,False,0,0,0.0,0.0,True,False,1,0,1.0,0.0,False,False,0,0,0.0,0.0,False,False,0,0,0.0,0.0,False,False,0,0,0.0,0.0
409828_2018-11-20_10-42-45_filtered_2026-04-09_04-58-44,5,56,0.16394999999999982,False,False,0,0,0.0,0.0,False,False,0,0,0.0,0.0,False,False,0,0,0.0,0.0,False,False,0,0,0.0,0.0,False,False,0,0,0.0,0.0,False,False,0,0,0.0,0.0
409828_2018-11-20_10-42-45_filtered_2026-04-09_04-58-44,5,57,0.16394999999999982,False,False,0,0,0.0,0.0,False,False,0,0,0.0,0.0,False,False,0,0,0.0,0.0,False,False,0,0,0.0,0.0,False,False,0,0,0.0,0.0,False,False,0,0,0.0,0.0
409828_2018-11-20_10-42-45_filtered_2026-04-09_04-58-44,5,58,0.16394999999999982,False,False,0,0,0.0,0.0,False,False,0,0,0.0,0.0,False,False,0,0,0.0,0.0,False,False,0,0,0.0,0.0,False,False,0,0,0.0,0.0,False,False,0,0,0.0,0.0
409828_2018-11-20_10-42-45_filtered_2026-04-09_04-58-44,5,59,0.16394999999999982,False,False,0,0,0.0,0.0,False,False,0,0,0.0,0.0,False,False,0,0,0.0,0.0,False,False,0,0,0.0,0.0,False,False,0,0,0.0,0.0,False,False,0,0,0.0,0.0
409828_2018-11-20_10-42-45_filtered_2026-04-09_04-58-44,5,60,0.16394999999999982,False,False,0,0,0.0,0.0,False,False,0,0,0.0,0.0,False,True,0,2,0.0,0.5,False,False,0,0,0.0,0.0,False,False,0,0,0.0,0.0,False,False,0,0,0.0,0.0
409828_2018-11-20_10-42-45_filtered_2026-04-09_04-58-44,5,61,0.16394999999999982,False,False,0,0,0.0,0.0,False,False,0,0,0.0,0.0,False,False,0,0,0.0,0.0,False,False,0,0,0.0,0.0,False,False,0,0,0.0,0.0,False,False,0,0,0.0,0.0
409828_2018-11-20_10-42-45_filtered_2026-04-09_04-58-44,5,62,0.16394999999999982,False,False,0,0,0.0,0.0,False,False,0,0,0.0,0.0,False,False,0,0,0.0,0.0,False,False,0,0,0.0,0.0,False,False,0,0,0.0,0.0,False,False,0,0,0.0,0.0
409828_2018-11-20_10-42-45_filtered_2026-04-09_04-58-44,5,63,0.16394999999999982,False,False,0,0,0.0,0.0,True,False,1,0,1.0,0.0,True,False,1,0,1.0,0.0,False,False,0,0,0.0,0.0,True,False,1,0,1.0,0.0,True,False,1,0,1.0,0.0
409828_2018-11-20_10-42-45_filtered_2026-04-09_04-58-44,5,64,0.16394999999999982,False,False,0,0,0.0,0.0,False,False,0,0,0.0,0.0,False,False,0,0,0.0,0.0,False,False,0,0,0.0,0.0,False,False,0,0,0.0,0.0,False,False,0,0,0.0,0.0
409828_2018-11-20_10-42-45_filtered_2026-04-09_04-58-44,5,65,0.16394999999999982,False,False,0,0,0.0,0.0,False,False,0,0,0.0,0.0,False,False,0,0,0.0,0.0,False,False,0,0,0.0,0.0,False,False,0,0,0.0,0.0,False,False,0,0,0.0,0.0
409828_2018-11-20_10-42-45_filtered_2026-04-09_04-58-44,5,66,0.16394999999999982,False,False,0,0,0.0,0.0,False,False,0,0,0.0,0.0,False,False,0,0,0.0,0.0,False,False,0,0,0.0,0.0,False,False,0,0,0.0,0.0,False,False,0,0,0.0,0.0
409828_2018-11-20_10-42-45_filtered_2026-04-09_04-58-44,5,67,0.16394999999999982,False,False,0,0,0.0,0.0,False,False,0,0,0.0,0.0,False,False,0,0,0.0,0.0,False,False,0,0,0.0,0.0,False,False,0,0,0.0,0.0,False,False,0,0,0.0,0.0
409828_2018-11-20_10-42-45_filtered_2026-04-09_04-58-44,5,68,0.16394999999999982,False,False,0,0,0.0,0.0,False,False,0,0,0.0,0.0,False,False,0,0,0.0,0.0,False,False,0,0,0.0,0.0,False,False,0,0,0.0,0.0,False,False,0,0,0.0,0.0
409828_2018-11-20_10-42-45_filtered_2026-04-09_04-58-44,5,70,0.16394999999999982,False,False,0,0,0.0,0.0,False,False,0,0,0.0,0.0,False,False,0,0,0.0,0.0,False,False,0,0,0.0,0.0,False,False,0,0,0.0,0.0,False,False,0,0,0.0,0.0
409828_2018-11-20_10-42-45_filtered_2026-04-09_04-58-44,5,71,0.16394999999999982,False,False,0,0,0.0,0.0,False,False,0,0,0.0,0.0,False,False,0,0,0.0,0.0,False,False,0,0,0.0,0.0,False,False,0,0,0.0,0.0,False,False,0,0,0.0,0.0
409828_2018-11-20_10-42-45_filtered_2026-04-09_04-58-44,5,72,0.16394999999999982,True,True,3,4,0.3333333333333333,0.25,True,True,4,4,0.25,0.25,True,True,6,11,0.16666666666666666,0.26666666666666666,False,False,0,0,0.0,0.0,False,True,0,1,0.0,1.0,True,True,8,4,0.2222222222222222,0.5
409828_2018-11-20_10-42-45_filtered_2026-04-09_04-58-44,5,73,0.16394999999999982,False,False,0,0,0.0,0.0,False,False,0,0,0.0,0.0,False,False,0,0,0.0,0.0,False,False,0,0,0.0,0.0,False,False,0,0,0.0,0.0,False,False,0,0,0.0,0.0
409828_2018-11-20_10-42-45_filtered_2026-04-09_04-58-44,5,74,0.16394999999999982,True,True,5,1,0.2,1.0,True,False,2,0,0.5,0.0,True,True,5,2,0.2,0.5,False,False,0,0,0.0,0.0,False,False,0,0,0.0,0.0,False,True,0,1,0.0,1.0
409828_2018-11-20_10-42-45_filtered_2026-04-09_04-58-44,5,75,0.16394999999999982,False,False,0,0,0.0,0.0,False,False,0,0,0.0,0.0,False,False,0,0,0.0,0.0,False,False,0,0,0.0,0.0,False,False,0,0,0.0,0.0,False,False,0,0,0.0,0.0
409828_2018-11-20_10-42-45_filtered_2026-04-09_04-58-44,5,76,0.16394999999999982,True,True,2,2,0.5,0.5,True,True,4,2,0.25,0.5,True,True,12,12,0.1875,0.13333333333333333,False,False,0,0,0.0,0.0,True,False,2,0,0.6666666666666666,0.0,True,True,7,11,0.38461538461538464,0.15384615384615385
409828_2018-11-20_10-42-45_filtered_2026-04-09_04-58-44,5,77,0.16394999999999982,False,False,0,0,0.0,0.0,False,False,0,0,0.0,0.0,False,False,0,0,0.0,0.0,False,False,0,0,0.0,0.0,False,False,0,0,0.0,0.0,False,False,0,0,0.0,0.0
409828_2018-11-20_10-42-45_filtered_2026-04-09_04-58-44,5,78,0.16394999999999982,False,False,0,0,0.0,0.0,False,False,0,0,0.0,0.0,False,False,0,0,0.0,0.0,False,False,0,0,0.0,0.0,False,False,0,0,0.0,0.0,False,False,0,0,0.0,0.0
409828_2018-11-20_10-42-45_filtered_2026-04-09_04-58-44,5,79,0.16394999999999982,False,False,0,0,0.0,0.0,False,False,0,0,0.0,0.0,False,False,0,0,0.0,0.0,False,False,0,0,0.0,0.0,False,False,0,0,0.0,0.0,True,False,1,0,1.0,0.0
409828_2018-11-20_10-42-45_filtered_2026-04-09_04-58-44,5,81,0.16394999999999982,False,False,0,0,0.0,0.0,False,False,0,0,0.0,0.0,False,False,0,0,0.0,0.0,False,False,0,0,0.0,0.0,False,False,0,0,0.0,0.0,False,False,0,0,0.0,0.0
409828_2018-11-20_10-42-45_filtered_2026-04-09_04-58-44,5,82,0.16394999999999982,False,False,0,0,0.0,0.0,False,False,0,0,0.0,0.0,False,False,0,0,0.0,0.0,False,False,0,0,0.0,0.0,False,False,0,0,0.0,0.0,False,False,0,0,0.0,0.0
409828_2018-11-20_10-42-45_filtered_2026-04-09_04-58-44,5,83,0.16394999999999982,False,False,0,0,0.0,0.0,False,False,0,0,0.0,0.0,False,False,0,0,0.0,0.0,False,False,0,0,0.0,0.0,False,False,0,0,0.0,0.0,False,False,0,0,0.0,0.0
409828_2018-11-20_10-42-45_filtered_2026-04-09_04-58-44,5,84,0.16394999999999982,False,False,0,0,0.0,0.0,False,False,0,0,0.0,0.0,False,False,0,0,0.0,0.0,False,False,0,0,0.0,0.0,False,False,0,0,0.0,0.0,False,False,0,0,0.0,0.0
409828_2018-11-20_10-42-45_filtered_2026-04-09_04-58-44,5,85,0.16394999999999982,False,False,0,0,0.0,0.0,False,False,0,0,0.0,0.0,False,False,0,0,0.0,0.0,False,False,0,0,0.0,0.0,False,False,0,0,0.0,0.0,False,False,0,0,0.0,0.0
409828_2018-11-20_10-42-45_filtered_2026-04-09_04-58-44,5,86,0.16394999999999982,False,False,0,0,0.0,0.0,False,False,0,0,0.0,0.0,False,False,0,0,0.0,0.0,False,False,0,0,0.0,0.0,False,False,0,0,0.0,0.0,False,False,0,0,0.0,0.0
409828_2018-11-20_10-42-45_filtered_2026-04-09_04-58-44,5,87,0.16394999999999982,False,False,0,0,0.0,0.0,False,False,0,0,0.0,0.0,False,False,0,0,0.0,0.0,False,False,0,0,0.0,0.0,False,False,0,0,0.0,0.0,False,False,0,0,0.0,0.0
409828_2018-11-20_10-42-45_filtered_2026-04-09_04-58-44,5,88,0.16394999999999982,False,True,0,1,0.0,1.0,False,False,0,0,0.0,0.0,False,False,0,0,0.0,0.0,False,False,0,0,0.0,0.0,True,False,1,0,1.0,0.0,True,False,1,0,1.0,0.0
409828_2018-11-20_10-42-45_filtered_2026-04-09_04-58-44,5,90,0.16394999999999982,False,False,0,0,0.0,0.0,False,False,0,0,0.0,0.0,False,False,0,0,0.0,0.0,False,False,0,0,0.0,0.0,False,False,0,0,0.0,0.0,False,False,0,0,0.0,0.0
409828_2018-11-20_10-42-45_filtered_2026-04-09_04-58-44,5,91,0.16394999999999982,False,False,0,0,0.0,0.0,False,False,0,0,0.0,0.0,False,False,0,0,0.0,0.0,False,False,0,0,0.0,0.0,False,False,0,0,0.0,0.0,False,False,0,0,0.0,0.0
409828_2018-11-20_10-42-45_filtered_2026-04-09_04-58-44,5,93,0.16394999999999982,True,True,7,4,0.14285714285714285,0.25,True,True,11,12,0.09090909090909091,0.15384615384615385,True,True,19,13,0.12,0.27586206896551724,False,False,0,0,0.0,0.0,False,True,0,1,0.0,1.0,True,True,9,11,0.2727272727272727,0.2
409828_2018-11-20_10-42-45_filtered_2026-04-09_04-58-44,5,94,0.16394999999999982,False,False,0,0,0.0,0.0,False,False,0,0,0.0,0.0,False,False,0,0,0.0,0.0,False,False,0,0,0.0,0.0,False,False,0,0,0.0,0.0,False,False,0,0,0.0,0.0
409828_2018-11-20_10-42-45_filtered_2026-04-09_04-58-44,5,95,0.16394999999999982,False,False,0,0,0.0,0.0,False,False,0,0,0.0,0.0,False,False,0,0,0.0,0.0,False,False,0,0,0.0,0.0,False,False,0,0,0.0,0.0,False,False,0,0,0.0,0.0
409828_2018-11-20_10-42-45_filtered_2026-04-09_04-58-44,5,96,0.16394999999999982,False,False,0,0,0.0,0.0,False,False,0,0,0.0,0.0,False,False,0,0,0.0,0.0,False,False,0,0,0.0,0.0,False,False,0,0,0.0,0.0,False,False,0,0,0.0,0.0
409828_2018-11-20_10-42-45_filtered_2026-04-09_04-58-44,5,97,0.16394999999999982,False,False,0,0,0.0,0.0,False,False,0,0,0.0,0.0,False,False,0,0,0.0,0.0,False,False,0,0,0.0,0.0,False,False,0,0,0.0,0.0,False,False,0,0,0.0,0.0
409828_2018-11-20_10-42-45_filtered_2026-04-09_04-58-44,5,98,0.16394999999999982,False,False,0,0,0.0,0.0,False,False,0,0,0.0,0.0,False,False,0,0,0.0,0.0,False,False,0,0,0.0,0.0,False,False,0,0,0.0,0.0,False,False,0,0,0.0,0.0
409828_2018-11-20_10-42-45_filtered_2026-04-09_04-58-44,5,99,0.16394999999999982,False,False,0,0,0.0,0.0,False,False,0,0,0.0,0.0,False,False,0,0,0.0,0.0,False,False,0,0,0.0,0.0,False,False,0,0,0.0,0.0,False,False,0,0,0.0,0.0
409828_2018-11-20_10-42-45_filtered_2026-04-09_04-58-44,5,100,0.16394999999999982,False,False,0,0,0.0,0.0,False,False,0,0,0.0,0.0,False,False,0,0,0.0,0.0,False,False,0,0,0.0,0.0,False,False,0,0,0.0,0.0,False,True,0,1,0.0,1.0
409828_2018-11-20_10-42-45_filtered_2026-04-09_04-58-44,5,101,0.16394999999999982,False,False,0,0,0.0,0.0,False,False,0,0,0.0,0.0,True,True,2,1,0.5,1.0,False,False,0,0,0.0,0.0,False,False,0,0,0.0,0.0,True,True,2,2,0.5,0.6666666666666666
409828_2018-11-20_10-42-45_filtered_2026-04-09_04-58-44,5,102,0.16394999999999982,False,False,0,0,0.0,0.0,False,False,0,0,0.0,0.0,False,False,0,0,0.0,0.0,False,False,0,0,0.0,0.0,False,False,0,0,0.0,0.0,False,False,0,0,0.0,0.0
409828_2018-11-20_10-42-45_filtered_2026-04-09_04-58-44,5,104,0.16394999999999982,False,False,0,0,0.0,0.0,False,True,0,3,0.0,0.3333333333333333,True,True,7,6,0.2222222222222222,0.16666666666666666,False,False,0,0,0.0,0.0,False,False,0,0,0.0,0.0,True,False,1,0,1.0,0.0
409828_2018-11-20_10-42-45_filtered_2026-04-09_04-58-44,5,105,0.16394999999999982,False,False,0,0,0.0,0.0,False,False,0,0,0.0,0.0,False,False,0,0,0.0,0.0,False,False,0,0,0.0,0.0,False,False,0,0,0.0,0.0,False,False,0,0,0.0,0.0
409828_2018-11-20_10-42-45_filtered_2026-04-09_04-58-44,5,106,0.16394999999999982,False,False,0,0,0.0,0.0,False,False,0,0,0.0,0.0,False,False,0,0,0.0,0.0,False,False,0,0,0.0,0.0,False,False,0,0,0.0,0.0,False,False,0,0,0.0,0.0
409828_2018-11-20_10-42-45_filtered_2026-04-09_04-58-44,5,107,0.16394999999999982,True,False,1,0,1.0,0.0,True,False,1,0,1.0,0.0,False,False,0,0,0.0,0.0,False,False,0,0,0.0,0.0,False,False,0,0,0.0,0.0,False,False,0,0,0.0,0.0
409828_2018-11-20_10-42-45_filtered_2026-04-09_04-58-44,5,108,0.16394999999999982,False,False,0,0,0.0,0.0,False,False,0,0,0.0,0.0,False,False,0,0,0.0,0.0,False,False,0,0,0.0,0.0,False,False,0,0,0.0,0.0,False,True,0,3,0.0,0.3333333333333333
409828_2018-11-20_10-42-45_filtered_2026-04-09_04-58-44,5,109,0.16394999999999982,False,False,0,0,0.0,0.0,False,False,0,0,0.0,0.0,False,False,0,0,0.0,0.0,False,False,0,0,0.0,0.0,False,False,0,0,0.0,0.0,False,False,0,0,0.0,0.0
409828_2018-11-20_10-42-45_filtered_2026-04-09_04-58-44,5,110,0.16394999999999982,False,False,0,0,0.0,0.0,False,False,0,0,0.0,0.0,False,False,0,0,0.0,0.0,False,False,0,0,0.0,0.0,False,False,0,0,0.0,0.0,False,False,0,0,0.0,0.0
409828_2018-11-20_10-42-45_filtered_2026-04-09_04-58-44,5,112,0.16394999999999982,False,False,0,0,0.0,0.0,False,False,0,0,0.0,0.0,False,True,0,1,0.0,1.0,False,False,0,0,0.0,0.0,False,False,0,0,0.0,0.0,False,False,0,0,0.0,0.0
409828_2018-11-20_10-42-45_filtered_2026-04-09_04-58-44,5,114,0.16394999999999982,False,False,0,0,0.0,0.0,False,False,0,0,0.0,0.0,False,False,0,0,0.0,0.0,False,False,0,0,0.0,0.0,False,False,0,0,0.0,0.0,False,False,0,0,0.0,0.0
409828_2018-11-20_10-42-45_filtered_2026-04-09_04-58-44,5,116,0.16394999999999982,False,False,0,0,0.0,0.0,True,True,1,1,1.0,1.0,True,True,2,1,0.5,1.0,False,False,0,0,0.0,0.0,False,True,0,1,0.0,1.0,False,True,0,2,0.0,0.6666666666666666
409828_2018-11-20_10-42-45_filtered_2026-04-09_04-58-44,5,117,0.16394999999999982,True,True,4,9,0.25,0.23076923076923078,True,True,1,6,1.0,0.16666666666666666,True,True,7,12,0.2222222222222222,0.25,False,False,0,0,0.0,0.0,True,True,3,1,0.3333333333333333,1.0,True,True,5,9,0.3333333333333333,0.2727272727272727
409828_2018-11-20_10-42-45_filtered_2026-04-09_04-58-44,5,118,0.16394999999999982,False,False,0,0,0.0,0.0,False,False,0,0,0.0,0.0,False,False,0,0,0.0,0.0,False,False,0,0,0.0,0.0,False,False,0,0,0.0,0.0,False,False,0,0,0.0,0.0
409828_2018-11-20_10-42-45_filtered_2026-04-09_04-58-44,5,120,0.16394999999999982,False,False,0,0,0.0,0.0,False,False,0,0,0.0,0.0,False,False,0,0,0.0,0.0,False,False,0,0,0.0,0.0,False,False,0,0,0.0,0.0,False,False,0,0,0.0,0.0
409828_2018-11-20_10-42-45_filtered_2026-04-09_04-58-44,5,121,0.16394999999999982,False,False,0,0,0.0,0.0,False,False,0,0,0.0,0.0,False,False,0,0,0.0,0.0,False,False,0,0,0.0,0.0,False,False,0,0,0.0,0.0,False,False,0,0,0.0,0.0
409828_2018-11-20_10-42-45_filtered_2026-04-09_04-58-44,5,122,0.16394999999999982,False,False,0,0,0.0,0.0,False,False,0,0,0.0,0.0,False,True,0,1,0.0,1.0,False,False,0,0,0.0,0.0,False,False,0,0,0.0,0.0,True,False,1,0,1.0,0.0
409828_2018-11-20_10-42-45_filtered_2026-04-09_04-58-44,5,123,0.16394999999999982,False,False,0,0,0.0,0.0,False,False,0,0,0.0,0.0,False,False,0,0,0.0,0.0,False,False,0,0,0.0,0.0,False,False,0,0,0.0,0.0,False,False,0,0,0.0,0.0
409828_2018-11-20_10-42-45_filtered_2026-04-09_04-58-44,5,124,0.16394999999999982,False,False,0,0,0.0,0.0,True,False,1,0,1.0,0.0,True,True,1,1,1.0,1.0,False,False,0,0,0.0,0.0,False,False,0,0,0.0,0.0,True,True,4,1,0.4,1.0
409828_2018-11-20_10-42-45_filtered_2026-04-09_04-58-44,5,126,0.16394999999999982,False,False,0,0,0.0,0.0,False,False,0,0,0.0,0.0,False,False,0,0,0.0,0.0,False,False,0,0,0.0,0.0,False,False,0,0,0.0,0.0,False,False,0,0,0.0,0.0
409828_2018-11-20_10-42-45_filtered_2026-04-09_04-58-44,5,127,0.16394999999999982,False,False,0,0,0.0,0.0,False,False,0,0,0.0,0.0,False,False,0,0,0.0,0.0,False,False,0,0,0.0,0.0,False,False,0,0,0.0,0.0,False,False,0,0,0.0,0.0
409828_2018-11-20_10-42-45_filtered_2026-04-09_04-58-44,5,128,0.16394999999999982,False,False,0,0,0.0,0.0,False,False,0,0,0.0,0.0,False,False,0,0,0.0,0.0,False,False,0,0,0.0,0.0,False,False,0,0,0.0,0.0,False,False,0,0,0.0,0.0
409828_2018-11-20_10-42-45_filtered_2026-04-09_04-58-44,5,129,0.16394999999999982,True,True,2,2,0.5,0.5,True,True,1,3,1.0,0.3333333333333333,True,True,1,3,1.0,0.3333333333333333,False,False,0,0,0.0,0.0,True,False,1,0,1.0,0.0,True,False,2,0,0.6666666666666666,0.0
409828_2018-11-20_10-42-45_filtered_2026-04-09_04-58-44,5,130,0.16394999999999982,False,False,0,0,0.0,0.0,False,False,0,0,0.0,0.0,False,False,0,0,0.0,0.0,False,False,0,0,0.0,0.0,False,False,0,0,0.0,0.0,False,False,0,0,0.0,0.0
409828_2018-11-20_10-42-45_filtered_2026-04-09_04-58-44,5,131,0.16394999999999982,False,False,0,0,0.0,0.0,False,False,0,0,0.0,0.0,False,False,0,0,0.0,0.0,False,False,0,0,0.0,0.0,False,False,0,0,0.0,0.0,False,False,0,0,0.0,0.0
409828_2018-11-20_10-42-45_filtered_2026-04-09_04-58-44,5,132,0.16394999999999982,False,False,0,0,0.0,0.0,False,False,0,0,0.0,0.0,False,False,0,0,0.0,0.0,False,False,0,0,0.0,0.0,False,False,0,0,0.0,0.0,False,False,0,0,0.0,0.0
409828_2018-11-20_10-42-45_filtered_2026-04-09_04-58-44,5,133,0.16394999999999982,False,True,0,6,0.0,0.16666666666666666,True,True,5,9,0.3333333333333333,0.25,True,True,10,12,0.23076923076923078,0.1875,False,False,0,0,0.0,0.0,True,True,1,1,1.0,1.0,True,True,2,4,0.5,0.5
409828_2018-11-20_10-42-45_filtered_2026-04-09_04-58-44,5,134,0.16394999999999982,False,False,0,0,0.0,0.0,False,False,0,0,0.0,0.0,False,True,0,1,0.0,1.0,False,False,0,0,0.0,0.0,False,False,0,0,0.0,0.0,False,False,0,0,0.0,0.0
409828_2018-11-20_10-42-45_filtered_2026-04-09_04-58-44,5,135,0.16394999999999982,False,False,0,0,0.0,0.0,False,False,0,0,0.0,0.0,False,False,0,0,0.0,0.0,False,False,0,0,0.0,0.0,False,False,0,0,0.0,0.0,False,False,0,0,0.0,0.0
409828_2018-11-20_10-42-45_filtered_2026-04-09_04-58-44,5,136,0.16394999999999982,False,False,0,0,0.0,0.0,False,False,0,0,0.0,0.0,False,False,0,0,0.0,0.0,False,False,0,0,0.0,0.0,False,False,0,0,0.0,0.0,False,False,0,0,0.0,0.0
409828_2018-11-20_10-42-45_filtered_2026-04-09_04-58-44,5,137,0.16394999999999982,False,False,0,0,0.0,0.0,False,False,0,0,0.0,0.0,False,False,0,0,0.0,0.0,False,False,0,0,0.0,0.0,False,False,0,0,0.0,0.0,False,False,0,0,0.0,0.0
409828_2018-11-20_10-42-45_filtered_2026-04-09_04-58-44,5,141,0.16394999999999982,False,False,0,0,0.0,0.0,False,False,0,0,0.0,0.0,False,False,0,0,0.0,0.0,False,False,0,0,0.0,0.0,False,False,0,0,0.0,0.0,False,False,0,0,0.0,0.0
409828_2018-11-20_10-42-45_filtered_2026-04-09_04-58-44,5,142,0.16394999999999982,False,False,0,0,0.0,0.0,False,False,0,0,0.0,0.0,False,False,0,0,0.0,0.0,False,False,0,0,0.0,0.0,False,False,0,0,0.0,0.0,False,False,0,0,0.0,0.0
409828_2018-11-20_10-42-45_filtered_2026-04-09_04-58-44,5,144,0.16394999999999982,False,False,0,0,0.0,0.0,False,True,0,1,0.0,1.0,False,False,0,0,0.0,0.0,False,False,0,0,0.0,0.0,False,False,0,0,0.0,0.0,True,False,1,0,1.0,0.0
409828_2018-11-20_10-42-45_filtered_2026-04-09_04-58-44,5,145,0.16394999999999982,False,False,0,0,0.0,0.0,False,False,0,0,0.0,0.0,False,False,0,0,0.0,0.0,False,False,0,0,0.0,0.0,False,False,0,0,0.0,0.0,False,False,0,0,0.0,0.0
409828_2018-11-20_10-42-45_filtered_2026-04-09_04-58-44,5,146,0.16394999999999982,True,True,5,8,0.3333333333333333,0.3,True,True,14,16,0.21739130434782608,0.18518518518518517,True,True,15,12,0.15789473684210525,0.4,False,False,0,0,0.0,0.0,True,True,5,2,0.3333333333333333,0.75,True,True,14,15,0.27586206896551724,0.16666666666666666
409828_2018-11-20_10-42-45_filtered_2026-04-09_04-58-44,5,147,0.16394999999999982,False,False,0,0,0.0,0.0,False,False,0,0,0.0,0.0,False,False,0,0,0.0,0.0,False,False,0,0,0.0,0.0,False,False,0,0,0.0,0.0,False,False,0,0,0.0,0.0
409828_2018-11-20_10-42-45_filtered_2026-04-09_04-58-44,5,148,0.16394999999999982,False,False,0,0,0.0,0.0,False,False,0,0,0.0,0.0,False,False,0,0,0.0,0.0,False,False,0,0,0.0,0.0,False,False,0,0,0.0,0.0,False,False,0,0,0.0,0.0
409828_2018-11-20_10-42-45_filtered_2026-04-09_04-58-44,5,150,0.16394999999999982,False,False,0,0,0.0,0.0,False,False,0,0,0.0,0.0,False,False,0,0,0.0,0.0,False,False,0,0,0.0,0.0,False,False,0,0,0.0,0.0,False,False,0,0,0.0,0.0
409828_2018-11-20_10-42-45_filtered_2026-04-09_04-58-44,5,151,0.16394999999999982,False,False,0,0,0.0,0.0,False,False,0,0,0.0,0.0,True,False,1,0,1.0,0.0,False,False,0,0,0.0,0.0,False,False,0,0,0.0,0.0,False,False,0,0,0.0,0.0
409828_2018-11-20_10-42-45_filtered_2026-04-09_04-58-44,5,152,0.16394999999999982,False,True,0,1,0.0,1.0,False,False,0,0,0.0,0.0,False,False,0,0,0.0,0.0,False,False,0,0,0.0,0.0,False,False,0,0,0.0,0.0,False,False,0,0,0.0,0.0
409828_2018-11-20_10-42-45_filtered_2026-04-09_04-58-44,5,153,0.16394999999999982,False,False,0,0,0.0,0.0,False,False,0,0,0.0,0.0,False,False,0,0,0.0,0.0,False,False,0,0,0.0,0.0,False,False,0,0,0.0,0.0,False,False,0,0,0.0,0.0
409828_2018-11-20_10-42-45_filtered_2026-04-09_04-58-44,5,155,0.16394999999999982,False,False,0,0,0.0,0.0,False,False,0,0,0.0,0.0,False,False,0,0,0.0,0.0,False,False,0,0,0.0,0.0,False,False,0,0,0.0,0.0,False,False,0,0,0.0,0.0
409828_2018-11-20_10-42-45_filtered_2026-04-09_04-58-44,5,156,0.16394999999999982,False,False,0,0,0.0,0.0,False,False,0,0,0.0,0.0,False,False,0,0,0.0,0.0,False,False,0,0,0.0,0.0,False,False,0,0,0.0,0.0,True,False,1,0,1.0,0.0
409828_2018-11-20_10-42-45_filtered_2026-04-09_04-58-44,5,157,0.16394999999999982,False,False,0,0,0.0,0.0,False,False,0,0,0.0,0.0,False,False,0,0,0.0,0.0,False,False,0,0,0.0,0.0,False,False,0,0,0.0,0.0,False,False,0,0,0.0,0.0
409828_2018-11-20_10-42-45_filtered_2026-04-09_04-58-44,5,158,0.16394999999999982,False,False,0,0,0.0,0.0,False,False,0,0,0.0,0.0,False,False,0,0,0.0,0.0,False,False,0,0,0.0,0.0,False,False,0,0,0.0,0.0,False,False,0,0,0.0,0.0
409828_2018-11-20_10-42-45_filtered_2026-04-09_04-58-44,5,159,0.16394999999999982,True,True,1,1,1.0,1.0,True,True,1,2,1.0,0.5,True,True,9,6,0.1111111111111111,0.5,False,False,0,0,0.0,0.0,False,True,0,1,0.0,1.0,True,True,4,1,0.25,1.0
409828_2018-11-20_10-42-45_filtered_2026-04-09_04-58-44,5,160,0.16394999999999982,False,False,0,0,0.0,0.0,False,False,0,0,0.0,0.0,True,True,3,5,0.3333333333333333,0.2,False,False,0,0,0.0,0.0,False,False,0,0,0.0,0.0,True,True,2,1,0.5,1.0
409828_2018-11-20_10-42-45_filtered_2026-04-09_04-58-44,5,161,0.16394999999999982,False,False,0,0,0.0,0.0,False,False,0,0,0.0,0.0,False,False,0,0,0.0,0.0,False,False,0,0,0.0,0.0,False,False,0,0,0.0,0.0,False,False,0,0,0.0,0.0
409828_2018-11-20_10-42-45_filtered_2026-04-09_04-58-44,5,162,0.16394999999999982,False,False,0,0,0.0,0.0,False,False,0,0,0.0,0.0,False,False,0,0,0.0,0.0,False,False,0,0,0.0,0.0,False,False,0,0,0.0,0.0,False,False,0,0,0.0,0.0
409828_2018-11-20_10-42-45_filtered_2026-04-09_04-58-44,5,163,0.16394999999999982,False,False,0,0,0.0,0.0,False,False,0,0,0.0,0.0,False,False,0,0,0.0,0.0,False,False,0,0,0.0,0.0,False,False,0,0,0.0,0.0,False,False,0,0,0.0,0.0
409828_2018-11-20_10-42-45_filtered_2026-04-09_04-58-44,5,164,0.16394999999999982,False,False,0,0,0.0,0.0,False,False,0,0,0.0,0.0,False,False,0,0,0.0,0.0,False,False,0,0,0.0,0.0,False,False,0,0,0.0,0.0,False,False,0,0,0.0,0.0
409828_2018-11-20_10-42-45_filtered_2026-04-09_04-58-44,5,165,0.16394999999999982,False,False,0,0,0.0,0.0,False,False,0,0,0.0,0.0,False,False,0,0,0.0,0.0,False,False,0,0,0.0,0.0,False,False,0,0,0.0,0.0,False,False,0,0,0.0,0.0
409828_2018-11-20_10-42-45_filtered_2026-04-09_04-58-44,5,166,0.16394999999999982,False,False,0,0,0.0,0.0,False,False,0,0,0.0,0.0,False,False,0,0,0.0,0.0,False,False,0,0,0.0,0.0,False,False,0,0,0.0,0.0,False,False,0,0,0.0,0.0
409828_2018-11-20_10-42-45_filtered_2026-04-09_04-58-44,5,167,0.16394999999999982,False,False,0,0,0.0,0.0,False,False,0,0,0.0,0.0,False,False,0,0,0.0,0.0,False,False,0,0,0.0,0.0,False,False,0,0,0.0,0.0,False,False,0,0,0.0,0.0
409828_2018-11-20_10-42-45_filtered_2026-04-09_04-58-44,5,168,0.16394999999999982,False,False,0,0,0.0,0.0,False,False,0,0,0.0,0.0,False,False,0,0,0.0,0.0,False,False,0,0,0.0,0.0,False,False,0,0,0.0,0.0,False,False,0,0,0.0,0.0
409828_2018-11-20_10-42-45_filtered_2026-04-09_04-58-44,5,170,0.16394999999999982,False,False,0,0,0.0,0.0,False,False,0,0,0.0,0.0,False,False,0,0,0.0,0.0,False,False,0,0,0.0,0.0,False,False,0,0,0.0,0.0,False,False,0,0,0.0,0.0
409828_2018-11-20_10-42-45_filtered_2026-04-09_04-58-44,5,172,0.16394999999999982,False,False,0,0,0.0,0.0,False,False,0,0,0.0,0.0,False,False,0,0,0.0,0.0,False,False,0,0,0.0,0.0,False,False,0,0,0.0,0.0,False,False,0,0,0.0,0.0
409828_2018-11-20_10-42-45_filtered_2026-04-09_04-58-44,5,174,0.16394999999999982,False,False,0,0,0.0,0.0,False,False,0,0,0.0,0.0,False,False,0,0,0.0,0.0,False,False,0,0,0.0,0.0,False,False,0,0,0.0,0.0,False,False,0,0,0.0,0.0
409828_2018-11-20_10-42-45_filtered_2026-04-09_04-58-44,5,175,0.16394999999999982,False,False,0,0,0.0,0.0,False,False,0,0,0.0,0.0,False,False,0,0,0.0,0.0,False,False,0,0,0.0,0.0,False,False,0,0,0.0,0.0,False,False,0,0,0.0,0.0
409828_2018-11-20_10-42-45_filtered_2026-04-09_04-58-44,5,176,0.16394999999999982,False,False,0,0,0.0,0.0,False,False,0,0,0.0,0.0,False,False,0,0,0.0,0.0,False,False,0,0,0.0,0.0,False,False,0,0,0.0,0.0,False,False,0,0,0.0,0.0
409828_2018-11-20_10-42-45_filtered_2026-04-09_04-58-44,5,177,0.16394999999999982,False,False,0,0,0.0,0.0,False,False,0,0,0.0,0.0,False,False,0,0,0.0,0.0,False,False,0,0,0.0,0.0,False,False,0,0,0.0,0.0,False,False,0,0,0.0,0.0
409828_2018-11-20_10-42-45_filtered_2026-04-09_04-58-44,5,178,0.16394999999999982,False,False,0,0,0.0,0.0,False,False,0,0,0.0,0.0,False,False,0,0,0.0,0.0,False,False,0,0,0.0,0.0,False,False,0,0,0.0,0.0,False,False,0,0,0.0,0.0
409828_2018-11-20_10-42-45_filtered_2026-04-09_04-58-44,5,180,0.16394999999999982,False,False,0,0,0.0,0.0,False,False,0,0,0.0,0.0,False,False,0,0,0.0,0.0,False,False,0,0,0.0,0.0,False,False,0,0,0.0,0.0,False,False,0,0,0.0,0.0
409828_2018-11-20_10-42-45_filtered_2026-04-09_04-58-44,5,181,0.16394999999999982,False,False,0,0,0.0,0.0,False,False,0,0,0.0,0.0,False,False,0,0,0.0,0.0,False,False,0,0,0.0,0.0,False,False,0,0,0.0,0.0,False,False,0,0,0.0,0.0
409828_2018-11-20_10-42-45_filtered_2026-04-09_04-58-44,5,184,0.16394999999999982,False,False,0,0,0.0,0.0,False,False,0,0,0.0,0.0,False,False,0,0,0.0,0.0,False,False,0,0,0.0,0.0,False,False,0,0,0.0,0.0,False,False,0,0,0.0,0.0
409828_2018-11-20_10-42-45_filtered_2026-04-09_04-58-44,5,187,0.16394999999999982,False,False,0,0,0.0,0.0,False,False,0,0,0.0,0.0,False,False,0,0,0.0,0.0,False,False,0,0,0.0,0.0,False,False,0,0,0.0,0.0,False,False,0,0,0.0,0.0
409828_2018-11-20_10-42-45_filtered_2026-04-09_04-58-44,5,188,0.16394999999999982,False,False,0,0,0.0,0.0,False,False,0,0,0.0,0.0,False,False,0,0,0.0,0.0,False,False,0,0,0.0,0.0,False,False,0,0,0.0,0.0,False,False,0,0,0.0,0.0
409828_2018-11-20_10-42-45_filtered_2026-04-09_04-58-44,5,190,0.16394999999999982,False,False,0,0,0.0,0.0,True,True,2,4,0.5,0.25,True,True,4,5,0.25,0.2,False,False,0,0,0.0,0.0,True,True,1,1,1.0,1.0,True,False,2,0,0.6666666666666666,0.0
409828_2018-11-20_10-42-45_filtered_2026-04-09_04-58-44,5,193,0.16394999999999982,False,False,0,0,0.0,0.0,False,False,0,0,0.0,0.0,False,False,0,0,0.0,0.0,False,False,0,0,0.0,0.0,False,False,0,0,0.0,0.0,False,False,0,0,0.0,0.0
409828_2018-11-20_10-42-45_filtered_2026-04-09_04-58-44,5,194,0.16394999999999982,False,False,0,0,0.0,0.0,False,False,0,0,0.0,0.0,False,False,0,0,0.0,0.0,False,False,0,0,0.0,0.0,False,False,0,0,0.0,0.0,False,False,0,0,0.0,0.0
409828_2018-11-20_10-42-45_filtered_2026-04-09_04-58-44,5,195,0.16394999999999982,False,False,0,0,0.0,0.0,False,False,0,0,0.0,0.0,False,False,0,0,0.0,0.0,False,False,0,0,0.0,0.0,False,False,0,0,0.0,0.0,False,False,0,0,0.0,0.0
409828_2018-11-20_10-42-45_filtered_2026-04-09_04-58-44,5,196,0.16394999999999982,False,False,0,0,0.0,0.0,False,False,0,0,0.0,0.0,False,False,0,0,0.0,0.0,False,False,0,0,0.0,0.0,False,False,0,0,0.0,0.0,False,False,0,0,0.0,0.0
409828_2018-11-20_10-42-45_filtered_2026-04-09_04-58-44,5,197,0.16394999999999982,False,False,0,0,0.0,0.0,False,False,0,0,0.0,0.0,False,False,0,0,0.0,0.0,False,False,0,0,0.0,0.0,False,False,0,0,0.0,0.0,False,False,0,0,0.0,0.0
409828_2018-11-20_10-42-45_filtered_2026-04-09_04-58-44,5,199,0.16394999999999982,True,False,3,0,0.3333333333333333,0.0,True,True,3,2,0.3333333333333333,0.5,True,True,1,1,1.0,1.0,False,False,0,0,0.0,0.0,False,True,0,1,0.0,1.0,True,True,6,4,0.2857142857142857,0.5714285714285714
409828_2018-11-20_10-42-45_filtered_2026-04-09_04-58-44,5,203,0.16394999999999982,True,False,1,0,1.0,0.0,False,False,0,0,0.0,0.0,False,False,0,0,0.0,0.0,False,False,0,0,0.0,0.0,False,False,0,0,0.0,0.0,False,True,0,1,0.0,1.0
409828_2018-11-20_10-42-45_filtered_2026-04-09_04-58-44,5,205,0.16394999999999982,False,False,0,0,0.0,0.0,False,False,0,0,0.0,0.0,False,False,0,0,0.0,0.0,False,False,0,0,0.0,0.0,False,False,0,0,0.0,0.0,False,False,0,0,0.0,0.0
409828_2018-11-20_10-42-45_filtered_2026-04-09_04-58-44,5,206,0.16394999999999982,False,False,0,0,0.0,0.0,True,False,1,0,1.0,0.0,False,False,0,0,0.0,0.0,False,False,0,0,0.0,0.0,False,False,0,0,0.0,0.0,False,False,0,0,0.0,0.0
409828_2018-11-20_10-42-45_filtered_2026-04-09_04-58-44,5,207,0.16394999999999982,False,False,0,0,0.0,0.0,False,False,0,0,0.0,0.0,False,False,0,0,0.0,0.0,False,False,0,0,0.0,0.0,False,False,0,0,0.0,0.0,False,False,0,0,0.0,0.0
409828_2018-11-20_10-42-45_filtered_2026-04-09_04-58-44,5,213,0.16394999999999982,False,False,0,0,0.0,0.0,False,False,0,0,0.0,0.0,False,False,0,0,0.0,0.0,False,False,0,0,0.0,0.0,False,False,0,0,0.0,0.0,False,False,0,0,0.0,0.0
409828_2018-11-20_10-42-45_filtered_2026-04-09_04-58-44,5,214,0.16394999999999982,False,False,0,0,0.0,0.0,False,False,0,0,0.0,0.0,False,True,0,1,0.0,1.0,False,False,0,0,0.0,0.0,False,False,0,0,0.0,0.0,False,False,0,0,0.0,0.0
409828_2018-11-20_10-42-45_filtered_2026-04-09_04-58-44,5,215,0.16394999999999982,False,False,0,0,0.0,0.0,False,False,0,0,0.0,0.0,False,True,0,1,0.0,1.0,False,False,0,0,0.0,0.0,False,False,0,0,0.0,0.0,False,False,0,0,0.0,0.0
409828_2018-11-20_10-42-45_filtered_2026-04-09_04-58-44,5,217,0.16394999999999982,False,False,0,0,0.0,0.0,False,False,0,0,0.0,0.0,False,False,0,0,0.0,0.0,False,False,0,0,0.0,0.0,False,False,0,0,0.0,0.0,False,False,0,0,0.0,0.0
409828_2018-11-20_10-42-45_filtered_2026-04-09_04-58-44,5,218,0.16394999999999982,False,False,0,0,0.0,0.0,False,False,0,0,0.0,0.0,False,False,0,0,0.0,0.0,False,False,0,0,0.0,0.0,False,False,0,0,0.0,0.0,False,False,0,0,0.0,0.0
409828_2018-11-20_10-42-45_filtered_2026-04-09_04-58-44,5,219,0.16394999999999982,False,False,0,0,0.0,0.0,False,False,0,0,0.0,0.0,False,False,0,0,0.0,0.0,False,False,0,0,0.0,0.0,False,False,0,0,0.0,0.0,False,False,0,0,0.0,0.0
409828_2018-11-20_10-42-45_filtered_2026-04-09_04-58-44,5,223,0.16394999999999982,False,False,0,0,0.0,0.0,False,False,0,0,0.0,0.0,False,False,0,0,0.0,0.0,False,False,0,0,0.0,0.0,False,False,0,0,0.0,0.0,False,False,0,0,0.0,0.0
409828_2018-11-20_10-42-45_filtered_2026-04-09_04-58-44,5,225,0.16394999999999982,False,False,0,0,0.0,0.0,False,False,0,0,0.0,0.0,False,False,0,0,0.0,0.0,False,False,0,0,0.0,0.0,False,False,0,0,0.0,0.0,False,False,0,0,0.0,0.0
409828_2018-11-20_10-42-45_filtered_2026-04-09_04-58-44,5,230,0.16394999999999982,False,False,0,0,0.0,0.0,False,False,0,0,0.0,0.0,False,False,0,0,0.0,0.0,False,False,0,0,0.0,0.0,False,False,0,0,0.0,0.0,False,False,0,0,0.0,0.0
409828_2018-11-20_10-42-45_filtered_2026-04-09_04-58-44,5,231,0.16394999999999982,False,False,0,0,0.0,0.0,False,False,0,0,0.0,0.0,False,False,0,0,0.0,0.0,False,False,0,0,0.0,0.0,False,False,0,0,0.0,0.0,False,False,0,0,0.0,0.0
409828_2018-11-20_10-42-45_filtered_2026-04-09_04-58-44,5,235,0.16394999999999982,False,False,0,0,0.0,0.0,False,False,0,0,0.0,0.0,False,False,0,0,0.0,0.0,False,False,0,0,0.0,0.0,False,False,0,0,0.0,0.0,False,False,0,0,0.0,0.0
409828_2018-11-20_10-42-45_filtered_2026-04-09_04-58-44,5,236,0.16394999999999982,False,False,0,0,0.0,0.0,False,True,0,1,0.0,1.0,False,False,0,0,0.0,0.0,False,False,0,0,0.0,0.0,False,False,0,0,0.0,0.0,False,True,0,1,0.0,1.0
409828_2018-11-20_10-42-45_filtered_2026-04-09_04-58-44,5,239,0.16394999999999982,False,False,0,0,0.0,0.0,False,False,0,0,0.0,0.0,False,False,0,0,0.0,0.0,False,False,0,0,0.0,0.0,False,False,0,0,0.0,0.0,False,False,0,0,0.0,0.0
409828_2018-11-20_10-42-45_filtered_2026-04-09_04-58-44,5,245,0.16394999999999982,False,False,0,0,0.0,0.0,False,False,0,0,0.0,0.0,False,False,0,0,0.0,0.0,False,False,0,0,0.0,0.0,False,False,0,0,0.0,0.0,False,False,0,0,0.0,0.0
409828_2018-11-20_10-42-45_filtered_2026-04-09_04-58-44,5,250,0.16394999999999982,False,False,0,0,0.0,0.0,False,False,0,0,0.0,0.0,False,False,0,0,0.0,0.0,False,False,0,0,0.0,0.0,False,False,0,0,0.0,0.0,False,False,0,0,0.0,0.0
409828_2018-11-20_10-42-45_filtered_2026-04-09_04-58-44,5,251,0.16394999999999982,False,False,0,0,0.0,0.0,False,False,0,0,0.0,0.0,False,False,0,0,0.0,0.0,False,False,0,0,0.0,0.0,False,False,0,0,0.0,0.0,False,False,0,0,0.0,0.0
409828_2018-11-20_10-42-45_filtered_2026-04-09_04-58-44,5,260,0.16394999999999982,False,False,0,0,0.0,0.0,False,False,0,0,0.0,0.0,False,False,0,0,0.0,0.0,False,False,0,0,0.0,0.0,False,False,0,0,0.0,0.0,False,False,0,0,0.0,0.0
409828_2018-11-20_10-42-45_filtered_2026-04-09_04-58-44,5,269,0.16394999999999982,False,False,0,0,0.0,0.0,False,False,0,0,0.0,0.0,False,True,0,1,0.0,1.0,False,False,0,0,0.0,0.0,False,False,0,0,0.0,0.0,False,True,0,1,0.0,1.0
409828_2018-11-20_10-42-45_filtered_2026-04-09_04-58-44,5,272,0.16394999999999982,False,False,0,0,0.0,0.0,False,False,0,0,0.0,0.0,False,False,0,0,0.0,0.0,False,False,0,0,0.0,0.0,False,False,0,0,0.0,0.0,False,False,0,0,0.0,0.0
409828_2018-11-20_10-42-45_filtered_2026-04-09_04-58-44,5,282,0.16394999999999982,False,False,0,0,0.0,0.0,False,False,0,0,0.0,0.0,False,False,0,0,0.0,0.0,False,False,0,0,0.0,0.0,False,False,0,0,0.0,0.0,False,False,0,0,0.0,0.0
409828_2018-11-20_10-42-45_filtered_2026-04-09_04-58-44,5,294,0.16394999999999982,False,False,0,0,0.0,0.0,False,False,0,0,0.0,0.0,False,False,0,0,0.0,0.0,False,False,0,0,0.0,0.0,False,False,0,0,0.0,0.0,False,False,0,0,0.0,0.0
409828_2018-11-20_10-42-45_filtered_2026-04-09_04-58-44,5,308,0.16394999999999982,False,False,0,0,0.0,0.0,False,False,0,0,0.0,0.0,False,False,0,0,0.0,0.0,False,False,0,0,0.0,0.0,False,False,0,0,0.0,0.0,False,False,0,0,0.0,0.0
409828_2018-11-20_10-42-45_filtered_2026-04-09_04-58-44,5,309,0.16394999999999982,False,False,0,0,0.0,0.0,False,False,0,0,0.0,0.0,False,False,0,0,0.0,0.0,False,False,0,0,0.0,0.0,False,False,0,0,0.0,0.0,False,False,0,0,0.0,0.0
409828_2018-11-20_10-42-45_filtered_2026-04-09_04-58-44,5,330,0.16394999999999982,False,False,0,0,0.0,0.0,False,False,0,0,0.0,0.0,False,False,0,0,0.0,0.0,False,False,0,0,0.0,0.0,False,False,0,0,0.0,0.0,False,False,0,0,0.0,0.0
409828_2018-11-20_10-42-45_filtered_2026-04-09_04-58-44,5,333,0.16394999999999982,False,False,0,0,0.0,0.0,False,False,0,0,0.0,0.0,False,True,0,1,0.0,1.0,False,False,0,0,0.0,0.0,False,False,0,0,0.0,0.0,False,False,0,0,0.0,0.0
409828_2018-11-20_10-42-45_filtered_2026-04-09_04-58-44,5,335,0.16394999999999982,False,False,0,0,0.0,0.0,False,False,0,0,0.0,0.0,False,False,0,0,0.0,0.0,False,False,0,0,0.0,0.0,False,False,0,0,0.0,0.0,False,False,0,0,0.0,0.0
409828_2018-11-20_10-42-45_filtered_2026-04-09_04-58-44,5,349,0.16394999999999982,False,False,0,0,0.0,0.0,False,False,0,0,0.0,0.0,False,False,0,0,0.0,0.0,False,False,0,0,0.0,0.0,False,False,0,0,0.0,0.0,False,False,0,0,0.0,0.0
409828_2018-11-20_10-42-45_filtered_2026-04-09_04-58-44,5,363,0.16394999999999982,True,True,2,3,0.5,0.3333333333333333,True,True,2,3,0.5,0.3333333333333333,True,True,4,6,0.25,0.16666666666666666,False,False,0,0,0.0,0.0,True,False,1,0,1.0,0.0,True,True,5,4,0.3333333333333333,0.4
409828_2018-11-20_10-42-45_filtered_2026-04-09_04-58-44,5,459,0.16394999999999982,False,False,0,0,0.0,0.0,False,False,0,0,0.0,0.0,False,False,0,0,0.0,0.0,False,False,0,0,0.0,0.0,False,False,0,0,0.0,0.0,False,False,0,0,0.0,0.0
409828_2018-11-20_10-42-45_filtered_2026-04-09_04-58-44,5,471,0.16394999999999982,False,False,0,0,0.0,0.0,False,False,0,0,0.0,0.0,False,True,0,2,0.0,0.5,False,False,0,0,0.0,0.0,False,False,0,0,0.0,0.0,False,False,0,0,0.0,0.0
409828_2018-11-20_10-42-45_filtered_2026-04-09_04-58-44,5,477,0.16394999999999982,False,False,0,0,0.0,0.0,False,False,0,0,0.0,0.0,False,False,0,0,0.0,0.0,False,False,0,0,0.0,0.0,False,False,0,0,0.0,0.0,False,False,0,0,0.0,0.0
409828_2018-11-20_12-12-08_filtered_2026-04-09_05-50-16,0,0,0.16388000000006286,False,False,0,0,0.0,0.0,False,False,0,0,0.0,0.0,False,False,0,0,0.0,0.0,False,False,0,0,0.0,0.0,False,False,0,0,0.0,0.0,False,False,0,0,0.0,0.0
409828_2018-11-20_12-12-08_filtered_2026-04-09_05-50-16,0,1,0.16388000000006286,False,False,0,0,0.0,0.0,False,False,0,0,0.0,0.0,False,False,0,0,0.0,0.0,False,False,0,0,0.0,0.0,False,False,0,0,0.0,0.0,False,False,0,0,0.0,0.0
409828_2018-11-20_12-12-08_filtered_2026-04-09_05-50-16,0,2,0.16388000000006286,False,False,0,0,0.0,0.0,False,False,0,0,0.0,0.0,False,False,0,0,0.0,0.0,False,False,0,0,0.0,0.0,False,False,0,0,0.0,0.0,False,False,0,0,0.0,0.0
409828_2018-11-20_12-12-08_filtered_2026-04-09_05-50-16,0,3,0.16388000000006286,False,False,0,0,0.0,0.0,False,False,0,0,0.0,0.0,False,False,0,0,0.0,0.0,False,False,0,0,0.0,0.0,False,False,0,0,0.0,0.0,False,False,0,0,0.0,0.0
409828_2018-11-20_12-12-08_filtered_2026-04-09_05-50-16,0,4,0.16388000000006286,False,False,0,0,0.0,0.0,False,False,0,0,0.0,0.0,False,False,0,0,0.0,0.0,False,False,0,0,0.0,0.0,False,False,0,0,0.0,0.0,False,False,0,0,0.0,0.0
409828_2018-11-20_12-12-08_filtered_2026-04-09_05-50-16,0,5,0.16388000000006286,False,False,0,0,0.0,0.0,False,False,0,0,0.0,0.0,False,False,0,0,0.0,0.0,False,False,0,0,0.0,0.0,False,False,0,0,0.0,0.0,False,False,0,0,0.0,0.0
409828_2018-11-20_12-12-08_filtered_2026-04-09_05-50-16,0,6,0.16388000000006286,False,False,0,0,0.0,0.0,False,False,0,0,0.0,0.0,False,False,0,0,0.0,0.0,False,False,0,0,0.0,0.0,False,False,0,0,0.0,0.0,False,False,0,0,0.0,0.0
409828_2018-11-20_12-12-08_filtered_2026-04-09_05-50-16,0,7,0.16388000000006286,False,False,0,0,0.0,0.0,False,False,0,0,0.0,0.0,False,False,0,0,0.0,0.0,False,False,0,0,0.0,0.0,False,False,0,0,0.0,0.0,False,False,0,0,0.0,0.0
409828_2018-11-20_12-12-08_filtered_2026-04-09_05-50-16,0,8,0.16388000000006286,False,False,0,0,0.0,0.0,False,False,0,0,0.0,0.0,False,False,0,0,0.0,0.0,False,False,0,0,0.0,0.0,False,False,0,0,0.0,0.0,False,False,0,0,0.0,0.0
409828_2018-11-20_12-12-08_filtered_2026-04-09_05-50-16,0,9,0.16388000000006286,False,False,0,0,0.0,0.0,False,False,0,0,0.0,0.0,False,False,0,0,0.0,0.0,False,False,0,0,0.0,0.0,False,False,0,0,0.0,0.0,False,False,0,0,0.0,0.0
409828_2018-11-20_12-12-08_filtered_2026-04-09_05-50-16,0,11,0.16388000000006286,False,False,0,0,0.0,0.0,False,False,0,0,0.0,0.0,False,False,0,0,0.0,0.0,False,False,0,0,0.0,0.0,False,False,0,0,0.0,0.0,False,False,0,0,0.0,0.0
409828_2018-11-20_12-12-08_filtered_2026-04-09_05-50-16,0,12,0.16388000000006286,False,False,0,0,0.0,0.0,False,False,0,0,0.0,0.0,False,False,0,0,0.0,0.0,False,False,0,0,0.0,0.0,False,False,0,0,0.0,0.0,False,False,0,0,0.0,0.0
409828_2018-11-20_12-12-08_filtered_2026-04-09_05-50-16,0,13,0.16388000000006286,False,False,0,0,0.0,0.0,False,False,0,0,0.0,0.0,False,False,0,0,0.0,0.0,False,False,0,0,0.0,0.0,False,False,0,0,0.0,0.0,False,False,0,0,0.0,0.0
409828_2018-11-20_12-12-08_filtered_2026-04-09_05-50-16,0,14,0.16388000000006286,False,False,0,0,0.0,0.0,False,False,0,0,0.0,0.0,False,False,0,0,0.0,0.0,False,False,0,0,0.0,0.0,False,False,0,0,0.0,0.0,False,False,0,0,0.0,0.0
409828_2018-11-20_12-12-08_filtered_2026-04-09_05-50-16,0,15,0.16388000000006286,False,False,0,0,0.0,0.0,False,False,0,0,0.0,0.0,False,False,0,0,0.0,0.0,False,False,0,0,0.0,0.0,False,False,0,0,0.0,0.0,False,False,0,0,0.0,0.0
409828_2018-11-20_12-12-08_filtered_2026-04-09_05-50-16,0,16,0.16388000000006286,False,False,0,0,0.0,0.0,False,False,0,0,0.0,0.0,False,False,0,0,0.0,0.0,False,False,0,0,0.0,0.0,False,False,0,0,0.0,0.0,False,False,0,0,0.0,0.0
409828_2018-11-20_12-12-08_filtered_2026-04-09_05-50-16,0,17,0.16388000000006286,False,False,0,0,0.0,0.0,False,False,0,0,0.0,0.0,False,False,0,0,0.0,0.0,False,False,0,0,0.0,0.0,False,False,0,0,0.0,0.0,False,False,0,0,0.0,0.0
409828_2018-11-20_12-12-08_filtered_2026-04-09_05-50-16,0,18,0.16388000000006286,False,False,0,0,0.0,0.0,False,False,0,0,0.0,0.0,False,False,0,0,0.0,0.0,False,False,0,0,0.0,0.0,False,False,0,0,0.0,0.0,False,False,0,0,0.0,0.0
409828_2018-11-20_12-12-08_filtered_2026-04-09_05-50-16,0,19,0.16388000000006286,False,False,0,0,0.0,0.0,False,False,0,0,0.0,0.0,False,False,0,0,0.0,0.0,False,False,0,0,0.0,0.0,False,False,0,0,0.0,0.0,False,False,0,0,0.0,0.0
409828_2018-11-20_12-12-08_filtered_2026-04-09_05-50-16,0,20,0.16388000000006286,False,False,0,0,0.0,0.0,False,False,0,0,0.0,0.0,False,False,0,0,0.0,0.0,False,False,0,0,0.0,0.0,False,False,0,0,0.0,0.0,False,False,0,0,0.0,0.0
409828_2018-11-20_12-12-08_filtered_2026-04-09_05-50-16,0,21,0.16388000000006286,False,False,0,0,0.0,0.0,False,False,0,0,0.0,0.0,False,False,0,0,0.0,0.0,False,False,0,0,0.0,0.0,False,False,0,0,0.0,0.0,False,False,0,0,0.0,0.0
409828_2018-11-20_12-12-08_filtered_2026-04-09_05-50-16,0,22,0.16388000000006286,False,False,0,0,0.0,0.0,False,False,0,0,0.0,0.0,False,False,0,0,0.0,0.0,False,False,0,0,0.0,0.0,False,False,0,0,0.0,0.0,False,False,0,0,0.0,0.0
409828_2018-11-20_12-12-08_filtered_2026-04-09_05-50-16,0,23,0.16388000000006286,False,False,0,0,0.0,0.0,False,False,0,0,0.0,0.0,False,False,0,0,0.0,0.0,False,False,0,0,0.0,0.0,False,False,0,0,0.0,0.0,False,False,0,0,0.0,0.0
409828_2018-11-20_12-12-08_filtered_2026-04-09_05-50-16,0,24,0.16388000000006286,False,False,0,0,0.0,0.0,False,False,0,0,0.0,0.0,False,False,0,0,0.0,0.0,False,False,0,0,0.0,0.0,False,False,0,0,0.0,0.0,False,False,0,0,0.0,0.0
409828_2018-11-20_12-12-08_filtered_2026-04-09_05-50-16,0,25,0.16388000000006286,False,False,0,0,0.0,0.0,False,False,0,0,0.0,0.0,False,False,0,0,0.0,0.0,False,False,0,0,0.0,0.0,False,False,0,0,0.0,0.0,False,False,0,0,0.0,0.0
409828_2018-11-20_12-12-08_filtered_2026-04-09_05-50-16,0,26,0.16388000000006286,False,False,0,0,0.0,0.0,False,False,0,0,0.0,0.0,False,False,0,0,0.0,0.0,False,False,0,0,0.0,0.0,False,False,0,0,0.0,0.0,False,False,0,0,0.0,0.0
409828_2018-11-20_12-12-08_filtered_2026-04-09_05-50-16,0,27,0.16388000000006286,False,False,0,0,0.0,0.0,False,False,0,0,0.0,0.0,False,False,0,0,0.0,0.0,False,False,0,0,0.0,0.0,False,False,0,0,0.0,0.0,False,False,0,0,0.0,0.0
409828_2018-11-20_12-12-08_filtered_2026-04-09_05-50-16,0,28,0.16388000000006286,True,True,2,1,0.5,1.0,True,True,1,1,1.0,1.0,True,True,2,1,0.5,1.0,False,False,0,0,0.0,0.0,False,False,0,0,0.0,0.0,False,False,0,0,0.0,0.0
409828_2018-11-20_12-12-08_filtered_2026-04-09_05-50-16,0,29,0.16388000000006286,False,False,0,0,0.0,0.0,False,False,0,0,0.0,0.0,False,False,0,0,0.0,0.0,False,False,0,0,0.0,0.0,False,False,0,0,0.0,0.0,False,False,0,0,0.0,0.0
409828_2018-11-20_12-12-08_filtered_2026-04-09_05-50-16,0,30,0.16388000000006286,False,False,0,0,0.0,0.0,False,False,0,0,0.0,0.0,False,False,0,0,0.0,0.0,False,False,0,0,0.0,0.0,False,False,0,0,0.0,0.0,False,False,0,0,0.0,0.0
409828_2018-11-20_12-12-08_filtered_2026-04-09_05-50-16,0,31,0.16388000000006286,False,False,0,0,0.0,0.0,False,False,0,0,0.0,0.0,False,False,0,0,0.0,0.0,False,False,0,0,0.0,0.0,False,False,0,0,0.0,0.0,False,True,0,1,0.0,1.0
409828_2018-11-20_12-12-08_filtered_2026-04-09_05-50-16,0,32,0.16388000000006286,False,False,0,0,0.0,0.0,False,False,0,0,0.0,0.0,False,False,0,0,0.0,0.0,False,False,0,0,0.0,0.0,False,False,0,0,0.0,0.0,False,False,0,0,0.0,0.0
409828_2018-11-20_12-12-08_filtered_2026-04-09_05-50-16,0,33,0.16388000000006286,False,False,0,0,0.0,0.0,False,False,0,0,0.0,0.0,False,False,0,0,0.0,0.0,False,False,0,0,0.0,0.0,False,False,0,0,0.0,0.0,False,False,0,0,0.0,0.0
409828_2018-11-20_12-12-08_filtered_2026-04-09_05-50-16,0,34,0.16388000000006286,False,False,0,0,0.0,0.0,False,False,0,0,0.0,0.0,False,False,0,0,0.0,0.0,False,False,0,0,0.0,0.0,False,False,0,0,0.0,0.0,False,False,0,0,0.0,0.0
409828_2018-11-20_12-12-08_filtered_2026-04-09_05-50-16,0,35,0.16388000000006286,False,False,0,0,0.0,0.0,False,False,0,0,0.0,0.0,False,True,0,1,0.0,1.0,False,False,0,0,0.0,0.0,False,False,0,0,0.0,0.0,False,False,0,0,0.0,0.0
409828_2018-11-20_12-12-08_filtered_2026-04-09_05-50-16,0,36,0.16388000000006286,False,False,0,0,0.0,0.0,False,False,0,0,0.0,0.0,False,False,0,0,0.0,0.0,False,False,0,0,0.0,0.0,False,False,0,0,0.0,0.0,False,False,0,0,0.0,0.0
409828_2018-11-20_12-12-08_filtered_2026-04-09_05-50-16,0,37,0.16388000000006286,False,False,0,0,0.0,0.0,False,False,0,0,0.0,0.0,False,False,0,0,0.0,0.0,False,False,0,0,0.0,0.0,False,False,0,0,0.0,0.0,False,False,0,0,0.0,0.0
409828_2018-11-20_12-12-08_filtered_2026-04-09_05-50-16,0,39,0.16388000000006286,False,False,0,0,0.0,0.0,False,False,0,0,0.0,0.0,False,False,0,0,0.0,0.0,False,False,0,0,0.0,0.0,False,False,0,0,0.0,0.0,False,False,0,0,0.0,0.0
409828_2018-11-20_12-12-08_filtered_2026-04-09_05-50-16,0,40,0.16388000000006286,False,False,0,0,0.0,0.0,False,False,0,0,0.0,0.0,False,False,0,0,0.0,0.0,False,False,0,0,0.0,0.0,False,False,0,0,0.0,0.0,False,False,0,0,0.0,0.0
409828_2018-11-20_12-12-08_filtered_2026-04-09_05-50-16,0,41,0.16388000000006286,False,False,0,0,0.0,0.0,False,False,0,0,0.0,0.0,False,False,0,0,0.0,0.0,False,False,0,0,0.0,0.0,False,False,0,0,0.0,0.0,False,False,0,0,0.0,0.0
409828_2018-11-20_12-12-08_filtered_2026-04-09_05-50-16,0,42,0.16388000000006286,False,False,0,0,0.0,0.0,False,False,0,0,0.0,0.0,False,False,0,0,0.0,0.0,False,False,0,0,0.0,0.0,False,False,0,0,0.0,0.0,False,False,0,0,0.0,0.0
409828_2018-11-20_12-12-08_filtered_2026-04-09_05-50-16,0,43,0.16388000000006286,False,False,0,0,0.0,0.0,False,False,0,0,0.0,0.0,False,False,0,0,0.0,0.0,False,False,0,0,0.0,0.0,False,False,0,0,0.0,0.0,False,False,0,0,0.0,0.0
409828_2018-11-20_12-12-08_filtered_2026-04-09_05-50-16,0,44,0.16388000000006286,False,False,0,0,0.0,0.0,False,False,0,0,0.0,0.0,False,False,0,0,0.0,0.0,False,False,0,0,0.0,0.0,False,False,0,0,0.0,0.0,False,False,0,0,0.0,0.0
409828_2018-11-20_12-12-08_filtered_2026-04-09_05-50-16,0,45,0.16388000000006286,False,False,0,0,0.0,0.0,False,False,0,0,0.0,0.0,False,False,0,0,0.0,0.0,False,False,0,0,0.0,0.0,False,False,0,0,0.0,0.0,False,False,0,0,0.0,0.0
409828_2018-11-20_12-12-08_filtered_2026-04-09_05-50-16,0,46,0.16388000000006286,True,True,1,2,1.0,0.75,True,True,1,3,1.0,0.6,True,True,5,6,0.2,0.4444444444444444,False,False,0,0,0.0,0.0,False,False,0,0,0.0,0.0,False,True,0,5,0.0,0.2
409828_2018-11-20_12-12-08_filtered_2026-04-09_05-50-16,0,47,0.16388000000006286,False,False,0,0,0.0,0.0,False,False,0,0,0.0,0.0,False,False,0,0,0.0,0.0,False,False,0,0,0.0,0.0,False,False,0,0,0.0,0.0,False,False,0,0,0.0,0.0
409828_2018-11-20_12-12-08_filtered_2026-04-09_05-50-16,0,48,0.16388000000006286,False,False,0,0,0.0,0.0,False,False,0,0,0.0,0.0,False,False,0,0,0.0,0.0,False,False,0,0,0.0,0.0,False,False,0,0,0.0,0.0,False,False,0,0,0.0,0.0
409828_2018-11-20_12-12-08_filtered_2026-04-09_05-50-16,0,49,0.16388000000006286,False,False,0,0,0.0,0.0,False,False,0,0,0.0,0.0,False,False,0,0,0.0,0.0,False,False,0,0,0.0,0.0,False,False,0,0,0.0,0.0,False,False,0,0,0.0,0.0
409828_2018-11-20_12-12-08_filtered_2026-04-09_05-50-16,0,50,0.16388000000006286,False,False,0,0,0.0,0.0,False,False,0,0,0.0,0.0,False,False,0,0,0.0,0.0,False,False,0,0,0.0,0.0,False,False,0,0,0.0,0.0,False,False,0,0,0.0,0.0
409828_2018-11-20_12-12-08_filtered_2026-04-09_05-50-16,0,51,0.16388000000006286,False,False,0,0,0.0,0.0,False,False,0,0,0.0,0.0,False,False,0,0,0.0,0.0,False,False,0,0,0.0,0.0,False,False,0,0,0.0,0.0,False,False,0,0,0.0,0.0
409828_2018-11-20_12-12-08_filtered_2026-04-09_05-50-16,0,52,0.16388000000006286,False,False,0,0,0.0,0.0,False,False,0,0,0.0,0.0,False,False,0,0,0.0,0.0,False,False,0,0,0.0,0.0,False,False,0,0,0.0,0.0,False,False,0,0,0.0,0.0
409828_2018-11-20_12-12-08_filtered_2026-04-09_05-50-16,0,53,0.16388000000006286,False,False,0,0,0.0,0.0,False,False,0,0,0.0,0.0,False,False,0,0,0.0,0.0,False,False,0,0,0.0,0.0,False,False,0,0,0.0,0.0,False,False,0,0,0.0,0.0
409828_2018-11-20_12-12-08_filtered_2026-04-09_05-50-16,0,54,0.16388000000006286,False,False,0,0,0.0,0.0,False,False,0,0,0.0,0.0,False,False,0,0,0.0,0.0,False,False,0,0,0.0,0.0,False,False,0,0,0.0,0.0,False,False,0,0,0.0,0.0
409828_2018-11-20_12-12-08_filtered_2026-04-09_05-50-16,0,55,0.16388000000006286,True,True,3,1,0.3333333333333333,1.0,True,True,4,1,0.25,1.0,True,True,7,2,0.25,0.6666666666666666,False,False,0,0,0.0,0.0,True,False,1,0,1.0,0.0,True,True,4,5,0.4,0.2
409828_2018-11-20_12-12-08_filtered_2026-04-09_05-50-16,0,56,0.16388000000006286,False,False,0,0,0.0,0.0,False,False,0,0,0.0,0.0,False,False,0,0,0.0,0.0,False,False,0,0,0.0,0.0,False,False,0,0,0.0,0.0,False,False,0,0,0.0,0.0
409828_2018-11-20_12-12-08_filtered_2026-04-09_05-50-16,0,57,0.16388000000006286,False,False,0,0,0.0,0.0,False,False,0,0,0.0,0.0,False,True,0,1,0.0,1.0,False,False,0,0,0.0,0.0,False,False,0,0,0.0,0.0,False,False,0,0,0.0,0.0
409828_2018-11-20_12-12-08_filtered_2026-04-09_05-50-16,0,58,0.16388000000006286,False,False,0,0,0.0,0.0,False,False,0,0,0.0,0.0,False,False,0,0,0.0,0.0,False,False,0,0,0.0,0.0,False,False,0,0,0.0,0.0,False,False,0,0,0.0,0.0
409828_2018-11-20_12-12-08_filtered_2026-04-09_05-50-16,0,59,0.16388000000006286,True,False,2,0,0.5,0.0,True,False,1,0,1.0,0.0,True,False,2,0,0.75,0.0,False,False,0,0,0.0,0.0,False,False,0,0,0.0,0.0,True,True,2,1,0.5,1.0
409828_2018-11-20_12-12-08_filtered_2026-04-09_05-50-16,0,60,0.16388000000006286,False,False,0,0,0.0,0.0,False,False,0,0,0.0,0.0,False,False,0,0,0.0,0.0,False,False,0,0,0.0,0.0,False,False,0,0,0.0,0.0,False,False,0,0,0.0,0.0
409828_2018-11-20_12-12-08_filtered_2026-04-09_05-50-16,0,61,0.16388000000006286,False,False,0,0,0.0,0.0,False,False,0,0,0.0,0.0,False,False,0,0,0.0,0.0,False,False,0,0,0.0,0.0,False,False,0,0,0.0,0.0,False,False,0,0,0.0,0.0
409828_2018-11-20_12-12-08_filtered_2026-04-09_05-50-16,0,63,0.16388000000006286,False,False,0,0,0.0,0.0,False,False,0,0,0.0,0.0,False,False,0,0,0.0,0.0,False,False,0,0,0.0,0.0,False,False,0,0,0.0,0.0,False,False,0,0,0.0,0.0
409828_2018-11-20_12-12-08_filtered_2026-04-09_05-50-16,0,64,0.16388000000006286,False,False,0,0,0.0,0.0,False,False,0,0,0.0,0.0,False,False,0,0,0.0,0.0,False,False,0,0,0.0,0.0,False,False,0,0,0.0,0.0,False,False,0,0,0.0,0.0
409828_2018-11-20_12-12-08_filtered_2026-04-09_05-50-16,0,65,0.16388000000006286,False,False,0,0,0.0,0.0,True,False,1,0,1.0,0.0,True,True,2,1,0.6666666666666666,1.0,False,False,0,0,0.0,0.0,True,False,1,0,1.0,0.0,True,False,1,0,1.0,0.0
409828_2018-11-20_12-12-08_filtered_2026-04-09_05-50-16,0,66,0.16388000000006286,False,False,0,0,0.0,0.0,False,False,0,0,0.0,0.0,False,False,0,0,0.0,0.0,False,False,0,0,0.0,0.0,False,False,0,0,0.0,0.0,False,False,0,0,0.0,0.0
409828_2018-11-20_12-12-08_filtered_2026-04-09_05-50-16,0,67,0.16388000000006286,False,False,0,0,0.0,0.0,False,False,0,0,0.0,0.0,False,False,0,0,0.0,0.0,False,False,0,0,0.0,0.0,False,False,0,0,0.0,0.0,False,False,0,0,0.0,0.0
409828_2018-11-20_12-12-08_filtered_2026-04-09_05-50-16,0,68,0.16388000000006286,False,False,0,0,0.0,0.0,False,False,0,0,0.0,0.0,True,False,1,0,1.0,0.0,False,False,0,0,0.0,0.0,False,False,0,0,0.0,0.0,False,False,0,0,0.0,0.0
409828_2018-11-20_12-12-08_filtered_2026-04-09_05-50-16,0,69,0.16388000000006286,False,False,0,0,0.0,0.0,False,False,0,0,0.0,0.0,False,False,0,0,0.0,0.0,False,False,0,0,0.0,0.0,False,False,0,0,0.0,0.0,False,False,0,0,0.0,0.0
409828_2018-11-20_12-12-08_filtered_2026-04-09_05-50-16,0,70,0.16388000000006286,False,False,0,0,0.0,0.0,False,False,0,0,0.0,0.0,False,False,0,0,0.0,0.0,False,False,0,0,0.0,0.0,False,False,0,0,0.0,0.0,False,False,0,0,0.0,0.0
409828_2018-11-20_12-12-08_filtered_2026-04-09_05-50-16,0,71,0.16388000000006286,False,False,0,0,0.0,0.0,False,False,0,0,0.0,0.0,False,False,0,0,0.0,0.0,False,False,0,0,0.0,0.0,False,False,0,0,0.0,0.0,False,False,0,0,0.0,0.0
409828_2018-11-20_12-12-08_filtered_2026-04-09_05-50-16,0,72,0.16388000000006286,False,False,0,0,0.0,0.0,False,False,0,0,0.0,0.0,False,False,0,0,0.0,0.0,False,False,0,0,0.0,0.0,False,False,0,0,0.0,0.0,False,False,0,0,0.0,0.0
409828_2018-11-20_12-12-08_filtered_2026-04-09_05-50-16,0,73,0.16388000000006286,False,False,0,0,0.0,0.0,False,False,0,0,0.0,0.0,False,False,0,0,0.0,0.0,False,False,0,0,0.0,0.0,False,False,0,0,0.0,0.0,False,False,0,0,0.0,0.0
409828_2018-11-20_12-12-08_filtered_2026-04-09_05-50-16,0,74,0.16388000000006286,False,False,0,0,0.0,0.0,False,False,0,0,0.0,0.0,False,False,0,0,0.0,0.0,False,False,0,0,0.0,0.0,False,False,0,0,0.0,0.0,False,False,0,0,0.0,0.0
409828_2018-11-20_12-12-08_filtered_2026-04-09_05-50-16,0,75,0.16388000000006286,False,False,0,0,0.0,0.0,False,False,0,0,0.0,0.0,False,False,0,0,0.0,0.0,False,False,0,0,0.0,0.0,False,False,0,0,0.0,0.0,False,False,0,0,0.0,0.0
409828_2018-11-20_12-12-08_filtered_2026-04-09_05-50-16,0,76,0.16388000000006286,False,False,0,0,0.0,0.0,False,False,0,0,0.0,0.0,False,False,0,0,0.0,0.0,False,False,0,0,0.0,0.0,False,False,0,0,0.0,0.0,False,False,0,0,0.0,0.0
409828_2018-11-20_12-12-08_filtered_2026-04-09_05-50-16,0,77,0.16388000000006286,False,False,0,0,0.0,0.0,False,False,0,0,0.0,0.0,False,False,0,0,0.0,0.0,False,False,0,0,0.0,0.0,False,False,0,0,0.0,0.0,False,False,0,0,0.0,0.0
409828_2018-11-20_12-12-08_filtered_2026-04-09_05-50-16,0,78,0.16388000000006286,False,False,0,0,0.0,0.0,False,False,0,0,0.0,0.0,False,False,0,0,0.0,0.0,False,False,0,0,0.0,0.0,False,False,0,0,0.0,0.0,False,False,0,0,0.0,0.0
409828_2018-11-20_12-12-08_filtered_2026-04-09_05-50-16,0,79,0.16388000000006286,False,False,0,0,0.0,0.0,False,False,0,0,0.0,0.0,False,False,0,0,0.0,0.0,False,False,0,0,0.0,0.0,False,False,0,0,0.0,0.0,False,False,0,0,0.0,0.0
409828_2018-11-20_12-12-08_filtered_2026-04-09_05-50-16,0,80,0.16388000000006286,True,False,1,0,1.0,0.0,True,True,1,1,1.0,1.0,True,True,3,5,0.5,0.3333333333333333,False,False,0,0,0.0,0.0,False,False,0,0,0.0,0.0,True,False,1,0,1.0,0.0
409828_2018-11-20_12-12-08_filtered_2026-04-09_05-50-16,0,81,0.16388000000006286,False,True,0,1,0.0,1.0,False,False,0,0,0.0,0.0,False,False,0,0,0.0,0.0,False,False,0,0,0.0,0.0,False,False,0,0,0.0,0.0,False,False,0,0,0.0,0.0
409828_2018-11-20_12-12-08_filtered_2026-04-09_05-50-16,0,82,0.16388000000006286,True,True,10,13,0.2857142857142857,0.2777777777777778,True,True,15,14,0.21739130434782608,0.23809523809523808,True,True,16,16,0.23809523809523808,0.24324324324324326,False,True,0,2,0.0,0.6666666666666666,True,True,3,6,0.3333333333333333,0.4444444444444444,True,True,14,16,0.2,0.15625
409828_2018-11-20_12-12-08_filtered_2026-04-09_05-50-16,0,83,0.16388000000006286,False,False,0,0,0.0,0.0,False,False,0,0,0.0,0.0,False,False,0,0,0.0,0.0,False,False,0,0,0.0,0.0,False,False,0,0,0.0,0.0,False,False,0,0,0.0,0.0
409828_2018-11-20_12-12-08_filtered_2026-04-09_05-50-16,0,84,0.16388000000006286,True,True,7,6,0.25,0.5,True,True,9,7,0.16666666666666666,0.4,True,True,16,13,0.17391304347826086,0.3,False,True,0,1,0.0,1.0,True,True,1,2,1.0,0.75,True,True,7,6,0.25,0.4444444444444444
409828_2018-11-20_12-12-08_filtered_2026-04-09_05-50-16,0,85,0.16388000000006286,True,True,1,1,1.0,1.0,True,False,1,0,1.0,0.0,False,False,0,0,0.0,0.0,False,False,0,0,0.0,0.0,False,False,0,0,0.0,0.0,False,False,0,0,0.0,0.0
409828_2018-11-20_12-12-08_filtered_2026-04-09_05-50-16,0,86,0.16388000000006286,False,False,0,0,0.0,0.0,False,False,0,0,0.0,0.0,False,False,0,0,0.0,0.0,False,False,0,0,0.0,0.0,False,False,0,0,0.0,0.0,False,False,0,0,0.0,0.0
409828_2018-11-20_12-12-08_filtered_2026-04-09_05-50-16,0,87,0.16388000000006286,False,False,0,0,0.0,0.0,False,False,0,0,0.0,0.0,False,False,0,0,0.0,0.0,False,False,0,0,0.0,0.0,False,False,0,0,0.0,0.0,False,False,0,0,0.0,0.0
409828_2018-11-20_12-12-08_filtered_2026-04-09_05-50-16,0,88,0.16388000000006286,True,True,4,3,0.25,0.6666666666666666,True,True,6,3,0.16666666666666666,0.6,True,True,10,6,0.1,0.5,False,True,0,1,0.0,1.0,True,True,1,1,1.0,1.0,True,True,3,2,0.3333333333333333,0.6666666666666666
409828_2018-11-20_12-12-08_filtered_2026-04-09_05-50-16,0,89,0.16388000000006286,True,True,2,3,0.6666666666666666,0.3333333333333333,True,True,6,6,0.2857142857142857,0.2857142857142857,True,True,11,10,0.1875,0.21428571428571427,False,False,0,0,0.0,0.0,True,True,2,1,0.6666666666666666,1.0,True,True,4,5,0.5,0.375
409828_2018-11-20_12-12-08_filtered_2026-04-09_05-50-16,0,90,0.16388000000006286,False,False,0,0,0.0,0.0,False,False,0,0,0.0,0.0,False,False,0,0,0.0,0.0,False,False,0,0,0.0,0.0,False,False,0,0,0.0,0.0,False,False,0,0,0.0,0.0
409828_2018-11-20_12-12-08_filtered_2026-04-09_05-50-16,0,91,0.16388000000006286,False,False,0,0,0.0,0.0,False,False,0,0,0.0,0.0,False,False,0,0,0.0,0.0,False,False,0,0,0.0,0.0,False,False,0,0,0.0,0.0,False,False,0,0,0.0,0.0
409828_2018-11-20_12-12-08_filtered_2026-04-09_05-50-16,0,92,0.16388000000006286,False,False,0,0,0.0,0.0,False,False,0,0,0.0,0.0,False,False,0,0,0.0,0.0,False,False,0,0,0.0,0.0,False,False,0,0,0.0,0.0,False,False,0,0,0.0,0.0
409828_2018-11-20_12-12-08_filtered_2026-04-09_05-50-16,0,93,0.16388000000006286,False,False,0,0,0.0,0.0,False,False,0,0,0.0,0.0,False,False,0,0,0.0,0.0,False,False,0,0,0.0,0.0,False,False,0,0,0.0,0.0,False,False,0,0,0.0,0.0
409828_2018-11-20_12-12-08_filtered_2026-04-09_05-50-16,0,94,0.16388000000006286,False,False,0,0,0.0,0.0,False,True,0,2,0.0,0.5,False,False,0,0,0.0,0.0,False,False,0,0,0.0,0.0,False,False,0,0,0.0,0.0,False,False,0,0,0.0,0.0
409828_2018-11-20_12-12-08_filtered_2026-04-09_05-50-16,0,95,0.16388000000006286,False,False,0,0,0.0,0.0,False,False,0,0,0.0,0.0,False,False,0,0,0.0,0.0,False,False,0,0,0.0,0.0,False,False,0,0,0.0,0.0,False,False,0,0,0.0,0.0
409828_2018-11-20_12-12-08_filtered_2026-04-09_05-50-16,0,96,0.16388000000006286,False,False,0,0,0.0,0.0,False,False,0,0,0.0,0.0,False,False,0,0,0.0,0.0,False,False,0,0,0.0,0.0,False,False,0,0,0.0,0.0,False,False,0,0,0.0,0.0
409828_2018-11-20_12-12-08_filtered_2026-04-09_05-50-16,0,97,0.16388000000006286,False,False,0,0,0.0,0.0,False,False,0,0,0.0,0.0,False,False,0,0,0.0,0.0,False,False,0,0,0.0,0.0,False,False,0,0,0.0,0.0,False,False,0,0,0.0,0.0
409828_2018-11-20_12-12-08_filtered_2026-04-09_05-50-16,0,98,0.16388000000006286,False,False,0,0,0.0,0.0,False,False,0,0,0.0,0.0,False,False,0,0,0.0,0.0,False,False,0,0,0.0,0.0,False,False,0,0,0.0,0.0,False,False,0,0,0.0,0.0
409828_2018-11-20_12-12-08_filtered_2026-04-09_05-50-16,0,99,0.16388000000006286,False,False,0,0,0.0,0.0,False,False,0,0,0.0,0.0,False,False,0,0,0.0,0.0,False,False,0,0,0.0,0.0,False,False,0,0,0.0,0.0,False,False,0,0,0.0,0.0
409828_2018-11-20_12-12-08_filtered_2026-04-09_05-50-16,0,101,0.16388000000006286,True,True,1,1,1.0,1.0,True,True,4,4,0.25,0.5714285714285714,True,True,8,5,0.2222222222222222,0.375,False,False,0,0,0.0,0.0,True,True,1,1,1.0,1.0,True,True,4,6,0.4,0.16666666666666666
409828_2018-11-20_12-12-08_filtered_2026-04-09_05-50-16,0,103,0.16388000000006286,False,False,0,0,0.0,0.0,False,False,0,0,0.0,0.0,False,False,0,0,0.0,0.0,False,False,0,0,0.0,0.0,False,False,0,0,0.0,0.0,False,False,0,0,0.0,0.0
409828_2018-11-20_12-12-08_filtered_2026-04-09_05-50-16,0,104,0.16388000000006286,False,False,0,0,0.0,0.0,False,False,0,0,0.0,0.0,False,False,0,0,0.0,0.0,False,False,0,0,0.0,0.0,False,False,0,0,0.0,0.0,False,False,0,0,0.0,0.0
409828_2018-11-20_12-12-08_filtered_2026-04-09_05-50-16,0,105,0.16388000000006286,False,False,0,0,0.0,0.0,False,False,0,0,0.0,0.0,False,False,0,0,0.0,0.0,False,False,0,0,0.0,0.0,False,False,0,0,0.0,0.0,False,False,0,0,0.0,0.0
409828_2018-11-20_12-12-08_filtered_2026-04-09_05-50-16,0,106,0.16388000000006286,False,False,0,0,0.0,0.0,False,False,0,0,0.0,0.0,False,False,0,0,0.0,0.0,False,False,0,0,0.0,0.0,False,False,0,0,0.0,0.0,False,False,0,0,0.0,0.0
409828_2018-11-20_12-12-08_filtered_2026-04-09_05-50-16,0,107,0.16388000000006286,False,False,0,0,0.0,0.0,False,False,0,0,0.0,0.0,False,False,0,0,0.0,0.0,False,False,0,0,0.0,0.0,False,False,0,0,0.0,0.0,False,False,0,0,0.0,0.0
409828_2018-11-20_12-12-08_filtered_2026-04-09_05-50-16,0,108,0.16388000000006286,False,False,0,0,0.0,0.0,False,False,0,0,0.0,0.0,False,False,0,0,0.0,0.0,False,False,0,0,0.0,0.0,False,False,0,0,0.0,0.0,False,False,0,0,0.0,0.0
409828_2018-11-20_12-12-08_filtered_2026-04-09_05-50-16,0,109,0.16388000000006286,True,True,4,5,0.4,0.42857142857142855,True,True,7,9,0.2,0.18181818181818182,True,True,7,11,0.36363636363636365,0.26666666666666666,False,False,0,0,0.0,0.0,False,True,0,1,0.0,1.0,True,True,2,6,0.5,0.4444444444444444
409828_2018-11-20_12-12-08_filtered_2026-04-09_05-50-16,0,110,0.16388000000006286,False,False,0,0,0.0,0.0,False,False,0,0,0.0,0.0,False,False,0,0,0.0,0.0,False,False,0,0,0.0,0.0,False,False,0,0,0.0,0.0,False,False,0,0,0.0,0.0
409828_2018-11-20_12-12-08_filtered_2026-04-09_05-50-16,0,111,0.16388000000006286,False,False,0,0,0.0,0.0,False,False,0,0,0.0,0.0,False,False,0,0,0.0,0.0,False,False,0,0,0.0,0.0,False,False,0,0,0.0,0.0,False,False,0,0,0.0,0.0
409828_2018-11-20_12-12-08_filtered_2026-04-09_05-50-16,0,112,0.16388000000006286,False,False,0,0,0.0,0.0,True,False,1,0,1.0,0.0,False,False,0,0,0.0,0.0,False,False,0,0,0.0,0.0,False,False,0,0,0.0,0.0,False,False,0,0,0.0,0.0
409828_2018-11-20_12-12-08_filtered_2026-04-09_05-50-16,0,113,0.16388000000006286,False,False,0,0,0.0,0.0,False,False,0,0,0.0,0.0,False,False,0,0,0.0,0.0,False,False,0,0,0.0,0.0,False,False,0,0,0.0,0.0,False,False,0,0,0.0,0.0
409828_2018-11-20_12-12-08_filtered_2026-04-09_05-50-16,0,114,0.16388000000006286,False,False,0,0,0.0,0.0,False,False,0,0,0.0,0.0,False,False,0,0,0.0,0.0,False,False,0,0,0.0,0.0,False,False,0,0,0.0,0.0,False,False,0,0,0.0,0.0
409828_2018-11-20_12-12-08_filtered_2026-04-09_05-50-16,0,115,0.16388000000006286,False,False,0,0,0.0,0.0,False,False,0,0,0.0,0.0,False,False,0,0,0.0,0.0,False,False,0,0,0.0,0.0,False,False,0,0,0.0,0.0,False,False,0,0,0.0,0.0
409828_2018-11-20_12-12-08_filtered_2026-04-09_05-50-16,0,116,0.16388000000006286,False,False,0,0,0.0,0.0,False,False,0,0,0.0,0.0,False,False,0,0,0.0,0.0,False,False,0,0,0.0,0.0,False,False,0,0,0.0,0.0,False,False,0,0,0.0,0.0
409828_2018-11-20_12-12-08_filtered_2026-04-09_05-50-16,0,118,0.16388000000006286,False,False,0,0,0.0,0.0,False,False,0,0,0.0,0.0,False,False,0,0,0.0,0.0,False,False,0,0,0.0,0.0,False,False,0,0,0.0,0.0,False,False,0,0,0.0,0.0
409828_2018-11-20_12-12-08_filtered_2026-04-09_05-50-16,0,119,0.16388000000006286,False,False,0,0,0.0,0.0,False,False,0,0,0.0,0.0,False,False,0,0,0.0,0.0,False,False,0,0,0.0,0.0,False,False,0,0,0.0,0.0,False,False,0,0,0.0,0.0
409828_2018-11-20_12-12-08_filtered_2026-04-09_05-50-16,0,121,0.16388000000006286,False,False,0,0,0.0,0.0,False,False,0,0,0.0,0.0,False,False,0,0,0.0,0.0,False,False,0,0,0.0,0.0,False,False,0,0,0.0,0.0,False,False,0,0,0.0,0.0
409828_2018-11-20_12-12-08_filtered_2026-04-09_05-50-16,0,122,0.16388000000006286,False,False,0,0,0.0,0.0,False,False,0,0,0.0,0.0,False,False,0,0,0.0,0.0,False,False,0,0,0.0,0.0,False,False,0,0,0.0,0.0,False,False,0,0,0.0,0.0
409828_2018-11-20_12-12-08_filtered_2026-04-09_05-50-16,0,123,0.16388000000006286,False,False,0,0,0.0,0.0,False,False,0,0,0.0,0.0,False,False,0,0,0.0,0.0,False,False,0,0,0.0,0.0,False,False,0,0,0.0,0.0,False,False,0,0,0.0,0.0
409828_2018-11-20_12-12-08_filtered_2026-04-09_05-50-16,0,124,0.16388000000006286,True,False,1,0,1.0,0.0,True,False,1,0,1.0,0.0,True,False,1,0,1.0,0.0,False,False,0,0,0.0,0.0,False,False,0,0,0.0,0.0,True,False,1,0,1.0,0.0
409828_2018-11-20_12-12-08_filtered_2026-04-09_05-50-16,0,125,0.16388000000006286,False,False,0,0,0.0,0.0,False,False,0,0,0.0,0.0,False,False,0,0,0.0,0.0,False,False,0,0,0.0,0.0,False,False,0,0,0.0,0.0,False,False,0,0,0.0,0.0
409828_2018-11-20_12-12-08_filtered_2026-04-09_05-50-16,0,127,0.16388000000006286,False,False,0,0,0.0,0.0,False,False,0,0,0.0,0.0,False,False,0,0,0.0,0.0,False,False,0,0,0.0,0.0,False,False,0,0,0.0,0.0,False,False,0,0,0.0,0.0
409828_2018-11-20_12-12-08_filtered_2026-04-09_05-50-16,0,128,0.16388000000006286,False,False,0,0,0.0,0.0,False,False,0,0,0.0,0.0,False,False,0,0,0.0,0.0,False,False,0,0,0.0,0.0,False,False,0,0,0.0,0.0,False,False,0,0,0.0,0.0
409828_2018-11-20_12-12-08_filtered_2026-04-09_05-50-16,0,130,0.16388000000006286,False,False,0,0,0.0,0.0,False,False,0,0,0.0,0.0,False,False,0,0,0.0,0.0,False,False,0,0,0.0,0.0,False,False,0,0,0.0,0.0,False,False,0,0,0.0,0.0
409828_2018-11-20_12-12-08_filtered_2026-04-09_05-50-16,0,131,0.16388000000006286,False,False,0,0,0.0,0.0,False,False,0,0,0.0,0.0,False,False,0,0,0.0,0.0,False,False,0,0,0.0,0.0,False,False,0,0,0.0,0.0,False,False,0,0,0.0,0.0
409828_2018-11-20_12-12-08_filtered_2026-04-09_05-50-16,0,132,0.16388000000006286,True,False,1,0,1.0,0.0,False,False,0,0,0.0,0.0,True,False,1,0,1.0,0.0,False,False,0,0,0.0,0.0,False,False,0,0,0.0,0.0,False,False,0,0,0.0,0.0
409828_2018-11-20_12-12-08_filtered_2026-04-09_05-50-16,0,134,0.16388000000006286,False,False,0,0,0.0,0.0,True,False,1,0,1.0,0.0,True,True,2,2,0.5,0.5,False,False,0,0,0.0,0.0,False,False,0,0,0.0,0.0,False,False,0,0,0.0,0.0
409828_2018-11-20_12-12-08_filtered_2026-04-09_05-50-16,0,135,0.16388000000006286,False,False,0,0,0.0,0.0,False,False,0,0,0.0,0.0,False,False,0,0,0.0,0.0,False,False,0,0,0.0,0.0,False,False,0,0,0.0,0.0,False,False,0,0,0.0,0.0
409828_2018-11-20_12-12-08_filtered_2026-04-09_05-50-16,0,136,0.16388000000006286,False,False,0,0,0.0,0.0,False,False,0,0,0.0,0.0,False,False,0,0,0.0,0.0,False,False,0,0,0.0,0.0,False,False,0,0,0.0,0.0,False,False,0,0,0.0,0.0
409828_2018-11-20_12-12-08_filtered_2026-04-09_05-50-16,0,137,0.16388000000006286,False,False,0,0,0.0,0.0,False,False,0,0,0.0,0.0,False,False,0,0,0.0,0.0,False,False,0,0,0.0,0.0,False,False,0,0,0.0,0.0,False,False,0,0,0.0,0.0
409828_2018-11-20_12-12-08_filtered_2026-04-09_05-50-16,0,140,0.16388000000006286,False,False,0,0,0.0,0.0,False,False,0,0,0.0,0.0,False,False,0,0,0.0,0.0,False,False,0,0,0.0,0.0,False,False,0,0,0.0,0.0,False,False,0,0,0.0,0.0
409828_2018-11-20_12-12-08_filtered_2026-04-09_05-50-16,0,141,0.16388000000006286,False,False,0,0,0.0,0.0,False,False,0,0,0.0,0.0,False,False,0,0,0.0,0.0,False,False,0,0,0.0,0.0,False,False,0,0,0.0,0.0,False,False,0,0,0.0,0.0
409828_2018-11-20_12-12-08_filtered_2026-04-09_05-50-16,0,142,0.16388000000006286,False,False,0,0,0.0,0.0,False,False,0,0,0.0,0.0,False,False,0,0,0.0,0.0,False,False,0,0,0.0,0.0,False,False,0,0,0.0,0.0,False,False,0,0,0.0,0.0
409828_2018-11-20_12-12-08_filtered_2026-04-09_05-50-16,0,143,0.16388000000006286,False,False,0,0,0.0,0.0,False,False,0,0,0.0,0.0,False,False,0,0,0.0,0.0,False,False,0,0,0.0,0.0,False,False,0,0,0.0,0.0,False,False,0,0,0.0,0.0
409828_2018-11-20_12-12-08_filtered_2026-04-09_05-50-16,0,144,0.16388000000006286,False,True,0,2,0.0,0.5,False,True,0,1,0.0,1.0,True,True,1,2,1.0,0.75,False,False,0,0,0.0,0.0,False,True,0,1,0.0,1.0,True,True,1,1,1.0,1.0
409828_2018-11-20_12-12-08_filtered_2026-04-09_05-50-16,0,145,0.16388000000006286,False,False,0,0,0.0,0.0,False,False,0,0,0.0,0.0,False,False,0,0,0.0,0.0,False,False,0,0,0.0,0.0,False,False,0,0,0.0,0.0,False,False,0,0,0.0,0.0
409828_2018-11-20_12-12-08_filtered_2026-04-09_05-50-16,0,146,0.16388000000006286,False,False,0,0,0.0,0.0,False,False,0,0,0.0,0.0,False,False,0,0,0.0,0.0,False,False,0,0,0.0,0.0,False,False,0,0,0.0,0.0,False,False,0,0,0.0,0.0
409828_2018-11-20_12-12-08_filtered_2026-04-09_05-50-16,0,147,0.16388000000006286,True,True,1,1,1.0,1.0,True,True,1,2,1.0,0.5,True,True,1,1,1.0,1.0,False,False,0,0,0.0,0.0,False,False,0,0,0.0,0.0,False,False,0,0,0.0,0.0
409828_2018-11-20_12-12-08_filtered_2026-04-09_05-50-16,0,148,0.16388000000006286,False,False,0,0,0.0,0.0,True,False,1,0,1.0,0.0,False,False,0,0,0.0,0.0,False,False,0,0,0.0,0.0,False,False,0,0,0.0,0.0,False,False,0,0,0.0,0.0
409828_2018-11-20_12-12-08_filtered_2026-04-09_05-50-16,0,150,0.16388000000006286,False,True,0,1,0.0,1.0,False,True,0,3,0.0,0.3333333333333333,False,True,0,1,0.0,1.0,False,False,0,0,0.0,0.0,False,False,0,0,0.0,0.0,False,False,0,0,0.0,0.0
409828_2018-11-20_12-12-08_filtered_2026-04-09_05-50-16,0,151,0.16388000000006286,False,False,0,0,0.0,0.0,False,False,0,0,0.0,0.0,False,False,0,0,0.0,0.0,False,False,0,0,0.0,0.0,False,False,0,0,0.0,0.0,False,False,0,0,0.0,0.0
409828_2018-11-20_12-12-08_filtered_2026-04-09_05-50-16,0,152,0.16388000000006286,False,False,0,0,0.0,0.0,False,False,0,0,0.0,0.0,False,False,0,0,0.0,0.0,False,False,0,0,0.0,0.0,False,False,0,0,0.0,0.0,False,True,0,1,0.0,1.0
409828_2018-11-20_12-12-08_filtered_2026-04-09_05-50-16,0,153,0.16388000000006286,False,False,0,0,0.0,0.0,False,False,0,0,0.0,0.0,False,False,0,0,0.0,0.0,False,False,0,0,0.0,0.0,False,False,0,0,0.0,0.0,False,False,0,0,0.0,0.0
409828_2018-11-20_12-12-08_filtered_2026-04-09_05-50-16,0,154,0.16388000000006286,False,False,0,0,0.0,0.0,False,True,0,1,0.0,1.0,False,True,0,1,0.0,1.0,False,False,0,0,0.0,0.0,False,True,0,1,0.0,1.0,True,True,1,1,1.0,1.0
409828_2018-11-20_12-12-08_filtered_2026-04-09_05-50-16,0,155,0.16388000000006286,False,True,0,1,0.0,1.0,False,True,0,1,0.0,1.0,False,True,0,1,0.0,1.0,False,False,0,0,0.0,0.0,False,False,0,0,0.0,0.0,False,False,0,0,0.0,0.0
409828_2018-11-20_12-12-08_filtered_2026-04-09_05-50-16,0,158,0.16388000000006286,False,False,0,0,0.0,0.0,False,False,0,0,0.0,0.0,False,False,0,0,0.0,0.0,False,False,0,0,0.0,0.0,False,False,0,0,0.0,0.0,False,False,0,0,0.0,0.0
409828_2018-11-20_12-12-08_filtered_2026-04-09_05-50-16,0,159,0.16388000000006286,False,False,0,0,0.0,0.0,False,False,0,0,0.0,0.0,False,False,0,0,0.0,0.0,False,False,0,0,0.0,0.0,False,False,0,0,0.0,0.0,False,False,0,0,0.0,0.0
409828_2018-11-20_12-12-08_filtered_2026-04-09_05-50-16,0,160,0.16388000000006286,False,False,0,0,0.0,0.0,False,False,0,0,0.0,0.0,False,False,0,0,0.0,0.0,False,False,0,0,0.0,0.0,False,False,0,0,0.0,0.0,False,False,0,0,0.0,0.0
409828_2018-11-20_12-12-08_filtered_2026-04-09_05-50-16,0,161,0.16388000000006286,False,False,0,0,0.0,0.0,True,False,1,0,1.0,0.0,True,False,1,0,1.0,0.0,False,False,0,0,0.0,0.0,False,False,0,0,0.0,0.0,False,False,0,0,0.0,0.0
409828_2018-11-20_12-12-08_filtered_2026-04-09_05-50-16,0,162,0.16388000000006286,False,False,0,0,0.0,0.0,False,False,0,0,0.0,0.0,False,False,0,0,0.0,0.0,False,False,0,0,0.0,0.0,False,False,0,0,0.0,0.0,False,False,0,0,0.0,0.0
409828_2018-11-20_12-12-08_filtered_2026-04-09_05-50-16,0,163,0.16388000000006286,False,False,0,0,0.0,0.0,False,False,0,0,0.0,0.0,False,False,0,0,0.0,0.0,False,False,0,0,0.0,0.0,False,False,0,0,0.0,0.0,False,False,0,0,0.0,0.0
409828_2018-11-20_12-12-08_filtered_2026-04-09_05-50-16,0,164,0.16388000000006286,False,False,0,0,0.0,0.0,False,False,0,0,0.0,0.0,False,False,0,0,0.0,0.0,False,False,0,0,0.0,0.0,False,False,0,0,0.0,0.0,False,False,0,0,0.0,0.0
409828_2018-11-20_12-12-08_filtered_2026-04-09_05-50-16,0,165,0.16388000000006286,False,False,0,0,0.0,0.0,False,True,0,1,0.0,1.0,False,False,0,0,0.0,0.0,False,False,0,0,0.0,0.0,False,False,0,0,0.0,0.0,False,False,0,0,0.0,0.0
409828_2018-11-20_12-12-08_filtered_2026-04-09_05-50-16,0,166,0.16388000000006286,False,False,0,0,0.0,0.0,False,False,0,0,0.0,0.0,False,False,0,0,0.0,0.0,False,False,0,0,0.0,0.0,False,False,0,0,0.0,0.0,False,False,0,0,0.0,0.0
409828_2018-11-20_12-12-08_filtered_2026-04-09_05-50-16,0,167,0.16388000000006286,False,False,0,0,0.0,0.0,False,False,0,0,0.0,0.0,True,False,1,0,1.0,0.0,False,False,0,0,0.0,0.0,False,False,0,0,0.0,0.0,False,False,0,0,0.0,0.0
409828_2018-11-20_12-12-08_filtered_2026-04-09_05-50-16,0,169,0.16388000000006286,False,False,0,0,0.0,0.0,False,False,0,0,0.0,0.0,False,False,0,0,0.0,0.0,False,False,0,0,0.0,0.0,False,False,0,0,0.0,0.0,False,False,0,0,0.0,0.0
409828_2018-11-20_12-12-08_filtered_2026-04-09_05-50-16,0,173,0.16388000000006286,False,False,0,0,0.0,0.0,False,False,0,0,0.0,0.0,False,False,0,0,0.0,0.0,False,False,0,0,0.0,0.0,False,False,0,0,0.0,0.0,False,False,0,0,0.0,0.0
409828_2018-11-20_12-12-08_filtered_2026-04-09_05-50-16,0,175,0.16388000000006286,False,False,0,0,0.0,0.0,False,False,0,0,0.0,0.0,False,False,0,0,0.0,0.0,False,False,0,0,0.0,0.0,False,False,0,0,0.0,0.0,False,False,0,0,0.0,0.0
409828_2018-11-20_12-12-08_filtered_2026-04-09_05-50-16,0,176,0.16388000000006286,False,False,0,0,0.0,0.0,False,False,0,0,0.0,0.0,False,False,0,0,0.0,0.0,False,False,0,0,0.0,0.0,False,False,0,0,0.0,0.0,False,False,0,0,0.0,0.0
409828_2018-11-20_12-12-08_filtered_2026-04-09_05-50-16,0,177,0.16388000000006286,True,False,1,0,1.0,0.0,True,True,4,1,0.4,1.0,True,True,5,5,0.3333333333333333,0.2,False,False,0,0,0.0,0.0,False,False,0,0,0.0,0.0,True,True,1,1,1.0,1.0
409828_2018-11-20_12-12-08_filtered_2026-04-09_05-50-16,0,181,0.16388000000006286,False,False,0,0,0.0,0.0,False,False,0,0,0.0,0.0,False,False,0,0,0.0,0.0,False,False,0,0,0.0,0.0,False,False,0,0,0.0,0.0,False,False,0,0,0.0,0.0
409828_2018-11-20_12-12-08_filtered_2026-04-09_05-50-16,0,182,0.16388000000006286,False,False,0,0,0.0,0.0,False,False,0,0,0.0,0.0,False,False,0,0,0.0,0.0,False,False,0,0,0.0,0.0,False,False,0,0,0.0,0.0,False,False,0,0,0.0,0.0
409828_2018-11-20_12-12-08_filtered_2026-04-09_05-50-16,0,183,0.16388000000006286,False,False,0,0,0.0,0.0,False,False,0,0,0.0,0.0,False,False,0,0,0.0,0.0,False,False,0,0,0.0,0.0,False,False,0,0,0.0,0.0,False,False,0,0,0.0,0.0
409828_2018-11-20_12-12-08_filtered_2026-04-09_05-50-16,0,184,0.16388000000006286,False,False,0,0,0.0,0.0,False,False,0,0,0.0,0.0,False,False,0,0,0.0,0.0,False,False,0,0,0.0,0.0,False,False,0,0,0.0,0.0,False,False,0,0,0.0,0.0
409828_2018-11-20_12-12-08_filtered_2026-04-09_05-50-16,0,185,0.16388000000006286,True,False,2,0,0.6666666666666666,0.0,True,False,1,0,1.0,0.0,True,True,1,2,1.0,0.5,False,False,0,0,0.0,0.0,False,False,0,0,0.0,0.0,False,False,0,0,0.0,0.0
409828_2018-11-20_12-12-08_filtered_2026-04-09_05-50-16,0,186,0.16388000000006286,True,False,4,0,0.4,0.0,True,True,4,1,0.4,1.0,True,True,6,6,0.2857142857142857,0.16666666666666666,False,False,0,0,0.0,0.0,False,False,0,0,0.0,0.0,True,True,1,1,1.0,1.0
409828_2018-11-20_12-12-08_filtered_2026-04-09_05-50-16,0,190,0.16388000000006286,True,False,1,0,1.0,0.0,True,False,1,0,1.0,0.0,True,False,1,0,1.0,0.0,False,False,0,0,0.0,0.0,False,False,0,0,0.0,0.0,False,False,0,0,0.0,0.0
409828_2018-11-20_12-12-08_filtered_2026-04-09_05-50-16,0,191,0.16388000000006286,False,False,0,0,0.0,0.0,False,False,0,0,0.0,0.0,False,False,0,0,0.0,0.0,False,False,0,0,0.0,0.0,False,False,0,0,0.0,0.0,False,False,0,0,0.0,0.0
409828_2018-11-20_12-12-08_filtered_2026-04-09_05-50-16,0,192,0.16388000000006286,False,False,0,0,0.0,0.0,False,True,0,1,0.0,1.0,False,True,0,1,0.0,1.0,False,False,0,0,0.0,0.0,False,False,0,0,0.0,0.0,False,False,0,0,0.0,0.0
409828_2018-11-20_12-12-08_filtered_2026-04-09_05-50-16,0,194,0.16388000000006286,False,False,0,0,0.0,0.0,False,False,0,0,0.0,0.0,False,False,0,0,0.0,0.0,False,False,0,0,0.0,0.0,False,False,0,0,0.0,0.0,False,False,0,0,0.0,0.0
409828_2018-11-20_12-12-08_filtered_2026-04-09_05-50-16,0,196,0.16388000000006286,False,False,0,0,0.0,0.0,False,True,0,1,0.0,1.0,False,False,0,0,0.0,0.0,False,False,0,0,0.0,0.0,False,False,0,0,0.0,0.0,False,False,0,0,0.0,0.0
409828_2018-11-20_12-12-08_filtered_2026-04-09_05-50-16,0,198,0.16388000000006286,False,False,0,0,0.0,0.0,False,False,0,0,0.0,0.0,False,False,0,0,0.0,0.0,False,False,0,0,0.0,0.0,False,False,0,0,0.0,0.0,False,False,0,0,0.0,0.0
409828_2018-11-20_12-12-08_filtered_2026-04-09_05-50-16,0,199,0.16388000000006286,False,False,0,0,0.0,0.0,False,False,0,0,0.0,0.0,False,False,0,0,0.0,0.0,False,False,0,0,0.0,0.0,False,False,0,0,0.0,0.0,False,False,0,0,0.0,0.0
409828_2018-11-20_12-12-08_filtered_2026-04-09_05-50-16,0,201,0.16388000000006286,False,False,0,0,0.0,0.0,False,False,0,0,0.0,0.0,False,False,0,0,0.0,0.0,False,False,0,0,0.0,0.0,False,False,0,0,0.0,0.0,False,False,0,0,0.0,0.0
409828_2018-11-20_12-12-08_filtered_2026-04-09_05-50-16,0,203,0.16388000000006286,False,False,0,0,0.0,0.0,False,False,0,0,0.0,0.0,True,True,2,1,0.5,1.0,False,False,0,0,0.0,0.0,False,False,0,0,0.0,0.0,False,False,0,0,0.0,0.0
409828_2018-11-20_12-12-08_filtered_2026-04-09_05-50-16,0,204,0.16388000000006286,False,False,0,0,0.0,0.0,False,False,0,0,0.0,0.0,True,False,1,0,1.0,0.0,False,False,0,0,0.0,0.0,False,False,0,0,0.0,0.0,False,False,0,0,0.0,0.0
409828_2018-11-20_12-12-08_filtered_2026-04-09_05-50-16,0,205,0.16388000000006286,False,False,0,0,0.0,0.0,False,False,0,0,0.0,0.0,False,False,0,0,0.0,0.0,False,False,0,0,0.0,0.0,False,False,0,0,0.0,0.0,False,False,0,0,0.0,0.0
409828_2018-11-20_12-12-08_filtered_2026-04-09_05-50-16,0,207,0.16388000000006286,False,False,0,0,0.0,0.0,False,False,0,0,0.0,0.0,False,False,0,0,0.0,0.0,False,False,0,0,0.0,0.0,False,False,0,0,0.0,0.0,False,False,0,0,0.0,0.0
409828_2018-11-20_12-12-08_filtered_2026-04-09_05-50-16,0,210,0.16388000000006286,True,False,1,0,1.0,0.0,True,True,4,4,0.4,0.25,True,True,6,5,0.3333333333333333,0.2857142857142857,False,False,0,0,0.0,0.0,True,True,1,1,1.0,1.0,True,True,4,3,0.25,0.3333333333333333
409828_2018-11-20_12-12-08_filtered_2026-04-09_05-50-16,0,211,0.16388000000006286,False,False,0,0,0.0,0.0,False,False,0,0,0.0,0.0,False,False,0,0,0.0,0.0,False,False,0,0,0.0,0.0,False,False,0,0,0.0,0.0,False,False,0,0,0.0,0.0
409828_2018-11-20_12-12-08_filtered_2026-04-09_05-50-16,0,215,0.16388000000006286,False,False,0,0,0.0,0.0,False,False,0,0,0.0,0.0,False,False,0,0,0.0,0.0,False,False,0,0,0.0,0.0,False,False,0,0,0.0,0.0,False,False,0,0,0.0,0.0
409828_2018-11-20_12-12-08_filtered_2026-04-09_05-50-16,0,216,0.16388000000006286,False,False,0,0,0.0,0.0,False,False,0,0,0.0,0.0,False,False,0,0,0.0,0.0,False,False,0,0,0.0,0.0,False,False,0,0,0.0,0.0,False,False,0,0,0.0,0.0
409828_2018-11-20_12-12-08_filtered_2026-04-09_05-50-16,0,217,0.16388000000006286,False,False,0,0,0.0,0.0,False,False,0,0,0.0,0.0,False,False,0,0,0.0,0.0,False,False,0,0,0.0,0.0,False,False,0,0,0.0,0.0,False,False,0,0,0.0,0.0
409828_2018-11-20_12-12-08_filtered_2026-04-09_05-50-16,0,218,0.16388000000006286,False,False,0,0,0.0,0.0,False,False,0,0,0.0,0.0,False,False,0,0,0.0,0.0,False,False,0,0,0.0,0.0,False,False,0,0,0.0,0.0,False,False,0,0,0.0,0.0
409828_2018-11-20_12-12-08_filtered_2026-04-09_05-50-16,0,219,0.16388000000006286,False,False,0,0,0.0,0.0,False,False,0,0,0.0,0.0,False,False,0,0,0.0,0.0,False,False,0,0,0.0,0.0,False,False,0,0,0.0,0.0,False,False,0,0,0.0,0.0
409828_2018-11-20_12-12-08_filtered_2026-04-09_05-50-16,0,220,0.16388000000006286,False,False,0,0,0.0,0.0,False,False,0,0,0.0,0.0,False,False,0,0,0.0,0.0,False,False,0,0,0.0,0.0,False,False,0,0,0.0,0.0,False,False,0,0,0.0,0.0
409828_2018-11-20_12-12-08_filtered_2026-04-09_05-50-16,0,223,0.16388000000006286,False,False,0,0,0.0,0.0,False,False,0,0,0.0,0.0,False,True,0,1,0.0,1.0,False,False,0,0,0.0,0.0,False,False,0,0,0.0,0.0,False,False,0,0,0.0,0.0
409828_2018-11-20_12-12-08_filtered_2026-04-09_05-50-16,0,224,0.16388000000006286,False,False,0,0,0.0,0.0,False,False,0,0,0.0,0.0,False,False,0,0,0.0,0.0,False,False,0,0,0.0,0.0,False,False,0,0,0.0,0.0,False,False,0,0,0.0,0.0
409828_2018-11-20_12-12-08_filtered_2026-04-09_05-50-16,0,225,0.16388000000006286,True,True,1,1,1.0,1.0,True,False,2,0,0.75,0.0,True,False,4,0,0.5714285714285714,0.0,False,False,0,0,0.0,0.0,True,False,1,0,1.0,0.0,True,False,2,0,0.5,0.0
409828_2018-11-20_12-12-08_filtered_2026-04-09_05-50-16,0,226,0.16388000000006286,False,False,0,0,0.0,0.0,False,False,0,0,0.0,0.0,False,False,0,0,0.0,0.0,False,False,0,0,0.0,0.0,False,False,0,0,0.0,0.0,False,False,0,0,0.0,0.0
409828_2018-11-20_12-12-08_filtered_2026-04-09_05-50-16,0,229,0.16388000000006286,False,False,0,0,0.0,0.0,False,False,0,0,0.0,0.0,False,False,0,0,0.0,0.0,False,False,0,0,0.0,0.0,False,False,0,0,0.0,0.0,False,False,0,0,0.0,0.0
409828_2018-11-20_12-12-08_filtered_2026-04-09_05-50-16,0,230,0.16388000000006286,False,False,0,0,0.0,0.0,False,False,0,0,0.0,0.0,False,False,0,0,0.0,0.0,False,False,0,0,0.0,0.0,False,False,0,0,0.0,0.0,False,False,0,0,0.0,0.0
409828_2018-11-20_12-12-08_filtered_2026-04-09_05-50-16,0,243,0.16388000000006286,False,False,0,0,0.0,0.0,False,False,0,0,0.0,0.0,False,False,0,0,0.0,0.0,False,False,0,0,0.0,0.0,False,False,0,0,0.0,0.0,False,False,0,0,0.0,0.0
409828_2018-11-20_12-12-08_filtered_2026-04-09_05-50-16,0,244,0.16388000000006286,False,False,0,0,0.0,0.0,False,False,0,0,0.0,0.0,False,False,0,0,0.0,0.0,False,False,0,0,0.0,0.0,False,False,0,0,0.0,0.0,False,False,0,0,0.0,0.0
409828_2018-11-20_12-12-08_filtered_2026-04-09_05-50-16,0,253,0.16388000000006286,False,False,0,0,0.0,0.0,False,False,0,0,0.0,0.0,False,False,0,0,0.0,0.0,False,False,0,0,0.0,0.0,False,False,0,0,0.0,0.0,False,False,0,0,0.0,0.0
409828_2018-11-20_12-12-08_filtered_2026-04-09_05-50-16,0,254,0.16388000000006286,False,False,0,0,0.0,0.0,True,False,1,0,1.0,0.0,False,False,0,0,0.0,0.0,False,False,0,0,0.0,0.0,False,False,0,0,0.0,0.0,False,False,0,0,0.0,0.0
409828_2018-11-20_12-12-08_filtered_2026-04-09_05-50-16,0,258,0.16388000000006286,False,False,0,0,0.0,0.0,False,False,0,0,0.0,0.0,False,False,0,0,0.0,0.0,False,False,0,0,0.0,0.0,False,False,0,0,0.0,0.0,False,False,0,0,0.0,0.0
409828_2018-11-20_12-12-08_filtered_2026-04-09_05-50-16,0,267,0.16388000000006286,False,False,0,0,0.0,0.0,False,False,0,0,0.0,0.0,False,False,0,0,0.0,0.0,False,False,0,0,0.0,0.0,False,False,0,0,0.0,0.0,False,False,0,0,0.0,0.0
409828_2018-11-20_12-12-08_filtered_2026-04-09_05-50-16,0,270,0.16388000000006286,False,False,0,0,0.0,0.0,False,False,0,0,0.0,0.0,False,False,0,0,0.0,0.0,False,False,0,0,0.0,0.0,False,False,0,0,0.0,0.0,False,False,0,0,0.0,0.0
409828_2018-11-20_12-12-08_filtered_2026-04-09_05-50-16,0,274,0.16388000000006286,False,False,0,0,0.0,0.0,False,False,0,0,0.0,0.0,False,False,0,0,0.0,0.0,False,False,0,0,0.0,0.0,False,False,0,0,0.0,0.0,False,False,0,0,0.0,0.0
409828_2018-11-20_12-12-08_filtered_2026-04-09_05-50-16,0,280,0.16388000000006286,False,False,0,0,0.0,0.0,False,True,0,1,0.0,1.0,True,True,1,1,1.0,1.0,False,False,0,0,0.0,0.0,False,False,0,0,0.0,0.0,False,False,0,0,0.0,0.0
409828_2018-11-20_12-12-08_filtered_2026-04-09_05-50-16,0,289,0.16388000000006286,False,False,0,0,0.0,0.0,False,False,0,0,0.0,0.0,False,False,0,0,0.0,0.0,False,False,0,0,0.0,0.0,False,False,0,0,0.0,0.0,False,False,0,0,0.0,0.0
409828_2018-11-20_12-12-08_filtered_2026-04-09_05-50-16,0,290,0.16388000000006286,False,False,0,0,0.0,0.0,True,True,1,1,1.0,1.0,True,True,2,1,0.5,1.0,False,False,0,0,0.0,0.0,False,False,0,0,0.0,0.0,False,False,0,0,0.0,0.0
409828_2018-11-20_12-12-08_filtered_2026-04-09_05-50-16,0,294,0.16388000000006286,False,False,0,0,0.0,0.0,False,False,0,0,0.0,0.0,False,False,0,0,0.0,0.0,False,False,0,0,0.0,0.0,False,False,0,0,0.0,0.0,False,False,0,0,0.0,0.0
409828_2018-11-20_12-12-08_filtered_2026-04-09_05-50-16,0,300,0.16388000000006286,False,False,0,0,0.0,0.0,False,False,0,0,0.0,0.0,False,False,0,0,0.0,0.0,False,False,0,0,0.0,0.0,False,False,0,0,0.0,0.0,False,False,0,0,0.0,0.0
409828_2018-11-20_12-12-08_filtered_2026-04-09_05-50-16,0,303,0.16388000000006286,False,False,0,0,0.0,0.0,False,False,0,0,0.0,0.0,False,False,0,0,0.0,0.0,False,False,0,0,0.0,0.0,False,False,0,0,0.0,0.0,False,False,0,0,0.0,0.0
409828_2018-11-20_12-12-08_filtered_2026-04-09_05-50-16,0,304,0.16388000000006286,False,False,0,0,0.0,0.0,False,False,0,0,0.0,0.0,False,False,0,0,0.0,0.0,False,False,0,0,0.0,0.0,False,False,0,0,0.0,0.0,False,False,0,0,0.0,0.0
409828_2018-11-20_12-12-08_filtered_2026-04-09_05-50-16,0,308,0.16388000000006286,False,False,0,0,0.0,0.0,False,False,0,0,0.0,0.0,False,False,0,0,0.0,0.0,False,False,0,0,0.0,0.0,False,False,0,0,0.0,0.0,False,False,0,0,0.0,0.0
409828_2018-11-20_12-12-08_filtered_2026-04-09_05-50-16,0,309,0.16388000000006286,True,False,1,0,1.0,0.0,True,True,1,1,1.0,1.0,True,True,2,3,0.75,0.3333333333333333,False,False,0,0,0.0,0.0,False,False,0,0,0.0,0.0,False,True,0,2,0.0,0.5
409828_2018-11-20_12-12-08_filtered_2026-04-09_05-50-16,0,312,0.16388000000006286,False,False,0,0,0.0,0.0,False,False,0,0,0.0,0.0,False,False,0,0,0.0,0.0,False,False,0,0,0.0,0.0,False,False,0,0,0.0,0.0,False,False,0,0,0.0,0.0
409828_2018-11-20_12-12-08_filtered_2026-04-09_05-50-16,0,314,0.16388000000006286,False,False,0,0,0.0,0.0,False,False,0,0,0.0,0.0,False,False,0,0,0.0,0.0,False,False,0,0,0.0,0.0,False,False,0,0,0.0,0.0,False,False,0,0,0.0,0.0
409828_2018-11-20_12-12-08_filtered_2026-04-09_05-50-16,0,315,0.16388000000006286,False,False,0,0,0.0,0.0,False,False,0,0,0.0,0.0,False,False,0,0,0.0,0.0,False,False,0,0,0.0,0.0,False,False,0,0,0.0,0.0,False,False,0,0,0.0,0.0
409828_2018-11-20_12-12-08_filtered_2026-04-09_05-50-16,0,317,0.16388000000006286,False,False,0,0,0.0,0.0,False,False,0,0,0.0,0.0,False,False,0,0,0.0,0.0,False,False,0,0,0.0,0.0,False,False,0,0,0.0,0.0,False,False,0,0,0.0,0.0
409828_2018-11-20_12-12-08_filtered_2026-04-09_05-50-16,0,319,0.16388000000006286,False,False,0,0,0.0,0.0,False,False,0,0,0.0,0.0,False,False,0,0,0.0,0.0,False,False,0,0,0.0,0.0,False,False,0,0,0.0,0.0,False,False,0,0,0.0,0.0
409828_2018-11-20_12-12-08_filtered_2026-04-09_05-50-16,0,320,0.16388000000006286,False,False,0,0,0.0,0.0,False,False,0,0,0.0,0.0,False,False,0,0,0.0,0.0,False,False,0,0,0.0,0.0,False,False,0,0,0.0,0.0,False,False,0,0,0.0,0.0
409828_2018-11-20_12-12-08_filtered_2026-04-09_05-50-16,0,327,0.16388000000006286,True,True,1,2,1.0,0.5,True,True,1,1,1.0,1.0,True,True,2,3,0.5,0.3333333333333333,False,False,0,0,0.0,0.0,False,False,0,0,0.0,0.0,True,False,1,0,1.0,0.0
409828_2018-11-20_12-12-08_filtered_2026-04-09_05-50-16,0,329,0.16388000000006286,False,False,0,0,0.0,0.0,False,False,0,0,0.0,0.0,False,False,0,0,0.0,0.0,False,False,0,0,0.0,0.0,False,False,0,0,0.0,0.0,False,False,0,0,0.0,0.0
409828_2018-11-20_12-12-08_filtered_2026-04-09_05-50-16,0,335,0.16388000000006286,False,False,0,0,0.0,0.0,False,False,0,0,0.0,0.0,False,False,0,0,0.0,0.0,False,False,0,0,0.0,0.0,False,False,0,0,0.0,0.0,False,False,0,0,0.0,0.0
409828_2018-11-20_12-12-08_filtered_2026-04-09_05-50-16,0,336,0.16388000000006286,False,True,0,1,0.0,1.0,True,True,2,1,0.5,1.0,False,True,0,1,0.0,1.0,False,False,0,0,0.0,0.0,False,False,0,0,0.0,0.0,False,True,0,1,0.0,1.0
409828_2018-11-20_12-12-08_filtered_2026-04-09_05-50-16,0,345,0.16388000000006286,True,False,1,0,1.0,0.0,True,False,4,0,0.25,0.0,True,False,2,0,0.5,0.0,False,False,0,0,0.0,0.0,False,False,0,0,0.0,0.0,False,True,0,1,0.0,1.0
409828_2018-11-20_12-12-08_filtered_2026-04-09_05-50-16,0,346,0.16388000000006286,False,False,0,0,0.0,0.0,False,False,0,0,0.0,0.0,False,False,0,0,0.0,0.0,False,False,0,0,0.0,0.0,False,False,0,0,0.0,0.0,False,False,0,0,0.0,0.0
409828_2018-11-20_12-12-08_filtered_2026-04-09_05-50-16,0,350,0.16388000000006286,False,False,0,0,0.0,0.0,False,False,0,0,0.0,0.0,False,False,0,0,0.0,0.0,False,False,0,0,0.0,0.0,False,False,0,0,0.0,0.0,False,False,0,0,0.0,0.0
409828_2018-11-20_12-12-08_filtered_2026-04-09_05-50-16,0,360,0.16388000000006286,False,False,0,0,0.0,0.0,False,False,0,0,0.0,0.0,False,False,0,0,0.0,0.0,False,False,0,0,0.0,0.0,False,False,0,0,0.0,0.0,False,False,0,0,0.0,0.0
409828_2018-11-20_12-12-08_filtered_2026-04-09_05-50-16,0,368,0.16388000000006286,False,False,0,0,0.0,0.0,False,False,0,0,0.0,0.0,False,False,0,0,0.0,0.0,False,False,0,0,0.0,0.0,False,False,0,0,0.0,0.0,False,False,0,0,0.0,0.0
409828_2018-11-20_12-12-08_filtered_2026-04-09_05-50-16,0,372,0.16388000000006286,False,False,0,0,0.0,0.0,False,False,0,0,0.0,0.0,False,False,0,0,0.0,0.0,False,False,0,0,0.0,0.0,False,False,0,0,0.0,0.0,False,False,0,0,0.0,0.0
409828_2018-11-20_12-12-08_filtered_2026-04-09_05-50-16,0,380,0.16388000000006286,False,False,0,0,0.0,0.0,False,True,0,1,0.0,1.0,False,False,0,0,0.0,0.0,False,False,0,0,0.0,0.0,False,False,0,0,0.0,0.0,False,False,0,0,0.0,0.0
409828_2018-11-20_12-12-08_filtered_2026-04-09_05-50-16,0,394,0.16388000000006286,False,False,0,0,0.0,0.0,False,False,0,0,0.0,0.0,False,False,0,0,0.0,0.0,False,False,0,0,0.0,0.0,False,False,0,0,0.0,0.0,False,False,0,0,0.0,0.0
409828_2018-11-20_12-12-08_filtered_2026-04-09_05-50-16,0,397,0.16388000000006286,False,False,0,0,0.0,0.0,False,False,0,0,0.0,0.0,False,False,0,0,0.0,0.0,False,False,0,0,0.0,0.0,False,False,0,0,0.0,0.0,False,False,0,0,0.0,0.0
409828_2018-11-20_12-12-08_filtered_2026-04-09_05-50-16,0,399,0.16388000000006286,False,False,0,0,0.0,0.0,False,False,0,0,0.0,0.0,False,False,0,0,0.0,0.0,False,False,0,0,0.0,0.0,False,False,0,0,0.0,0.0,False,False,0,0,0.0,0.0
409828_2018-11-20_12-12-08_filtered_2026-04-09_05-50-16,0,401,0.16388000000006286,False,True,0,1,0.0,1.0,False,True,0,1,0.0,1.0,False,True,0,1,0.0,1.0,False,False,0,0,0.0,0.0,False,False,0,0,0.0,0.0,False,False,0,0,0.0,0.0
409828_2018-11-20_12-12-08_filtered_2026-04-09_05-50-16,0,405,0.16388000000006286,False,False,0,0,0.0,0.0,False,False,0,0,0.0,0.0,False,False,0,0,0.0,0.0,False,False,0,0,0.0,0.0,False,False,0,0,0.0,0.0,False,False,0,0,0.0,0.0
409828_2018-11-20_12-12-08_filtered_2026-04-09_05-50-16,0,408,0.16388000000006286,False,False,0,0,0.0,0.0,False,False,0,0,0.0,0.0,False,False,0,0,0.0,0.0,False,False,0,0,0.0,0.0,False,False,0,0,0.0,0.0,False,False,0,0,0.0,0.0
409828_2018-11-20_12-12-08_filtered_2026-04-09_05-50-16,0,421,0.16388000000006286,False,False,0,0,0.0,0.0,False,False,0,0,0.0,0.0,False,False,0,0,0.0,0.0,False,False,0,0,0.0,0.0,False,False,0,0,0.0,0.0,False,False,0,0,0.0,0.0
409828_2018-11-20_12-12-08_filtered_2026-04-09_05-50-16,0,440,0.16388000000006286,False,False,0,0,0.0,0.0,False,False,0,0,0.0,0.0,False,False,0,0,0.0,0.0,False,False,0,0,0.0,0.0,False,False,0,0,0.0,0.0,False,False,0,0,0.0,0.0
409828_2018-11-20_12-12-08_filtered_2026-04-09_05-50-16,0,451,0.16388000000006286,False,False,0,0,0.0,0.0,False,False,0,0,0.0,0.0,False,False,0,0,0.0,0.0,False,False,0,0,0.0,0.0,False,False,0,0,0.0,0.0,False,False,0,0,0.0,0.0
409828_2018-11-20_12-12-08_filtered_2026-04-09_05-50-16,0,481,0.16388000000006286,False,False,0,0,0.0,0.0,False,False,0,0,0.0,0.0,False,False,0,0,0.0,0.0,False,False,0,0,0.0,0.0,False,False,0,0,0.0,0.0,False,False,0,0,0.0,0.0
409828_2018-11-20_12-12-08_filtered_2026-04-09_05-50-16,0,484,0.16388000000006286,False,False,0,0,0.0,0.0,False,False,0,0,0.0,0.0,False,False,0,0,0.0,0.0,False,False,0,0,0.0,0.0,False,False,0,0,0.0,0.0,False,False,0,0,0.0,0.0
409828_2018-11-20_12-12-08_filtered_2026-04-09_05-50-16,0,491,0.16388000000006286,False,False,0,0,0.0,0.0,False,False,0,0,0.0,0.0,False,False,0,0,0.0,0.0,False,False,0,0,0.0,0.0,False,False,0,0,0.0,0.0,False,False,0,0,0.0,0.0
409828_2018-11-20_12-12-08_filtered_2026-04-09_05-50-16,0,529,0.16388000000006286,False,True,0,1,0.0,1.0,False,False,0,0,0.0,0.0,False,False,0,0,0.0,0.0,False,False,0,0,0.0,0.0,False,False,0,0,0.0,0.0,False,False,0,0,0.0,0.0
409828_2018-11-20_12-12-08_filtered_2026-04-09_05-50-16,0,531,0.16388000000006286,False,False,0,0,0.0,0.0,False,False,0,0,0.0,0.0,False,False,0,0,0.0,0.0,False,False,0,0,0.0,0.0,False,False,0,0,0.0,0.0,False,False,0,0,0.0,0.0
409828_2018-11-20_12-12-08_filtered_2026-04-09_05-50-16,0,554,0.16388000000006286,False,False,0,0,0.0,0.0,False,False,0,0,0.0,0.0,False,True,0,1,0.0,1.0,False,False,0,0,0.0,0.0,False,False,0,0,0.0,0.0,False,True,0,1,0.0,1.0
409828_2018-11-20_12-12-08_filtered_2026-04-09_05-50-16,0,587,0.16388000000006286,False,False,0,0,0.0,0.0,False,False,0,0,0.0,0.0,False,False,0,0,0.0,0.0,False,False,0,0,0.0,0.0,False,False,0,0,0.0,0.0,False,False,0,0,0.0,0.0
409828_2018-11-20_12-12-08_filtered_2026-04-09_05-50-16,0,603,0.16388000000006286,False,False,0,0,0.0,0.0,False,False,0,0,0.0,0.0,False,False,0,0,0.0,0.0,False,False,0,0,0.0,0.0,False,False,0,0,0.0,0.0,False,False,0,0,0.0,0.0
409828_2018-11-20_12-12-08_filtered_2026-04-09_05-50-16,0,631,0.16388000000006286,False,False,0,0,0.0,0.0,False,False,0,0,0.0,0.0,False,False,0,0,0.0,0.0,False,False,0,0,0.0,0.0,False,False,0,0,0.0,0.0,False,False,0,0,0.0,0.0
409828_2018-11-20_12-12-08_filtered_2026-04-09_05-50-16,0,644,0.16388000000006286,False,False,0,0,0.0,0.0,False,False,0,0,0.0,0.0,False,False,0,0,0.0,0.0,False,False,0,0,0.0,0.0,False,False,0,0,0.0,0.0,False,False,0,0,0.0,0.0
409828_2018-11-20_12-12-08_filtered_2026-04-09_05-50-16,0,713,0.16388000000006286,False,False,0,0,0.0,0.0,False,False,0,0,0.0,0.0,False,False,0,0,0.0,0.0,False,False,0,0,0.0,0.0,False,False,0,0,0.0,0.0,False,False,0,0,0.0,0.0
409828_2018-11-20_12-12-08_filtered_2026-04-09_05-50-16,0,741,0.16388000000006286,False,False,0,0,0.0,0.0,False,False,0,0,0.0,0.0,False,True,0,1,0.0,1.0,False,False,0,0,0.0,0.0,False,False,0,0,0.0,0.0,False,False,0,0,0.0,0.0
409828_2018-11-20_12-12-08_filtered_2026-04-09_05-50-16,1,0,0.16388000000006286,False,False,0,0,0.0,0.0,False,False,0,0,0.0,0.0,False,False,0,0,0.0,0.0,False,False,0,0,0.0,0.0,False,False,0,0,0.0,0.0,False,False,0,0,0.0,0.0
409828_2018-11-20_12-12-08_filtered_2026-04-09_05-50-16,1,1,0.16388000000006286,False,True,0,1,0.0,1.0,False,False,0,0,0.0,0.0,False,False,0,0,0.0,0.0,False,False,0,0,0.0,0.0,False,False,0,0,0.0,0.0,False,False,0,0,0.0,0.0
409828_2018-11-20_12-12-08_filtered_2026-04-09_05-50-16,1,2,0.16388000000006286,False,False,0,0,0.0,0.0,False,False,0,0,0.0,0.0,False,False,0,0,0.0,0.0,False,False,0,0,0.0,0.0,False,False,0,0,0.0,0.0,False,False,0,0,0.0,0.0
409828_2018-11-20_12-12-08_filtered_2026-04-09_05-50-16,1,3,0.16388000000006286,False,False,0,0,0.0,0.0,False,False,0,0,0.0,0.0,False,False,0,0,0.0,0.0,False,False,0,0,0.0,0.0,False,False,0,0,0.0,0.0,False,False,0,0,0.0,0.0
409828_2018-11-20_12-12-08_filtered_2026-04-09_05-50-16,1,4,0.16388000000006286,False,False,0,0,0.0,0.0,False,False,0,0,0.0,0.0,False,False,0,0,0.0,0.0,False,False,0,0,0.0,0.0,False,False,0,0,0.0,0.0,False,False,0,0,0.0,0.0
409828_2018-11-20_12-12-08_filtered_2026-04-09_05-50-16,1,5,0.16388000000006286,False,False,0,0,0.0,0.0,False,False,0,0,0.0,0.0,False,False,0,0,0.0,0.0,False,False,0,0,0.0,0.0,False,False,0,0,0.0,0.0,False,False,0,0,0.0,0.0
409828_2018-11-20_12-12-08_filtered_2026-04-09_05-50-16,1,6,0.16388000000006286,False,False,0,0,0.0,0.0,False,False,0,0,0.0,0.0,False,False,0,0,0.0,0.0,False,False,0,0,0.0,0.0,False,False,0,0,0.0,0.0,False,False,0,0,0.0,0.0
409828_2018-11-20_12-12-08_filtered_2026-04-09_05-50-16,1,7,0.16388000000006286,False,False,0,0,0.0,0.0,False,False,0,0,0.0,0.0,False,False,0,0,0.0,0.0,False,False,0,0,0.0,0.0,False,False,0,0,0.0,0.0,False,False,0,0,0.0,0.0
409828_2018-11-20_12-12-08_filtered_2026-04-09_05-50-16,1,8,0.16388000000006286,False,False,0,0,0.0,0.0,False,False,0,0,0.0,0.0,False,False,0,0,0.0,0.0,False,False,0,0,0.0,0.0,False,False,0,0,0.0,0.0,False,False,0,0,0.0,0.0
409828_2018-11-20_12-12-08_filtered_2026-04-09_05-50-16,1,9,0.16388000000006286,False,False,0,0,0.0,0.0,False,False,0,0,0.0,0.0,False,False,0,0,0.0,0.0,False,False,0,0,0.0,0.0,False,False,0,0,0.0,0.0,True,False,1,0,1.0,0.0
409828_2018-11-20_12-12-08_filtered_2026-04-09_05-50-16,1,10,0.16388000000006286,False,False,0,0,0.0,0.0,False,True,0,1,0.0,1.0,False,True,0,1,0.0,1.0,False,False,0,0,0.0,0.0,False,False,0,0,0.0,0.0,False,True,0,1,0.0,1.0
409828_2018-11-20_12-12-08_filtered_2026-04-09_05-50-16,1,11,0.16388000000006286,False,False,0,0,0.0,0.0,False,False,0,0,0.0,0.0,False,False,0,0,0.0,0.0,False,False,0,0,0.0,0.0,False,False,0,0,0.0,0.0,False,False,0,0,0.0,0.0
409828_2018-11-20_12-12-08_filtered_2026-04-09_05-50-16,1,12,0.16388000000006286,False,False,0,0,0.0,0.0,False,False,0,0,0.0,0.0,False,False,0,0,0.0,0.0,False,False,0,0,0.0,0.0,False,False,0,0,0.0,0.0,False,False,0,0,0.0,0.0
409828_2018-11-20_12-12-08_filtered_2026-04-09_05-50-16,1,13,0.16388000000006286,False,False,0,0,0.0,0.0,False,False,0,0,0.0,0.0,False,False,0,0,0.0,0.0,False,False,0,0,0.0,0.0,False,False,0,0,0.0,0.0,False,False,0,0,0.0,0.0
409828_2018-11-20_12-12-08_filtered_2026-04-09_05-50-16,1,14,0.16388000000006286,False,False,0,0,0.0,0.0,False,False,0,0,0.0,0.0,False,False,0,0,0.0,0.0,False,False,0,0,0.0,0.0,False,False,0,0,0.0,0.0,False,False,0,0,0.0,0.0
409828_2018-11-20_12-12-08_filtered_2026-04-09_05-50-16,1,15,0.16388000000006286,False,False,0,0,0.0,0.0,False,False,0,0,0.0,0.0,False,False,0,0,0.0,0.0,False,False,0,0,0.0,0.0,False,False,0,0,0.0,0.0,False,False,0,0,0.0,0.0
409828_2018-11-20_12-12-08_filtered_2026-04-09_05-50-16,1,16,0.16388000000006286,False,False,0,0,0.0,0.0,False,False,0,0,0.0,0.0,False,False,0,0,0.0,0.0,False,False,0,0,0.0,0.0,False,False,0,0,0.0,0.0,False,False,0,0,0.0,0.0
409828_2018-11-20_12-12-08_filtered_2026-04-09_05-50-16,1,17,0.16388000000006286,False,False,0,0,0.0,0.0,False,False,0,0,0.0,0.0,False,False,0,0,0.0,0.0,False,False,0,0,0.0,0.0,False,False,0,0,0.0,0.0,False,False,0,0,0.0,0.0
409828_2018-11-20_12-12-08_filtered_2026-04-09_05-50-16,1,18,0.16388000000006286,False,False,0,0,0.0,0.0,False,False,0,0,0.0,0.0,False,False,0,0,0.0,0.0,False,False,0,0,0.0,0.0,False,False,0,0,0.0,0.0,False,False,0,0,0.0,0.0
409828_2018-11-20_12-12-08_filtered_2026-04-09_05-50-16,1,19,0.16388000000006286,False,False,0,0,0.0,0.0,False,False,0,0,0.0,0.0,False,False,0,0,0.0,0.0,False,False,0,0,0.0,0.0,False,False,0,0,0.0,0.0,False,False,0,0,0.0,0.0
409828_2018-11-20_12-12-08_filtered_2026-04-09_05-50-16,1,20,0.16388000000006286,False,False,0,0,0.0,0.0,False,False,0,0,0.0,0.0,False,False,0,0,0.0,0.0,False,False,0,0,0.0,0.0,False,False,0,0,0.0,0.0,False,False,0,0,0.0,0.0
409828_2018-11-20_12-12-08_filtered_2026-04-09_05-50-16,1,21,0.16388000000006286,False,False,0,0,0.0,0.0,False,False,0,0,0.0,0.0,False,False,0,0,0.0,0.0,False,False,0,0,0.0,0.0,False,False,0,0,0.0,0.0,False,False,0,0,0.0,0.0
409828_2018-11-20_12-12-08_filtered_2026-04-09_05-50-16,1,22,0.16388000000006286,False,False,0,0,0.0,0.0,False,False,0,0,0.0,0.0,False,False,0,0,0.0,0.0,False,False,0,0,0.0,0.0,False,False,0,0,0.0,0.0,False,False,0,0,0.0,0.0
409828_2018-11-20_12-12-08_filtered_2026-04-09_05-50-16,1,23,0.16388000000006286,False,False,0,0,0.0,0.0,False,False,0,0,0.0,0.0,False,False,0,0,0.0,0.0,False,False,0,0,0.0,0.0,False,False,0,0,0.0,0.0,False,False,0,0,0.0,0.0
409828_2018-11-20_12-12-08_filtered_2026-04-09_05-50-16,1,24,0.16388000000006286,False,False,0,0,0.0,0.0,False,False,0,0,0.0,0.0,False,False,0,0,0.0,0.0,False,False,0,0,0.0,0.0,False,False,0,0,0.0,0.0,False,False,0,0,0.0,0.0
409828_2018-11-20_12-12-08_filtered_2026-04-09_05-50-16,1,25,0.16388000000006286,False,False,0,0,0.0,0.0,False,False,0,0,0.0,0.0,False,False,0,0,0.0,0.0,False,False,0,0,0.0,0.0,False,False,0,0,0.0,0.0,False,False,0,0,0.0,0.0
409828_2018-11-20_12-12-08_filtered_2026-04-09_05-50-16,1,26,0.16388000000006286,False,False,0,0,0.0,0.0,False,False,0,0,0.0,0.0,False,False,0,0,0.0,0.0,False,False,0,0,0.0,0.0,False,False,0,0,0.0,0.0,False,False,0,0,0.0,0.0
409828_2018-11-20_12-12-08_filtered_2026-04-09_05-50-16,1,27,0.16388000000006286,False,False,0,0,0.0,0.0,False,False,0,0,0.0,0.0,False,False,0,0,0.0,0.0,False,False,0,0,0.0,0.0,False,False,0,0,0.0,0.0,False,False,0,0,0.0,0.0
409828_2018-11-20_12-12-08_filtered_2026-04-09_05-50-16,1,28,0.16388000000006286,False,False,0,0,0.0,0.0,False,False,0,0,0.0,0.0,False,False,0,0,0.0,0.0,False,False,0,0,0.0,0.0,False,False,0,0,0.0,0.0,False,False,0,0,0.0,0.0
409828_2018-11-20_12-12-08_filtered_2026-04-09_05-50-16,1,29,0.16388000000006286,False,False,0,0,0.0,0.0,False,False,0,0,0.0,0.0,False,False,0,0,0.0,0.0,False,False,0,0,0.0,0.0,False,False,0,0,0.0,0.0,False,False,0,0,0.0,0.0
409828_2018-11-20_12-12-08_filtered_2026-04-09_05-50-16,1,30,0.16388000000006286,False,False,0,0,0.0,0.0,False,False,0,0,0.0,0.0,False,False,0,0,0.0,0.0,False,False,0,0,0.0,0.0,False,False,0,0,0.0,0.0,False,False,0,0,0.0,0.0
409828_2018-11-20_12-12-08_filtered_2026-04-09_05-50-16,1,31,0.16388000000006286,False,False,0,0,0.0,0.0,False,False,0,0,0.0,0.0,False,False,0,0,0.0,0.0,False,False,0,0,0.0,0.0,False,False,0,0,0.0,0.0,False,False,0,0,0.0,0.0
409828_2018-11-20_12-12-08_filtered_2026-04-09_05-50-16,1,32,0.16388000000006286,False,False,0,0,0.0,0.0,False,False,0,0,0.0,0.0,False,False,0,0,0.0,0.0,False,False,0,0,0.0,0.0,False,False,0,0,0.0,0.0,False,False,0,0,0.0,0.0
409828_2018-11-20_12-12-08_filtered_2026-04-09_05-50-16,1,34,0.16388000000006286,False,False,0,0,0.0,0.0,False,False,0,0,0.0,0.0,False,False,0,0,0.0,0.0,False,False,0,0,0.0,0.0,False,False,0,0,0.0,0.0,False,False,0,0,0.0,0.0
409828_2018-11-20_12-12-08_filtered_2026-04-09_05-50-16,1,35,0.16388000000006286,False,False,0,0,0.0,0.0,False,False,0,0,0.0,0.0,False,False,0,0,0.0,0.0,False,False,0,0,0.0,0.0,False,False,0,0,0.0,0.0,False,False,0,0,0.0,0.0
409828_2018-11-20_12-12-08_filtered_2026-04-09_05-50-16,1,36,0.16388000000006286,False,False,0,0,0.0,0.0,False,False,0,0,0.0,0.0,False,False,0,0,0.0,0.0,False,False,0,0,0.0,0.0,False,False,0,0,0.0,0.0,False,False,0,0,0.0,0.0
409828_2018-11-20_12-12-08_filtered_2026-04-09_05-50-16,1,37,0.16388000000006286,False,False,0,0,0.0,0.0,False,False,0,0,0.0,0.0,False,True,0,1,0.0,1.0,False,False,0,0,0.0,0.0,False,False,0,0,0.0,0.0,False,False,0,0,0.0,0.0
409828_2018-11-20_12-12-08_filtered_2026-04-09_05-50-16,1,38,0.16388000000006286,False,False,0,0,0.0,0.0,False,False,0,0,0.0,0.0,False,False,0,0,0.0,0.0,False,False,0,0,0.0,0.0,False,False,0,0,0.0,0.0,False,False,0,0,0.0,0.0
409828_2018-11-20_12-12-08_filtered_2026-04-09_05-50-16,1,39,0.16388000000006286,False,False,0,0,0.0,0.0,False,False,0,0,0.0,0.0,False,False,0,0,0.0,0.0,False,False,0,0,0.0,0.0,False,False,0,0,0.0,0.0,False,False,0,0,0.0,0.0
409828_2018-11-20_12-12-08_filtered_2026-04-09_05-50-16,1,40,0.16388000000006286,False,False,0,0,0.0,0.0,False,False,0,0,0.0,0.0,False,False,0,0,0.0,0.0,False,False,0,0,0.0,0.0,False,False,0,0,0.0,0.0,False,False,0,0,0.0,0.0
409828_2018-11-20_12-12-08_filtered_2026-04-09_05-50-16,1,41,0.16388000000006286,False,False,0,0,0.0,0.0,False,False,0,0,0.0,0.0,False,False,0,0,0.0,0.0,False,False,0,0,0.0,0.0,False,False,0,0,0.0,0.0,False,False,0,0,0.0,0.0
409828_2018-11-20_12-12-08_filtered_2026-04-09_05-50-16,1,42,0.16388000000006286,False,False,0,0,0.0,0.0,False,False,0,0,0.0,0.0,False,False,0,0,0.0,0.0,False,False,0,0,0.0,0.0,False,False,0,0,0.0,0.0,False,False,0,0,0.0,0.0
409828_2018-11-20_12-12-08_filtered_2026-04-09_05-50-16,1,43,0.16388000000006286,True,True,2,6,0.5,0.16666666666666666,True,True,6,8,0.2857142857142857,0.125,True,True,9,11,0.21428571428571427,0.21428571428571427,False,False,0,0,0.0,0.0,True,True,1,1,1.0,1.0,True,True,8,8,0.23076923076923078,0.36363636363636365
409828_2018-11-20_12-12-08_filtered_2026-04-09_05-50-16,1,44,0.16388000000006286,False,False,0,0,0.0,0.0,False,False,0,0,0.0,0.0,False,False,0,0,0.0,0.0,False,False,0,0,0.0,0.0,False,False,0,0,0.0,0.0,False,False,0,0,0.0,0.0
409828_2018-11-20_12-12-08_filtered_2026-04-09_05-50-16,1,45,0.16388000000006286,False,False,0,0,0.0,0.0,False,False,0,0,0.0,0.0,False,False,0,0,0.0,0.0,False,False,0,0,0.0,0.0,False,False,0,0,0.0,0.0,False,False,0,0,0.0,0.0
409828_2018-11-20_12-12-08_filtered_2026-04-09_05-50-16,1,46,0.16388000000006286,False,False,0,0,0.0,0.0,False,True,0,2,0.0,0.5,False,True,0,2,0.0,0.5,False,True,0,1,0.0,1.0,False,True,0,1,0.0,1.0,False,False,0,0,0.0,0.0
409828_2018-11-20_12-12-08_filtered_2026-04-09_05-50-16,1,47,0.16388000000006286,False,False,0,0,0.0,0.0,False,False,0,0,0.0,0.0,False,False,0,0,0.0,0.0,False,False,0,0,0.0,0.0,False,True,0,1,0.0,1.0,False,False,0,0,0.0,0.0
409828_2018-11-20_12-12-08_filtered_2026-04-09_05-50-16,1,48,0.16388000000006286,False,False,0,0,0.0,0.0,False,True,0,1,0.0,1.0,False,True,0,1,0.0,1.0,False,True,0,1,0.0,1.0,False,True,0,1,0.0,1.0,False,True,0,1,0.0,1.0
409828_2018-11-20_12-12-08_filtered_2026-04-09_05-50-16,1,49,0.16388000000006286,False,False,0,0,0.0,0.0,False,False,0,0,0.0,0.0,False,False,0,0,0.0,0.0,False,False,0,0,0.0,0.0,False,False,0,0,0.0,0.0,False,False,0,0,0.0,0.0
409828_2018-11-20_12-12-08_filtered_2026-04-09_05-50-16,1,50,0.16388000000006286,False,False,0,0,0.0,0.0,False,False,0,0,0.0,0.0,False,False,0,0,0.0,0.0,False,False,0,0,0.0,0.0,False,False,0,0,0.0,0.0,False,False,0,0,0.0,0.0
409828_2018-11-20_12-12-08_filtered_2026-04-09_05-50-16,1,51,0.16388000000006286,False,False,0,0,0.0,0.0,False,False,0,0,0.0,0.0,False,False,0,0,0.0,0.0,False,False,0,0,0.0,0.0,False,False,0,0,0.0,0.0,False,False,0,0,0.0,0.0
409828_2018-11-20_12-12-08_filtered_2026-04-09_05-50-16,1,52,0.16388000000006286,False,False,0,0,0.0,0.0,False,False,0,0,0.0,0.0,False,False,0,0,0.0,0.0,False,False,0,0,0.0,0.0,False,False,0,0,0.0,0.0,False,False,0,0,0.0,0.0
409828_2018-11-20_12-12-08_filtered_2026-04-09_05-50-16,1,53,0.16388000000006286,False,False,0,0,0.0,0.0,False,False,0,0,0.0,0.0,False,False,0,0,0.0,0.0,False,False,0,0,0.0,0.0,False,False,0,0,0.0,0.0,False,False,0,0,0.0,0.0
409828_2018-11-20_12-12-08_filtered_2026-04-09_05-50-16,1,54,0.16388000000006286,False,False,0,0,0.0,0.0,False,False,0,0,0.0,0.0,False,False,0,0,0.0,0.0,False,False,0,0,0.0,0.0,False,False,0,0,0.0,0.0,False,False,0,0,0.0,0.0
409828_2018-11-20_12-12-08_filtered_2026-04-09_05-50-16,1,55,0.16388000000006286,False,False,0,0,0.0,0.0,False,False,0,0,0.0,0.0,False,False,0,0,0.0,0.0,False,False,0,0,0.0,0.0,False,False,0,0,0.0,0.0,False,False,0,0,0.0,0.0
409828_2018-11-20_12-12-08_filtered_2026-04-09_05-50-16,1,56,0.16388000000006286,False,False,0,0,0.0,0.0,False,False,0,0,0.0,0.0,False,False,0,0,0.0,0.0,False,False,0,0,0.0,0.0,False,False,0,0,0.0,0.0,False,False,0,0,0.0,0.0
409828_2018-11-20_12-12-08_filtered_2026-04-09_05-50-16,1,57,0.16388000000006286,False,True,0,1,0.0,1.0,False,True,0,2,0.0,0.6666666666666666,False,True,0,3,0.0,0.5,False,True,0,1,0.0,1.0,False,True,0,1,0.0,1.0,True,True,1,1,1.0,1.0
409828_2018-11-20_12-12-08_filtered_2026-04-09_05-50-16,1,58,0.16388000000006286,False,False,0,0,0.0,0.0,True,True,6,1,0.2857142857142857,1.0,True,True,7,5,0.25,0.2,True,False,1,0,1.0,0.0,True,False,1,0,1.0,0.0,True,True,3,1,0.3333333333333333,1.0
409828_2018-11-20_12-12-08_filtered_2026-04-09_05-50-16,1,59,0.16388000000006286,False,False,0,0,0.0,0.0,False,False,0,0,0.0,0.0,False,False,0,0,0.0,0.0,False,False,0,0,0.0,0.0,False,False,0,0,0.0,0.0,False,False,0,0,0.0,0.0
409828_2018-11-20_12-12-08_filtered_2026-04-09_05-50-16,1,60,0.16388000000006286,False,False,0,0,0.0,0.0,False,False,0,0,0.0,0.0,False,False,0,0,0.0,0.0,False,False,0,0,0.0,0.0,False,False,0,0,0.0,0.0,False,False,0,0,0.0,0.0
409828_2018-11-20_12-12-08_filtered_2026-04-09_05-50-16,1,61,0.16388000000006286,False,False,0,0,0.0,0.0,False,False,0,0,0.0,0.0,False,False,0,0,0.0,0.0,False,False,0,0,0.0,0.0,False,False,0,0,0.0,0.0,False,False,0,0,0.0,0.0
409828_2018-11-20_12-12-08_filtered_2026-04-09_05-50-16,1,62,0.16388000000006286,False,False,0,0,0.0,0.0,False,False,0,0,0.0,0.0,False,False,0,0,0.0,0.0,False,False,0,0,0.0,0.0,False,False,0,0,0.0,0.0,False,False,0,0,0.0,0.0
409828_2018-11-20_12-12-08_filtered_2026-04-09_05-50-16,1,63,0.16388000000006286,False,False,0,0,0.0,0.0,False,False,0,0,0.0,0.0,False,False,0,0,0.0,0.0,False,False,0,0,0.0,0.0,False,False,0,0,0.0,0.0,False,False,0,0,0.0,0.0
409828_2018-11-20_12-12-08_filtered_2026-04-09_05-50-16,1,64,0.16388000000006286,False,False,0,0,0.0,0.0,False,False,0,0,0.0,0.0,False,False,0,0,0.0,0.0,False,False,0,0,0.0,0.0,False,False,0,0,0.0,0.0,False,False,0,0,0.0,0.0
409828_2018-11-20_12-12-08_filtered_2026-04-09_05-50-16,1,65,0.16388000000006286,False,False,0,0,0.0,0.0,True,False,2,0,0.75,0.0,True,True,1,1,1.0,1.0,True,False,1,0,1.0,0.0,True,False,1,0,1.0,0.0,True,False,1,0,1.0,0.0
409828_2018-11-20_12-12-08_filtered_2026-04-09_05-50-16,1,66,0.16388000000006286,False,False,0,0,0.0,0.0,False,False,0,0,0.0,0.0,False,False,0,0,0.0,0.0,False,False,0,0,0.0,0.0,False,False,0,0,0.0,0.0,True,False,1,0,1.0,0.0
409828_2018-11-20_12-12-08_filtered_2026-04-09_05-50-16,1,68,0.16388000000006286,False,False,0,0,0.0,0.0,False,False,0,0,0.0,0.0,False,False,0,0,0.0,0.0,False,False,0,0,0.0,0.0,False,False,0,0,0.0,0.0,False,False,0,0,0.0,0.0
409828_2018-11-20_12-12-08_filtered_2026-04-09_05-50-16,1,69,0.16388000000006286,False,False,0,0,0.0,0.0,False,False,0,0,0.0,0.0,False,False,0,0,0.0,0.0,False,False,0,0,0.0,0.0,False,False,0,0,0.0,0.0,False,False,0,0,0.0,0.0
409828_2018-11-20_12-12-08_filtered_2026-04-09_05-50-16,1,70,0.16388000000006286,False,False,0,0,0.0,0.0,False,False,0,0,0.0,0.0,False,False,0,0,0.0,0.0,False,False,0,0,0.0,0.0,False,False,0,0,0.0,0.0,False,False,0,0,0.0,0.0
409828_2018-11-20_12-12-08_filtered_2026-04-09_05-50-16,1,71,0.16388000000006286,True,True,1,8,1.0,0.125,True,True,11,12,0.25,0.1875,True,True,14,11,0.22580645161290322,0.2647058823529412,True,True,1,1,1.0,1.0,True,True,1,2,1.0,0.5,True,True,11,13,0.25806451612903225,0.3333333333333333
409828_2018-11-20_12-12-08_filtered_2026-04-09_05-50-16,1,72,0.16388000000006286,False,False,0,0,0.0,0.0,False,False,0,0,0.0,0.0,False,False,0,0,0.0,0.0,False,False,0,0,0.0,0.0,False,False,0,0,0.0,0.0,False,False,0,0,0.0,0.0
409828_2018-11-20_12-12-08_filtered_2026-04-09_05-50-16,1,73,0.16388000000006286,False,False,0,0,0.0,0.0,False,False,0,0,0.0,0.0,False,False,0,0,0.0,0.0,False,False,0,0,0.0,0.0,False,False,0,0,0.0,0.0,False,False,0,0,0.0,0.0
409828_2018-11-20_12-12-08_filtered_2026-04-09_05-50-16,1,74,0.16388000000006286,False,False,0,0,0.0,0.0,False,False,0,0,0.0,0.0,False,False,0,0,0.0,0.0,False,False,0,0,0.0,0.0,False,False,0,0,0.0,0.0,False,False,0,0,0.0,0.0
409828_2018-11-20_12-12-08_filtered_2026-04-09_05-50-16,1,75,0.16388000000006286,False,False,0,0,0.0,0.0,False,False,0,0,0.0,0.0,False,False,0,0,0.0,0.0,False,False,0,0,0.0,0.0,False,False,0,0,0.0,0.0,False,False,0,0,0.0,0.0
409828_2018-11-20_12-12-08_filtered_2026-04-09_05-50-16,1,76,0.16388000000006286,False,False,0,0,0.0,0.0,False,False,0,0,0.0,0.0,False,False,0,0,0.0,0.0,False,False,0,0,0.0,0.0,False,False,0,0,0.0,0.0,False,False,0,0,0.0,0.0
409828_2018-11-20_12-12-08_filtered_2026-04-09_05-50-16,1,77,0.16388000000006286,True,True,3,2,0.3333333333333333,0.5,True,True,1,3,1.0,0.6,True,True,4,6,0.5714285714285714,0.3333333333333333,True,False,1,0,1.0,0.0,True,True,1,1,1.0,1.0,True,True,4,3,0.5714285714285714,0.5
409828_2018-11-20_12-12-08_filtered_2026-04-09_05-50-16,1,78,0.16388000000006286,False,False,0,0,0.0,0.0,False,False,0,0,0.0,0.0,False,False,0,0,0.0,0.0,False,False,0,0,0.0,0.0,False,False,0,0,0.0,0.0,False,False,0,0,0.0,0.0
409828_2018-11-20_12-12-08_filtered_2026-04-09_05-50-16,1,79,0.16388000000006286,False,False,0,0,0.0,0.0,False,False,0,0,0.0,0.0,False,False,0,0,0.0,0.0,False,False,0,0,0.0,0.0,False,False,0,0,0.0,0.0,False,False,0,0,0.0,0.0
409828_2018-11-20_12-12-08_filtered_2026-04-09_05-50-16,1,80,0.16388000000006286,False,False,0,0,0.0,0.0,False,False,0,0,0.0,0.0,False,False,0,0,0.0,0.0,False,False,0,0,0.0,0.0,False,False,0,0,0.0,0.0,False,False,0,0,0.0,0.0
409828_2018-11-20_12-12-08_filtered_2026-04-09_05-50-16,1,81,0.16388000000006286,False,False,0,0,0.0,0.0,False,False,0,0,0.0,0.0,False,False,0,0,0.0,0.0,False,False,0,0,0.0,0.0,False,False,0,0,0.0,0.0,False,False,0,0,0.0,0.0
409828_2018-11-20_12-12-08_filtered_2026-04-09_05-50-16,1,82,0.16388000000006286,False,False,0,0,0.0,0.0,False,False,0,0,0.0,0.0,False,False,0,0,0.0,0.0,False,False,0,0,0.0,0.0,False,False,0,0,0.0,0.0,False,False,0,0,0.0,0.0
409828_2018-11-20_12-12-08_filtered_2026-04-09_05-50-16,1,84,0.16388000000006286,False,False,0,0,0.0,0.0,False,False,0,0,0.0,0.0,False,False,0,0,0.0,0.0,False,False,0,0,0.0,0.0,False,False,0,0,0.0,0.0,False,False,0,0,0.0,0.0
409828_2018-11-20_12-12-08_filtered_2026-04-09_05-50-16,1,85,0.16388000000006286,False,False,0,0,0.0,0.0,False,False,0,0,0.0,0.0,False,False,0,0,0.0,0.0,False,False,0,0,0.0,0.0,False,False,0,0,0.0,0.0,False,False,0,0,0.0,0.0
409828_2018-11-20_12-12-08_filtered_2026-04-09_05-50-16,1,86,0.16388000000006286,True,False,1,0,1.0,0.0,False,True,0,3,0.0,0.3333333333333333,True,True,3,1,0.3333333333333333,1.0,False,True,0,1,0.0,1.0,False,True,0,1,0.0,1.0,True,True,1,2,1.0,0.5
409828_2018-11-20_12-12-08_filtered_2026-04-09_05-50-16,1,87,0.16388000000006286,False,False,0,0,0.0,0.0,False,False,0,0,0.0,0.0,False,False,0,0,0.0,0.0,False,False,0,0,0.0,0.0,False,False,0,0,0.0,0.0,False,False,0,0,0.0,0.0
409828_2018-11-20_12-12-08_filtered_2026-04-09_05-50-16,1,88,0.16388000000006286,False,False,0,0,0.0,0.0,True,False,1,0,1.0,0.0,True,False,1,0,1.0,0.0,False,False,0,0,0.0,0.0,True,False,1,0,1.0,0.0,True,False,2,0,0.6666666666666666,0.0
409828_2018-11-20_12-12-08_filtered_2026-04-09_05-50-16,1,89,0.16388000000006286,False,False,0,0,0.0,0.0,False,False,0,0,0.0,0.0,False,False,0,0,0.0,0.0,False,False,0,0,0.0,0.0,False,False,0,0,0.0,0.0,False,False,0,0,0.0,0.0
409828_2018-11-20_12-12-08_filtered_2026-04-09_05-50-16,1,90,0.16388000000006286,False,False,0,0,0.0,0.0,False,False,0,0,0.0,0.0,False,False,0,0,0.0,0.0,False,False,0,0,0.0,0.0,False,False,0,0,0.0,0.0,False,False,0,0,0.0,0.0
409828_2018-11-20_12-12-08_filtered_2026-04-09_05-50-16,1,91,0.16388000000006286,True,True,7,4,0.14285714285714285,0.4,True,True,8,11,0.2,0.16666666666666666,True,True,13,16,0.18518518518518517,0.2,True,False,1,0,1.0,0.0,True,False,3,0,0.5,0.0,True,True,14,9,0.16666666666666666,0.2
409828_2018-11-20_12-12-08_filtered_2026-04-09_05-50-16,1,92,0.16388000000006286,False,False,0,0,0.0,0.0,False,False,0,0,0.0,0.0,False,False,0,0,0.0,0.0,False,False,0,0,0.0,0.0,False,False,0,0,0.0,0.0,False,False,0,0,0.0,0.0
409828_2018-11-20_12-12-08_filtered_2026-04-09_05-50-16,1,93,0.16388000000006286,False,False,0,0,0.0,0.0,False,False,0,0,0.0,0.0,False,False,0,0,0.0,0.0,False,False,0,0,0.0,0.0,False,False,0,0,0.0,0.0,False,False,0,0,0.0,0.0
409828_2018-11-20_12-12-08_filtered_2026-04-09_05-50-16,1,94,0.16388000000006286,False,False,0,0,0.0,0.0,False,False,0,0,0.0,0.0,False,False,0,0,0.0,0.0,False,False,0,0,0.0,0.0,False,False,0,0,0.0,0.0,False,False,0,0,0.0,0.0
409828_2018-11-20_12-12-08_filtered_2026-04-09_05-50-16,1,95,0.16388000000006286,False,False,0,0,0.0,0.0,False,False,0,0,0.0,0.0,False,False,0,0,0.0,0.0,False,False,0,0,0.0,0.0,False,False,0,0,0.0,0.0,False,False,0,0,0.0,0.0
409828_2018-11-20_12-12-08_filtered_2026-04-09_05-50-16,1,96,0.16388000000006286,False,False,0,0,0.0,0.0,False,False,0,0,0.0,0.0,False,False,0,0,0.0,0.0,False,False,0,0,0.0,0.0,False,False,0,0,0.0,0.0,False,False,0,0,0.0,0.0
409828_2018-11-20_12-12-08_filtered_2026-04-09_05-50-16,1,97,0.16388000000006286,True,True,1,2,1.0,0.5,True,True,3,1,0.7142857142857143,1.0,True,True,5,9,0.5555555555555556,0.1111111111111111,True,False,1,0,1.0,0.0,True,False,1,0,1.0,0.0,True,True,4,3,0.5,0.3333333333333333
409828_2018-11-20_12-12-08_filtered_2026-04-09_05-50-16,1,98,0.16388000000006286,False,False,0,0,0.0,0.0,False,False,0,0,0.0,0.0,False,False,0,0,0.0,0.0,False,False,0,0,0.0,0.0,False,False,0,0,0.0,0.0,False,False,0,0,0.0,0.0
409828_2018-11-20_12-12-08_filtered_2026-04-09_05-50-16,1,99,0.16388000000006286,False,False,0,0,0.0,0.0,False,False,0,0,0.0,0.0,False,False,0,0,0.0,0.0,False,False,0,0,0.0,0.0,False,False,0,0,0.0,0.0,False,False,0,0,0.0,0.0
409828_2018-11-20_12-12-08_filtered_2026-04-09_05-50-16,1,100,0.16388000000006286,False,False,0,0,0.0,0.0,False,False,0,0,0.0,0.0,False,False,0,0,0.0,0.0,False,False,0,0,0.0,0.0,False,False,0,0,0.0,0.0,False,False,0,0,0.0,0.0
409828_2018-11-20_12-12-08_filtered_2026-04-09_05-50-16,1,101,0.16388000000006286,True,False,1,0,1.0,0.0,True,False,1,0,1.0,0.0,True,False,1,0,1.0,0.0,False,False,0,0,0.0,0.0,False,False,0,0,0.0,0.0,False,False,0,0,0.0,0.0
409828_2018-11-20_12-12-08_filtered_2026-04-09_05-50-16,1,102,0.16388000000006286,False,True,0,1,0.0,1.0,False,False,0,0,0.0,0.0,False,False,0,0,0.0,0.0,False,False,0,0,0.0,0.0,False,False,0,0,0.0,0.0,False,False,0,0,0.0,0.0
409828_2018-11-20_12-12-08_filtered_2026-04-09_05-50-16,1,103,0.16388000000006286,False,False,0,0,0.0,0.0,False,False,0,0,0.0,0.0,False,False,0,0,0.0,0.0,False,False,0,0,0.0,0.0,False,False,0,0,0.0,0.0,False,False,0,0,0.0,0.0
409828_2018-11-20_12-12-08_filtered_2026-04-09_05-50-16,1,104,0.16388000000006286,False,False,0,0,0.0,0.0,False,False,0,0,0.0,0.0,False,False,0,0,0.0,0.0,False,False,0,0,0.0,0.0,False,False,0,0,0.0,0.0,False,False,0,0,0.0,0.0
409828_2018-11-20_12-12-08_filtered_2026-04-09_05-50-16,1,105,0.16388000000006286,False,False,0,0,0.0,0.0,False,False,0,0,0.0,0.0,False,False,0,0,0.0,0.0,False,False,0,0,0.0,0.0,False,False,0,0,0.0,0.0,False,False,0,0,0.0,0.0
409828_2018-11-20_12-12-08_filtered_2026-04-09_05-50-16,1,106,0.16388000000006286,False,False,0,0,0.0,0.0,False,False,0,0,0.0,0.0,False,False,0,0,0.0,0.0,False,False,0,0,0.0,0.0,False,False,0,0,0.0,0.0,False,False,0,0,0.0,0.0
409828_2018-11-20_12-12-08_filtered_2026-04-09_05-50-16,1,107,0.16388000000006286,False,False,0,0,0.0,0.0,False,False,0,0,0.0,0.0,True,False,1,0,1.0,0.0,False,False,0,0,0.0,0.0,False,False,0,0,0.0,0.0,False,False,0,0,0.0,0.0
409828_2018-11-20_12-12-08_filtered_2026-04-09_05-50-16,1,108,0.16388000000006286,False,False,0,0,0.0,0.0,False,False,0,0,0.0,0.0,False,False,0,0,0.0,0.0,False,False,0,0,0.0,0.0,False,False,0,0,0.0,0.0,False,False,0,0,0.0,0.0
409828_2018-11-20_12-12-08_filtered_2026-04-09_05-50-16,1,110,0.16388000000006286,False,False,0,0,0.0,0.0,False,False,0,0,0.0,0.0,False,False,0,0,0.0,0.0,False,False,0,0,0.0,0.0,False,False,0,0,0.0,0.0,False,False,0,0,0.0,0.0
409828_2018-11-20_12-12-08_filtered_2026-04-09_05-50-16,1,111,0.16388000000006286,True,False,2,0,0.5,0.0,True,True,8,4,0.2727272727272727,0.4,True,True,9,7,0.375,0.45454545454545453,False,False,0,0,0.0,0.0,True,False,3,0,0.3333333333333333,0.0,True,True,2,3,0.5,0.3333333333333333
409828_2018-11-20_12-12-08_filtered_2026-04-09_05-50-16,1,112,0.16388000000006286,False,False,0,0,0.0,0.0,False,False,0,0,0.0,0.0,False,False,0,0,0.0,0.0,False,False,0,0,0.0,0.0,False,False,0,0,0.0,0.0,False,False,0,0,0.0,0.0
409828_2018-11-20_12-12-08_filtered_2026-04-09_05-50-16,1,113,0.16388000000006286,False,False,0,0,0.0,0.0,False,False,0,0,0.0,0.0,False,False,0,0,0.0,0.0,False,False,0,0,0.0,0.0,False,False,0,0,0.0,0.0,False,False,0,0,0.0,0.0
409828_2018-11-20_12-12-08_filtered_2026-04-09_05-50-16,1,115,0.16388000000006286,False,False,0,0,0.0,0.0,False,False,0,0,0.0,0.0,False,False,0,0,0.0,0.0,False,False,0,0,0.0,0.0,False,False,0,0,0.0,0.0,False,False,0,0,0.0,0.0
409828_2018-11-20_12-12-08_filtered_2026-04-09_05-50-16,1,116,0.16388000000006286,False,False,0,0,0.0,0.0,False,False,0,0,0.0,0.0,False,False,0,0,0.0,0.0,False,False,0,0,0.0,0.0,False,False,0,0,0.0,0.0,False,False,0,0,0.0,0.0
409828_2018-11-20_12-12-08_filtered_2026-04-09_05-50-16,1,117,0.16388000000006286,False,False,0,0,0.0,0.0,False,False,0,0,0.0,0.0,False,False,0,0,0.0,0.0,False,False,0,0,0.0,0.0,False,False,0,0,0.0,0.0,True,False,1,0,1.0,0.0
409828_2018-11-20_12-12-08_filtered_2026-04-09_05-50-16,1,118,0.16388000000006286,False,False,0,0,0.0,0.0,False,False,0,0,0.0,0.0,False,False,0,0,0.0,0.0,False,False,0,0,0.0,0.0,False,False,0,0,0.0,0.0,False,False,0,0,0.0,0.0
409828_2018-11-20_12-12-08_filtered_2026-04-09_05-50-16,1,119,0.16388000000006286,False,False,0,0,0.0,0.0,False,False,0,0,0.0,0.0,False,True,0,1,0.0,1.0,False,False,0,0,0.0,0.0,False,False,0,0,0.0,0.0,False,False,0,0,0.0,0.0
409828_2018-11-20_12-12-08_filtered_2026-04-09_05-50-16,1,120,0.16388000000006286,False,False,0,0,0.0,0.0,False,False,0,0,0.0,0.0,False,False,0,0,0.0,0.0,False,False,0,0,0.0,0.0,False,False,0,0,0.0,0.0,False,False,0,0,0.0,0.0
409828_2018-11-20_12-12-08_filtered_2026-04-09_05-50-16,1,121,0.16388000000006286,False,True,0,1,0.0,1.0,False,False,0,0,0.0,0.0,False,False,0,0,0.0,0.0,False,False,0,0,0.0,0.0,False,False,0,0,0.0,0.0,False,False,0,0,0.0,0.0
409828_2018-11-20_12-12-08_filtered_2026-04-09_05-50-16,1,122,0.16388000000006286,False,False,0,0,0.0,0.0,False,False,0,0,0.0,0.0,False,False,0,0,0.0,0.0,False,False,0,0,0.0,0.0,False,False,0,0,0.0,0.0,False,False,0,0,0.0,0.0
409828_2018-11-20_12-12-08_filtered_2026-04-09_05-50-16,1,123,0.16388000000006286,False,False,0,0,0.0,0.0,False,False,0,0,0.0,0.0,False,False,0,0,0.0,0.0,False,False,0,0,0.0,0.0,False,False,0,0,0.0,0.0,False,False,0,0,0.0,0.0
409828_2018-11-20_12-12-08_filtered_2026-04-09_05-50-16,1,124,0.16388000000006286,False,False,0,0,0.0,0.0,False,False,0,0,0.0,0.0,False,False,0,0,0.0,0.0,False,False,0,0,0.0,0.0,False,False,0,0,0.0,0.0,False,False,0,0,0.0,0.0
409828_2018-11-20_12-12-08_filtered_2026-04-09_05-50-16,1,126,0.16388000000006286,False,False,0,0,0.0,0.0,False,False,0,0,0.0,0.0,False,True,0,1,0.0,1.0,False,False,0,0,0.0,0.0,False,False,0,0,0.0,0.0,False,False,0,0,0.0,0.0
409828_2018-11-20_12-12-08_filtered_2026-04-09_05-50-16,1,128,0.16388000000006286,False,False,0,0,0.0,0.0,False,False,0,0,0.0,0.0,False,False,0,0,0.0,0.0,False,False,0,0,0.0,0.0,False,False,0,0,0.0,0.0,False,False,0,0,0.0,0.0
409828_2018-11-20_12-12-08_filtered_2026-04-09_05-50-16,1,129,0.16388000000006286,False,False,0,0,0.0,0.0,False,False,0,0,0.0,0.0,False,False,0,0,0.0,0.0,False,False,0,0,0.0,0.0,False,False,0,0,0.0,0.0,False,False,0,0,0.0,0.0
409828_2018-11-20_12-12-08_filtered_2026-04-09_05-50-16,1,130,0.16388000000006286,False,False,0,0,0.0,0.0,False,True,0,1,0.0,1.0,False,True,0,1,0.0,1.0,False,False,0,0,0.0,0.0,False,True,0,1,0.0,1.0,False,False,0,0,0.0,0.0
409828_2018-11-20_12-12-08_filtered_2026-04-09_05-50-16,1,131,0.16388000000006286,False,False,0,0,0.0,0.0,False,False,0,0,0.0,0.0,False,False,0,0,0.0,0.0,False,False,0,0,0.0,0.0,False,False,0,0,0.0,0.0,False,False,0,0,0.0,0.0
409828_2018-11-20_12-12-08_filtered_2026-04-09_05-50-16,1,132,0.16388000000006286,False,False,0,0,0.0,0.0,False,False,0,0,0.0,0.0,False,True,0,1,0.0,1.0,False,False,0,0,0.0,0.0,False,False,0,0,0.0,0.0,False,False,0,0,0.0,0.0
409828_2018-11-20_12-12-08_filtered_2026-04-09_05-50-16,1,133,0.16388000000006286,False,False,0,0,0.0,0.0,True,False,1,0,1.0,0.0,True,True,4,6,0.25,0.25,False,False,0,0,0.0,0.0,True,True,1,1,1.0,1.0,True,True,2,1,0.6666666666666666,1.0
409828_2018-11-20_12-12-08_filtered_2026-04-09_05-50-16,1,134,0.16388000000006286,False,False,0,0,0.0,0.0,False,False,0,0,0.0,0.0,False,False,0,0,0.0,0.0,False,False,0,0,0.0,0.0,False,False,0,0,0.0,0.0,False,False,0,0,0.0,0.0
409828_2018-11-20_12-12-08_filtered_2026-04-09_05-50-16,1,135,0.16388000000006286,False,False,0,0,0.0,0.0,False,False,0,0,0.0,0.0,False,False,0,0,0.0,0.0,False,False,0,0,0.0,0.0,False,False,0,0,0.0,0.0,False,False,0,0,0.0,0.0
409828_2018-11-20_12-12-08_filtered_2026-04-09_05-50-16,1,136,0.16388000000006286,False,True,0,1,0.0,1.0,False,True,0,1,0.0,1.0,False,True,0,1,0.0,1.0,False,True,0,1,0.0,1.0,False,True,0,1,0.0,1.0,False,True,0,1,0.0,1.0
409828_2018-11-20_12-12-08_filtered_2026-04-09_05-50-16,1,137,0.16388000000006286,False,False,0,0,0.0,0.0,False,False,0,0,0.0,0.0,False,False,0,0,0.0,0.0,False,False,0,0,0.0,0.0,False,False,0,0,0.0,0.0,False,False,0,0,0.0,0.0
409828_2018-11-20_12-12-08_filtered_2026-04-09_05-50-16,1,138,0.16388000000006286,False,False,0,0,0.0,0.0,False,False,0,0,0.0,0.0,False,False,0,0,0.0,0.0,False,False,0,0,0.0,0.0,False,False,0,0,0.0,0.0,False,False,0,0,0.0,0.0
409828_2018-11-20_12-12-08_filtered_2026-04-09_05-50-16,1,139,0.16388000000006286,False,False,0,0,0.0,0.0,False,False,0,0,0.0,0.0,False,False,0,0,0.0,0.0,False,False,0,0,0.0,0.0,False,False,0,0,0.0,0.0,False,False,0,0,0.0,0.0
409828_2018-11-20_12-12-08_filtered_2026-04-09_05-50-16,1,140,0.16388000000006286,False,False,0,0,0.0,0.0,False,False,0,0,0.0,0.0,False,False,0,0,0.0,0.0,False,False,0,0,0.0,0.0,False,False,0,0,0.0,0.0,False,False,0,0,0.0,0.0
409828_2018-11-20_12-12-08_filtered_2026-04-09_05-50-16,1,142,0.16388000000006286,False,False,0,0,0.0,0.0,False,True,0,1,0.0,1.0,False,True,0,1,0.0,1.0,False,False,0,0,0.0,0.0,False,False,0,0,0.0,0.0,False,False,0,0,0.0,0.0
409828_2018-11-20_12-12-08_filtered_2026-04-09_05-50-16,1,143,0.16388000000006286,False,False,0,0,0.0,0.0,False,False,0,0,0.0,0.0,True,True,1,1,1.0,1.0,False,False,0,0,0.0,0.0,False,False,0,0,0.0,0.0,False,False,0,0,0.0,0.0
409828_2018-11-20_12-12-08_filtered_2026-04-09_05-50-16,1,145,0.16388000000006286,False,False,0,0,0.0,0.0,False,False,0,0,0.0,0.0,False,False,0,0,0.0,0.0,False,False,0,0,0.0,0.0,False,False,0,0,0.0,0.0,False,False,0,0,0.0,0.0
409828_2018-11-20_12-12-08_filtered_2026-04-09_05-50-16,1,146,0.16388000000006286,False,False,0,0,0.0,0.0,False,False,0,0,0.0,0.0,False,False,0,0,0.0,0.0,False,False,0,0,0.0,0.0,False,False,0,0,0.0,0.0,False,False,0,0,0.0,0.0
409828_2018-11-20_12-12-08_filtered_2026-04-09_05-50-16,1,148,0.16388000000006286,False,False,0,0,0.0,0.0,False,False,0,0,0.0,0.0,False,True,0,1,0.0,1.0,False,False,0,0,0.0,0.0,False,False,0,0,0.0,0.0,False,True,0,1,0.0,1.0
409828_2018-11-20_12-12-08_filtered_2026-04-09_05-50-16,1,149,0.16388000000006286,False,False,0,0,0.0,0.0,False,False,0,0,0.0,0.0,False,False,0,0,0.0,0.0,False,False,0,0,0.0,0.0,False,False,0,0,0.0,0.0,False,False,0,0,0.0,0.0
409828_2018-11-20_12-12-08_filtered_2026-04-09_05-50-16,1,150,0.16388000000006286,False,False,0,0,0.0,0.0,False,False,0,0,0.0,0.0,False,False,0,0,0.0,0.0,False,False,0,0,0.0,0.0,False,False,0,0,0.0,0.0,False,False,0,0,0.0,0.0
409828_2018-11-20_12-12-08_filtered_2026-04-09_05-50-16,1,151,0.16388000000006286,False,False,0,0,0.0,0.0,False,False,0,0,0.0,0.0,False,False,0,0,0.0,0.0,False,False,0,0,0.0,0.0,False,False,0,0,0.0,0.0,False,False,0,0,0.0,0.0
409828_2018-11-20_12-12-08_filtered_2026-04-09_05-50-16,1,152,0.16388000000006286,False,False,0,0,0.0,0.0,False,False,0,0,0.0,0.0,False,False,0,0,0.0,0.0,False,False,0,0,0.0,0.0,False,False,0,0,0.0,0.0,False,False,0,0,0.0,0.0
409828_2018-11-20_12-12-08_filtered_2026-04-09_05-50-16,1,156,0.16388000000006286,False,False,0,0,0.0,0.0,False,False,0,0,0.0,0.0,False,False,0,0,0.0,0.0,False,False,0,0,0.0,0.0,False,False,0,0,0.0,0.0,False,False,0,0,0.0,0.0
409828_2018-11-20_12-12-08_filtered_2026-04-09_05-50-16,1,157,0.16388000000006286,False,False,0,0,0.0,0.0,False,False,0,0,0.0,0.0,False,False,0,0,0.0,0.0,False,False,0,0,0.0,0.0,False,False,0,0,0.0,0.0,False,False,0,0,0.0,0.0
409828_2018-11-20_12-12-08_filtered_2026-04-09_05-50-16,1,159,0.16388000000006286,False,False,0,0,0.0,0.0,False,False,0,0,0.0,0.0,False,False,0,0,0.0,0.0,False,False,0,0,0.0,0.0,False,False,0,0,0.0,0.0,False,False,0,0,0.0,0.0
409828_2018-11-20_12-12-08_filtered_2026-04-09_05-50-16,1,160,0.16388000000006286,False,False,0,0,0.0,0.0,False,False,0,0,0.0,0.0,False,False,0,0,0.0,0.0,False,False,0,0,0.0,0.0,False,False,0,0,0.0,0.0,False,False,0,0,0.0,0.0
409828_2018-11-20_12-12-08_filtered_2026-04-09_05-50-16,1,161,0.16388000000006286,False,False,0,0,0.0,0.0,False,False,0,0,0.0,0.0,False,False,0,0,0.0,0.0,False,False,0,0,0.0,0.0,False,False,0,0,0.0,0.0,False,False,0,0,0.0,0.0
409828_2018-11-20_12-12-08_filtered_2026-04-09_05-50-16,1,162,0.16388000000006286,False,False,0,0,0.0,0.0,False,False,0,0,0.0,0.0,False,False,0,0,0.0,0.0,False,False,0,0,0.0,0.0,False,False,0,0,0.0,0.0,False,False,0,0,0.0,0.0
409828_2018-11-20_12-12-08_filtered_2026-04-09_05-50-16,1,164,0.16388000000006286,False,False,0,0,0.0,0.0,False,False,0,0,0.0,0.0,False,False,0,0,0.0,0.0,False,False,0,0,0.0,0.0,False,False,0,0,0.0,0.0,False,False,0,0,0.0,0.0
409828_2018-11-20_12-12-08_filtered_2026-04-09_05-50-16,1,165,0.16388000000006286,False,False,0,0,0.0,0.0,False,True,0,1,0.0,1.0,True,True,3,3,0.6,0.3333333333333333,False,False,0,0,0.0,0.0,False,False,0,0,0.0,0.0,True,False,1,0,1.0,0.0
409828_2018-11-20_12-12-08_filtered_2026-04-09_05-50-16,1,166,0.16388000000006286,False,False,0,0,0.0,0.0,False,False,0,0,0.0,0.0,False,False,0,0,0.0,0.0,False,False,0,0,0.0,0.0,False,False,0,0,0.0,0.0,False,False,0,0,0.0,0.0
409828_2018-11-20_12-12-08_filtered_2026-04-09_05-50-16,1,167,0.16388000000006286,False,False,0,0,0.0,0.0,False,False,0,0,0.0,0.0,False,False,0,0,0.0,0.0,False,False,0,0,0.0,0.0,False,False,0,0,0.0,0.0,False,False,0,0,0.0,0.0
409828_2018-11-20_12-12-08_filtered_2026-04-09_05-50-16,1,168,0.16388000000006286,False,False,0,0,0.0,0.0,False,False,0,0,0.0,0.0,False,False,0,0,0.0,0.0,False,False,0,0,0.0,0.0,False,False,0,0,0.0,0.0,False,False,0,0,0.0,0.0
409828_2018-11-20_12-12-08_filtered_2026-04-09_05-50-16,1,169,0.16388000000006286,False,False,0,0,0.0,0.0,False,False,0,0,0.0,0.0,False,False,0,0,0.0,0.0,False,False,0,0,0.0,0.0,False,False,0,0,0.0,0.0,False,False,0,0,0.0,0.0
409828_2018-11-20_12-12-08_filtered_2026-04-09_05-50-16,1,170,0.16388000000006286,False,False,0,0,0.0,0.0,False,False,0,0,0.0,0.0,False,False,0,0,0.0,0.0,False,False,0,0,0.0,0.0,False,False,0,0,0.0,0.0,False,False,0,0,0.0,0.0
409828_2018-11-20_12-12-08_filtered_2026-04-09_05-50-16,1,171,0.16388000000006286,False,False,0,0,0.0,0.0,False,False,0,0,0.0,0.0,False,False,0,0,0.0,0.0,False,False,0,0,0.0,0.0,False,False,0,0,0.0,0.0,False,False,0,0,0.0,0.0
409828_2018-11-20_12-12-08_filtered_2026-04-09_05-50-16,1,172,0.16388000000006286,False,False,0,0,0.0,0.0,False,False,0,0,0.0,0.0,False,False,0,0,0.0,0.0,False,False,0,0,0.0,0.0,False,False,0,0,0.0,0.0,False,False,0,0,0.0,0.0
409828_2018-11-20_12-12-08_filtered_2026-04-09_05-50-16,1,173,0.16388000000006286,False,False,0,0,0.0,0.0,False,False,0,0,0.0,0.0,False,False,0,0,0.0,0.0,False,False,0,0,0.0,0.0,False,False,0,0,0.0,0.0,False,False,0,0,0.0,0.0
409828_2018-11-20_12-12-08_filtered_2026-04-09_05-50-16,1,174,0.16388000000006286,False,False,0,0,0.0,0.0,True,False,1,0,1.0,0.0,False,False,0,0,0.0,0.0,False,False,0,0,0.0,0.0,False,False,0,0,0.0,0.0,False,False,0,0,0.0,0.0
409828_2018-11-20_12-12-08_filtered_2026-04-09_05-50-16,1,175,0.16388000000006286,False,True,0,1,0.0,1.0,False,True,0,1,0.0,1.0,False,True,0,1,0.0,1.0,False,False,0,0,0.0,0.0,False,False,0,0,0.0,0.0,False,False,0,0,0.0,0.0
409828_2018-11-20_12-12-08_filtered_2026-04-09_05-50-16,1,176,0.16388000000006286,False,False,0,0,0.0,0.0,True,True,2,3,0.5,0.3333333333333333,True,True,4,5,0.4444444444444444,0.3333333333333333,False,False,0,0,0.0,0.0,False,False,0,0,0.0,0.0,True,True,3,1,0.3333333333333333,1.0
409828_2018-11-20_12-12-08_filtered_2026-04-09_05-50-16,1,177,0.16388000000006286,False,False,0,0,0.0,0.0,True,False,1,0,1.0,0.0,False,True,0,1,0.0,1.0,False,False,0,0,0.0,0.0,False,False,0,0,0.0,0.0,False,False,0,0,0.0,0.0
409828_2018-11-20_12-12-08_filtered_2026-04-09_05-50-16,1,178,0.16388000000006286,False,False,0,0,0.0,0.0,False,False,0,0,0.0,0.0,False,False,0,0,0.0,0.0,False,False,0,0,0.0,0.0,False,False,0,0,0.0,0.0,False,False,0,0,0.0,0.0
409828_2018-11-20_12-12-08_filtered_2026-04-09_05-50-16,1,179,0.16388000000006286,False,False,0,0,0.0,0.0,False,False,0,0,0.0,0.0,False,False,0,0,0.0,0.0,False,False,0,0,0.0,0.0,False,False,0,0,0.0,0.0,False,False,0,0,0.0,0.0
409828_2018-11-20_12-12-08_filtered_2026-04-09_05-50-16,1,180,0.16388000000006286,True,True,1,1,1.0,1.0,True,True,4,3,0.4,0.5,True,True,9,8,0.2,0.2727272727272727,False,False,0,0,0.0,0.0,False,True,0,1,0.0,1.0,True,True,3,1,0.3333333333333333,1.0
409828_2018-11-20_12-12-08_filtered_2026-04-09_05-50-16,1,181,0.16388000000006286,False,False,0,0,0.0,0.0,False,False,0,0,0.0,0.0,False,False,0,0,0.0,0.0,False,False,0,0,0.0,0.0,False,False,0,0,0.0,0.0,True,False,1,0,1.0,0.0
409828_2018-11-20_12-12-08_filtered_2026-04-09_05-50-16,1,182,0.16388000000006286,False,False,0,0,0.0,0.0,False,False,0,0,0.0,0.0,False,False,0,0,0.0,0.0,False,False,0,0,0.0,0.0,False,False,0,0,0.0,0.0,False,False,0,0,0.0,0.0
409828_2018-11-20_12-12-08_filtered_2026-04-09_05-50-16,1,183,0.16388000000006286,False,False,0,0,0.0,0.0,False,False,0,0,0.0,0.0,False,False,0,0,0.0,0.0,False,False,0,0,0.0,0.0,False,False,0,0,0.0,0.0,False,False,0,0,0.0,0.0
409828_2018-11-20_12-12-08_filtered_2026-04-09_05-50-16,1,184,0.16388000000006286,False,False,0,0,0.0,0.0,False,False,0,0,0.0,0.0,False,False,0,0,0.0,0.0,False,False,0,0,0.0,0.0,False,False,0,0,0.0,0.0,False,False,0,0,0.0,0.0
409828_2018-11-20_12-12-08_filtered_2026-04-09_05-50-16,1,185,0.16388000000006286,False,False,0,0,0.0,0.0,False,False,0,0,0.0,0.0,False,False,0,0,0.0,0.0,False,False,0,0,0.0,0.0,False,False,0,0,0.0,0.0,False,False,0,0,0.0,0.0
409828_2018-11-20_12-12-08_filtered_2026-04-09_05-50-16,1,186,0.16388000000006286,False,False,0,0,0.0,0.0,False,False,0,0,0.0,0.0,False,False,0,0,0.0,0.0,False,False,0,0,0.0,0.0,False,False,0,0,0.0,0.0,False,False,0,0,0.0,0.0
409828_2018-11-20_12-12-08_filtered_2026-04-09_05-50-16,1,187,0.16388000000006286,False,False,0,0,0.0,0.0,False,True,0,1,0.0,1.0,False,True,0,2,0.0,0.5,False,False,0,0,0.0,0.0,False,False,0,0,0.0,0.0,False,False,0,0,0.0,0.0
409828_2018-11-20_12-12-08_filtered_2026-04-09_05-50-16,1,188,0.16388000000006286,False,False,0,0,0.0,0.0,False,False,0,0,0.0,0.0,False,False,0,0,0.0,0.0,False,False,0,0,0.0,0.0,False,False,0,0,0.0,0.0,False,False,0,0,0.0,0.0
409828_2018-11-20_12-12-08_filtered_2026-04-09_05-50-16,1,189,0.16388000000006286,False,False,0,0,0.0,0.0,False,False,0,0,0.0,0.0,False,False,0,0,0.0,0.0,False,False,0,0,0.0,0.0,False,False,0,0,0.0,0.0,False,False,0,0,0.0,0.0
409828_2018-11-20_12-12-08_filtered_2026-04-09_05-50-16,1,190,0.16388000000006286,False,False,0,0,0.0,0.0,False,True,0,1,0.0,1.0,False,True,0,1,0.0,1.0,False,False,0,0,0.0,0.0,False,False,0,0,0.0,0.0,True,True,1,1,1.0,1.0
409828_2018-11-20_12-12-08_filtered_2026-04-09_05-50-16,1,191,0.16388000000006286,False,False,0,0,0.0,0.0,False,False,0,0,0.0,0.0,False,False,0,0,0.0,0.0,False,False,0,0,0.0,0.0,False,False,0,0,0.0,0.0,False,False,0,0,0.0,0.0
409828_2018-11-20_12-12-08_filtered_2026-04-09_05-50-16,1,193,0.16388000000006286,False,False,0,0,0.0,0.0,False,False,0,0,0.0,0.0,False,False,0,0,0.0,0.0,False,False,0,0,0.0,0.0,False,False,0,0,0.0,0.0,False,False,0,0,0.0,0.0
409828_2018-11-20_12-12-08_filtered_2026-04-09_05-50-16,1,194,0.16388000000006286,False,False,0,0,0.0,0.0,False,False,0,0,0.0,0.0,False,False,0,0,0.0,0.0,False,False,0,0,0.0,0.0,False,False,0,0,0.0,0.0,False,False,0,0,0.0,0.0
409828_2018-11-20_12-12-08_filtered_2026-04-09_05-50-16,1,195,0.16388000000006286,False,False,0,0,0.0,0.0,False,False,0,0,0.0,0.0,False,False,0,0,0.0,0.0,False,False,0,0,0.0,0.0,False,False,0,0,0.0,0.0,False,False,0,0,0.0,0.0
409828_2018-11-20_12-12-08_filtered_2026-04-09_05-50-16,1,196,0.16388000000006286,False,False,0,0,0.0,0.0,False,False,0,0,0.0,0.0,False,False,0,0,0.0,0.0,False,False,0,0,0.0,0.0,False,False,0,0,0.0,0.0,False,False,0,0,0.0,0.0
409828_2018-11-20_12-12-08_filtered_2026-04-09_05-50-16,1,197,0.16388000000006286,False,False,0,0,0.0,0.0,False,False,0,0,0.0,0.0,False,False,0,0,0.0,0.0,False,False,0,0,0.0,0.0,False,False,0,0,0.0,0.0,False,False,0,0,0.0,0.0
409828_2018-11-20_12-12-08_filtered_2026-04-09_05-50-16,1,198,0.16388000000006286,False,False,0,0,0.0,0.0,False,False,0,0,0.0,0.0,False,False,0,0,0.0,0.0,False,False,0,0,0.0,0.0,False,False,0,0,0.0,0.0,False,False,0,0,0.0,0.0
409828_2018-11-20_12-12-08_filtered_2026-04-09_05-50-16,1,199,0.16388000000006286,False,False,0,0,0.0,0.0,False,False,0,0,0.0,0.0,False,False,0,0,0.0,0.0,False,False,0,0,0.0,0.0,False,False,0,0,0.0,0.0,False,False,0,0,0.0,0.0
409828_2018-11-20_12-12-08_filtered_2026-04-09_05-50-16,1,200,0.16388000000006286,False,False,0,0,0.0,0.0,False,False,0,0,0.0,0.0,False,False,0,0,0.0,0.0,False,False,0,0,0.0,0.0,False,False,0,0,0.0,0.0,False,False,0,0,0.0,0.0
409828_2018-11-20_12-12-08_filtered_2026-04-09_05-50-16,1,201,0.16388000000006286,False,False,0,0,0.0,0.0,False,False,0,0,0.0,0.0,False,False,0,0,0.0,0.0,False,False,0,0,0.0,0.0,False,False,0,0,0.0,0.0,False,False,0,0,0.0,0.0
409828_2018-11-20_12-12-08_filtered_2026-04-09_05-50-16,1,204,0.16388000000006286,False,False,0,0,0.0,0.0,False,False,0,0,0.0,0.0,False,False,0,0,0.0,0.0,False,False,0,0,0.0,0.0,False,False,0,0,0.0,0.0,False,False,0,0,0.0,0.0
409828_2018-11-20_12-12-08_filtered_2026-04-09_05-50-16,1,205,0.16388000000006286,False,False,0,0,0.0,0.0,False,False,0,0,0.0,0.0,False,False,0,0,0.0,0.0,False,False,0,0,0.0,0.0,False,False,0,0,0.0,0.0,False,False,0,0,0.0,0.0
409828_2018-11-20_12-12-08_filtered_2026-04-09_05-50-16,1,206,0.16388000000006286,False,False,0,0,0.0,0.0,False,False,0,0,0.0,0.0,False,False,0,0,0.0,0.0,False,False,0,0,0.0,0.0,False,False,0,0,0.0,0.0,False,False,0,0,0.0,0.0
409828_2018-11-20_12-12-08_filtered_2026-04-09_05-50-16,1,207,0.16388000000006286,False,False,0,0,0.0,0.0,False,False,0,0,0.0,0.0,False,False,0,0,0.0,0.0,False,False,0,0,0.0,0.0,False,False,0,0,0.0,0.0,False,False,0,0,0.0,0.0
409828_2018-11-20_12-12-08_filtered_2026-04-09_05-50-16,1,208,0.16388000000006286,False,False,0,0,0.0,0.0,False,False,0,0,0.0,0.0,False,False,0,0,0.0,0.0,False,False,0,0,0.0,0.0,False,False,0,0,0.0,0.0,False,False,0,0,0.0,0.0
409828_2018-11-20_12-12-08_filtered_2026-04-09_05-50-16,1,209,0.16388000000006286,True,True,1,1,1.0,1.0,True,True,2,1,0.5,1.0,True,True,1,4,1.0,0.4,False,False,0,0,0.0,0.0,False,True,0,1,0.0,1.0,False,True,0,1,0.0,1.0
409828_2018-11-20_12-12-08_filtered_2026-04-09_05-50-16,1,212,0.16388000000006286,False,False,0,0,0.0,0.0,False,False,0,0,0.0,0.0,False,False,0,0,0.0,0.0,False,False,0,0,0.0,0.0,False,False,0,0,0.0,0.0,False,False,0,0,0.0,0.0
409828_2018-11-20_12-12-08_filtered_2026-04-09_05-50-16,1,213,0.16388000000006286,False,False,0,0,0.0,0.0,False,False,0,0,0.0,0.0,False,False,0,0,0.0,0.0,False,False,0,0,0.0,0.0,False,False,0,0,0.0,0.0,False,False,0,0,0.0,0.0
409828_2018-11-20_12-12-08_filtered_2026-04-09_05-50-16,1,214,0.16388000000006286,False,False,0,0,0.0,0.0,False,False,0,0,0.0,0.0,True,True,1,1,1.0,1.0,False,False,0,0,0.0,0.0,False,False,0,0,0.0,0.0,False,False,0,0,0.0,0.0
409828_2018-11-20_12-12-08_filtered_2026-04-09_05-50-16,1,216,0.16388000000006286,False,False,0,0,0.0,0.0,False,False,0,0,0.0,0.0,False,False,0,0,0.0,0.0,False,False,0,0,0.0,0.0,False,False,0,0,0.0,0.0,False,False,0,0,0.0,0.0
409828_2018-11-20_12-12-08_filtered_2026-04-09_05-50-16,1,217,0.16388000000006286,False,False,0,0,0.0,0.0,False,False,0,0,0.0,0.0,False,False,0,0,0.0,0.0,False,False,0,0,0.0,0.0,False,False,0,0,0.0,0.0,False,False,0,0,0.0,0.0
409828_2018-11-20_12-12-08_filtered_2026-04-09_05-50-16,1,218,0.16388000000006286,False,False,0,0,0.0,0.0,False,False,0,0,0.0,0.0,False,False,0,0,0.0,0.0,False,False,0,0,0.0,0.0,False,True,0,1,0.0,1.0,False,True,0,1,0.0,1.0
409828_2018-11-20_12-12-08_filtered_2026-04-09_05-50-16,1,219,0.16388000000006286,False,False,0,0,0.0,0.0,False,False,0,0,0.0,0.0,False,False,0,0,0.0,0.0,False,False,0,0,0.0,0.0,False,False,0,0,0.0,0.0,False,False,0,0,0.0,0.0
409828_2018-11-20_12-12-08_filtered_2026-04-09_05-50-16,1,220,0.16388000000006286,False,False,0,0,0.0,0.0,False,False,0,0,0.0,0.0,False,False,0,0,0.0,0.0,False,False,0,0,0.0,0.0,False,False,0,0,0.0,0.0,False,False,0,0,0.0,0.0
409828_2018-11-20_12-12-08_filtered_2026-04-09_05-50-16,1,222,0.16388000000006286,False,False,0,0,0.0,0.0,False,False,0,0,0.0,0.0,False,False,0,0,0.0,0.0,False,False,0,0,0.0,0.0,False,False,0,0,0.0,0.0,False,False,0,0,0.0,0.0
409828_2018-11-20_12-12-08_filtered_2026-04-09_05-50-16,1,223,0.16388000000006286,False,False,0,0,0.0,0.0,False,False,0,0,0.0,0.0,False,False,0,0,0.0,0.0,False,False,0,0,0.0,0.0,False,False,0,0,0.0,0.0,False,False,0,0,0.0,0.0
409828_2018-11-20_12-12-08_filtered_2026-04-09_05-50-16,1,225,0.16388000000006286,False,False,0,0,0.0,0.0,False,False,0,0,0.0,0.0,False,False,0,0,0.0,0.0,False,False,0,0,0.0,0.0,False,False,0,0,0.0,0.0,False,False,0,0,0.0,0.0
409828_2018-11-20_12-12-08_filtered_2026-04-09_05-50-16,1,226,0.16388000000006286,False,False,0,0,0.0,0.0,False,True,0,1,0.0,1.0,False,True,0,1,0.0,1.0,False,False,0,0,0.0,0.0,False,False,0,0,0.0,0.0,False,False,0,0,0.0,0.0
409828_2018-11-20_12-12-08_filtered_2026-04-09_05-50-16,1,227,0.16388000000006286,False,False,0,0,0.0,0.0,False,False,0,0,0.0,0.0,False,False,0,0,0.0,0.0,False,False,0,0,0.0,0.0,False,False,0,0,0.0,0.0,False,False,0,0,0.0,0.0
409828_2018-11-20_12-12-08_filtered_2026-04-09_05-50-16,1,229,0.16388000000006286,False,False,0,0,0.0,0.0,False,False,0,0,0.0,0.0,False,False,0,0,0.0,0.0,False,False,0,0,0.0,0.0,False,False,0,0,0.0,0.0,False,False,0,0,0.0,0.0
409828_2018-11-20_12-12-08_filtered_2026-04-09_05-50-16,1,230,0.16388000000006286,False,False,0,0,0.0,0.0,False,False,0,0,0.0,0.0,False,False,0,0,0.0,0.0,False,False,0,0,0.0,0.0,False,True,0,1,0.0,1.0,False,False,0,0,0.0,0.0
409828_2018-11-20_12-12-08_filtered_2026-04-09_05-50-16,1,231,0.16388000000006286,False,False,0,0,0.0,0.0,False,False,0,0,0.0,0.0,False,False,0,0,0.0,0.0,False,False,0,0,0.0,0.0,False,False,0,0,0.0,0.0,False,False,0,0,0.0,0.0
409828_2018-11-20_12-12-08_filtered_2026-04-09_05-50-16,1,232,0.16388000000006286,False,False,0,0,0.0,0.0,False,False,0,0,0.0,0.0,False,False,0,0,0.0,0.0,False,False,0,0,0.0,0.0,False,False,0,0,0.0,0.0,False,False,0,0,0.0,0.0
409828_2018-11-20_12-12-08_filtered_2026-04-09_05-50-16,1,233,0.16388000000006286,False,False,0,0,0.0,0.0,False,False,0,0,0.0,0.0,False,False,0,0,0.0,0.0,False,False,0,0,0.0,0.0,False,False,0,0,0.0,0.0,False,False,0,0,0.0,0.0
409828_2018-11-20_12-12-08_filtered_2026-04-09_05-50-16,1,234,0.16388000000006286,False,False,0,0,0.0,0.0,False,False,0,0,0.0,0.0,False,False,0,0,0.0,0.0,False,False,0,0,0.0,0.0,False,False,0,0,0.0,0.0,False,False,0,0,0.0,0.0
409828_2018-11-20_12-12-08_filtered_2026-04-09_05-50-16,1,236,0.16388000000006286,False,False,0,0,0.0,0.0,True,False,1,0,1.0,0.0,False,False,0,0,0.0,0.0,False,False,0,0,0.0,0.0,True,False,1,0,1.0,0.0,False,False,0,0,0.0,0.0
409828_2018-11-20_12-12-08_filtered_2026-04-09_05-50-16,1,237,0.16388000000006286,False,False,0,0,0.0,0.0,False,False,0,0,0.0,0.0,False,False,0,0,0.0,0.0,False,False,0,0,0.0,0.0,False,False,0,0,0.0,0.0,False,False,0,0,0.0,0.0
409828_2018-11-20_12-12-08_filtered_2026-04-09_05-50-16,1,238,0.16388000000006286,False,False,0,0,0.0,0.0,False,False,0,0,0.0,0.0,False,False,0,0,0.0,0.0,False,False,0,0,0.0,0.0,False,False,0,0,0.0,0.0,False,False,0,0,0.0,0.0
409828_2018-11-20_12-12-08_filtered_2026-04-09_05-50-16,1,239,0.16388000000006286,False,False,0,0,0.0,0.0,False,False,0,0,0.0,0.0,False,False,0,0,0.0,0.0,False,False,0,0,0.0,0.0,False,False,0,0,0.0,0.0,False,False,0,0,0.0,0.0
409828_2018-11-20_12-12-08_filtered_2026-04-09_05-50-16,1,240,0.16388000000006286,False,False,0,0,0.0,0.0,False,False,0,0,0.0,0.0,False,False,0,0,0.0,0.0,False,False,0,0,0.0,0.0,False,False,0,0,0.0,0.0,False,False,0,0,0.0,0.0
409828_2018-11-20_12-12-08_filtered_2026-04-09_05-50-16,1,242,0.16388000000006286,False,False,0,0,0.0,0.0,False,False,0,0,0.0,0.0,False,False,0,0,0.0,0.0,False,False,0,0,0.0,0.0,False,False,0,0,0.0,0.0,False,False,0,0,0.0,0.0
409828_2018-11-20_12-12-08_filtered_2026-04-09_05-50-16,1,243,0.16388000000006286,False,False,0,0,0.0,0.0,False,False,0,0,0.0,0.0,False,False,0,0,0.0,0.0,False,False,0,0,0.0,0.0,False,False,0,0,0.0,0.0,False,False,0,0,0.0,0.0
409828_2018-11-20_12-12-08_filtered_2026-04-09_05-50-16,1,244,0.16388000000006286,False,False,0,0,0.0,0.0,False,False,0,0,0.0,0.0,False,False,0,0,0.0,0.0,False,False,0,0,0.0,0.0,False,False,0,0,0.0,0.0,False,False,0,0,0.0,0.0
409828_2018-11-20_12-12-08_filtered_2026-04-09_05-50-16,1,248,0.16388000000006286,False,False,0,0,0.0,0.0,False,False,0,0,0.0,0.0,False,False,0,0,0.0,0.0,False,False,0,0,0.0,0.0,False,False,0,0,0.0,0.0,False,False,0,0,0.0,0.0
409828_2018-11-20_12-12-08_filtered_2026-04-09_05-50-16,1,249,0.16388000000006286,False,False,0,0,0.0,0.0,False,False,0,0,0.0,0.0,False,False,0,0,0.0,0.0,False,False,0,0,0.0,0.0,False,False,0,0,0.0,0.0,False,False,0,0,0.0,0.0
409828_2018-11-20_12-12-08_filtered_2026-04-09_05-50-16,1,250,0.16388000000006286,False,False,0,0,0.0,0.0,False,False,0,0,0.0,0.0,False,False,0,0,0.0,0.0,False,False,0,0,0.0,0.0,False,False,0,0,0.0,0.0,False,False,0,0,0.0,0.0
409828_2018-11-20_12-12-08_filtered_2026-04-09_05-50-16,1,253,0.16388000000006286,False,False,0,0,0.0,0.0,False,False,0,0,0.0,0.0,False,False,0,0,0.0,0.0,False,False,0,0,0.0,0.0,False,False,0,0,0.0,0.0,False,False,0,0,0.0,0.0
409828_2018-11-20_12-12-08_filtered_2026-04-09_05-50-16,1,260,0.16388000000006286,False,False,0,0,0.0,0.0,False,False,0,0,0.0,0.0,True,False,1,0,1.0,0.0,False,False,0,0,0.0,0.0,False,False,0,0,0.0,0.0,False,False,0,0,0.0,0.0
409828_2018-11-20_12-12-08_filtered_2026-04-09_05-50-16,1,262,0.16388000000006286,False,False,0,0,0.0,0.0,False,False,0,0,0.0,0.0,False,False,0,0,0.0,0.0,False,False,0,0,0.0,0.0,False,False,0,0,0.0,0.0,False,False,0,0,0.0,0.0
409828_2018-11-20_12-12-08_filtered_2026-04-09_05-50-16,1,265,0.16388000000006286,False,False,0,0,0.0,0.0,False,False,0,0,0.0,0.0,False,False,0,0,0.0,0.0,False,False,0,0,0.0,0.0,False,False,0,0,0.0,0.0,False,False,0,0,0.0,0.0
409828_2018-11-20_12-12-08_filtered_2026-04-09_05-50-16,1,266,0.16388000000006286,False,False,0,0,0.0,0.0,False,False,0,0,0.0,0.0,False,False,0,0,0.0,0.0,False,False,0,0,0.0,0.0,False,False,0,0,0.0,0.0,False,False,0,0,0.0,0.0
409828_2018-11-20_12-12-08_filtered_2026-04-09_05-50-16,1,267,0.16388000000006286,False,False,0,0,0.0,0.0,False,False,0,0,0.0,0.0,False,False,0,0,0.0,0.0,False,False,0,0,0.0,0.0,False,False,0,0,0.0,0.0,False,False,0,0,0.0,0.0
409828_2018-11-20_12-12-08_filtered_2026-04-09_05-50-16,1,268,0.16388000000006286,False,False,0,0,0.0,0.0,False,False,0,0,0.0,0.0,False,False,0,0,0.0,0.0,False,False,0,0,0.0,0.0,False,False,0,0,0.0,0.0,False,False,0,0,0.0,0.0
409828_2018-11-20_12-12-08_filtered_2026-04-09_05-50-16,1,269,0.16388000000006286,False,False,0,0,0.0,0.0,False,False,0,0,0.0,0.0,False,False,0,0,0.0,0.0,False,False,0,0,0.0,0.0,False,False,0,0,0.0,0.0,False,False,0,0,0.0,0.0
409828_2018-11-20_12-12-08_filtered_2026-04-09_05-50-16,1,271,0.16388000000006286,False,False,0,0,0.0,0.0,False,False,0,0,0.0,0.0,True,False,1,0,1.0,0.0,False,False,0,0,0.0,0.0,False,False,0,0,0.0,0.0,False,False,0,0,0.0,0.0
409828_2018-11-20_12-12-08_filtered_2026-04-09_05-50-16,1,274,0.16388000000006286,False,False,0,0,0.0,0.0,False,False,0,0,0.0,0.0,False,False,0,0,0.0,0.0,False,False,0,0,0.0,0.0,False,False,0,0,0.0,0.0,False,False,0,0,0.0,0.0
409828_2018-11-20_12-12-08_filtered_2026-04-09_05-50-16,1,280,0.16388000000006286,False,False,0,0,0.0,0.0,False,False,0,0,0.0,0.0,False,False,0,0,0.0,0.0,False,False,0,0,0.0,0.0,False,False,0,0,0.0,0.0,False,False,0,0,0.0,0.0
409828_2018-11-20_12-12-08_filtered_2026-04-09_05-50-16,1,282,0.16388000000006286,False,False,0,0,0.0,0.0,False,True,0,1,0.0,1.0,False,True,0,1,0.0,1.0,False,False,0,0,0.0,0.0,False,False,0,0,0.0,0.0,False,True,0,1,0.0,1.0
409828_2018-11-20_12-12-08_filtered_2026-04-09_05-50-16,1,283,0.16388000000006286,False,False,0,0,0.0,0.0,False,False,0,0,0.0,0.0,False,False,0,0,0.0,0.0,False,False,0,0,0.0,0.0,False,False,0,0,0.0,0.0,False,False,0,0,0.0,0.0
409828_2018-11-20_12-12-08_filtered_2026-04-09_05-50-16,1,284,0.16388000000006286,False,False,0,0,0.0,0.0,False,False,0,0,0.0,0.0,False,False,0,0,0.0,0.0,False,False,0,0,0.0,0.0,False,False,0,0,0.0,0.0,False,False,0,0,0.0,0.0
409828_2018-11-20_12-12-08_filtered_2026-04-09_05-50-16,1,286,0.16388000000006286,False,False,0,0,0.0,0.0,False,False,0,0,0.0,0.0,False,False,0,0,0.0,0.0,False,False,0,0,0.0,0.0,False,False,0,0,0.0,0.0,False,False,0,0,0.0,0.0
409828_2018-11-20_12-12-08_filtered_2026-04-09_05-50-16,1,291,0.16388000000006286,False,False,0,0,0.0,0.0,False,False,0,0,0.0,0.0,False,False,0,0,0.0,0.0,False,False,0,0,0.0,0.0,False,False,0,0,0.0,0.0,False,False,0,0,0.0,0.0
409828_2018-11-20_12-12-08_filtered_2026-04-09_05-50-16,1,295,0.16388000000006286,False,False,0,0,0.0,0.0,False,False,0,0,0.0,0.0,False,False,0,0,0.0,0.0,False,False,0,0,0.0,0.0,False,False,0,0,0.0,0.0,False,False,0,0,0.0,0.0
409828_2018-11-20_12-12-08_filtered_2026-04-09_05-50-16,1,298,0.16388000000006286,False,False,0,0,0.0,0.0,True,False,1,0,1.0,0.0,False,True,0,1,0.0,1.0,False,False,0,0,0.0,0.0,False,False,0,0,0.0,0.0,False,False,0,0,0.0,0.0
409828_2018-11-20_12-12-08_filtered_2026-04-09_05-50-16,1,300,0.16388000000006286,False,False,0,0,0.0,0.0,False,False,0,0,0.0,0.0,False,False,0,0,0.0,0.0,False,False,0,0,0.0,0.0,False,False,0,0,0.0,0.0,False,False,0,0,0.0,0.0
409828_2018-11-20_12-12-08_filtered_2026-04-09_05-50-16,1,323,0.16388000000006286,False,False,0,0,0.0,0.0,False,False,0,0,0.0,0.0,False,False,0,0,0.0,0.0,False,False,0,0,0.0,0.0,False,False,0,0,0.0,0.0,False,False,0,0,0.0,0.0
409828_2018-11-20_12-12-08_filtered_2026-04-09_05-50-16,1,327,0.16388000000006286,False,False,0,0,0.0,0.0,False,False,0,0,0.0,0.0,False,False,0,0,0.0,0.0,False,False,0,0,0.0,0.0,False,False,0,0,0.0,0.0,False,False,0,0,0.0,0.0
409828_2018-11-20_12-12-08_filtered_2026-04-09_05-50-16,1,331,0.16388000000006286,False,False,0,0,0.0,0.0,False,False,0,0,0.0,0.0,False,False,0,0,0.0,0.0,False,False,0,0,0.0,0.0,False,False,0,0,0.0,0.0,False,False,0,0,0.0,0.0
409828_2018-11-20_12-12-08_filtered_2026-04-09_05-50-16,1,337,0.16388000000006286,False,False,0,0,0.0,0.0,False,False,0,0,0.0,0.0,False,True,0,1,0.0,1.0,False,False,0,0,0.0,0.0,False,False,0,0,0.0,0.0,False,False,0,0,0.0,0.0
409828_2018-11-20_12-12-08_filtered_2026-04-09_05-50-16,1,340,0.16388000000006286,False,False,0,0,0.0,0.0,False,False,0,0,0.0,0.0,False,False,0,0,0.0,0.0,False,False,0,0,0.0,0.0,False,False,0,0,0.0,0.0,False,False,0,0,0.0,0.0
409828_2018-11-20_12-12-08_filtered_2026-04-09_05-50-16,1,341,0.16388000000006286,False,False,0,0,0.0,0.0,False,False,0,0,0.0,0.0,False,False,0,0,0.0,0.0,False,False,0,0,0.0,0.0,True,False,1,0,1.0,0.0,False,False,0,0,0.0,0.0
409828_2018-11-20_12-12-08_filtered_2026-04-09_05-50-16,1,342,0.16388000000006286,False,False,0,0,0.0,0.0,False,False,0,0,0.0,0.0,False,False,0,0,0.0,0.0,False,False,0,0,0.0,0.0,False,False,0,0,0.0,0.0,False,False,0,0,0.0,0.0
409828_2018-11-20_12-12-08_filtered_2026-04-09_05-50-16,1,348,0.16388000000006286,False,False,0,0,0.0,0.0,False,False,0,0,0.0,0.0,False,False,0,0,0.0,0.0,False,False,0,0,0.0,0.0,False,False,0,0,0.0,0.0,False,False,0,0,0.0,0.0
409828_2018-11-20_12-12-08_filtered_2026-04-09_05-50-16,1,350,0.16388000000006286,False,False,0,0,0.0,0.0,False,False,0,0,0.0,0.0,False,False,0,0,0.0,0.0,False,False,0,0,0.0,0.0,False,False,0,0,0.0,0.0,False,False,0,0,0.0,0.0
409828_2018-11-20_12-12-08_filtered_2026-04-09_05-50-16,1,352,0.16388000000006286,False,False,0,0,0.0,0.0,False,False,0,0,0.0,0.0,False,False,0,0,0.0,0.0,False,False,0,0,0.0,0.0,False,False,0,0,0.0,0.0,False,False,0,0,0.0,0.0
409828_2018-11-20_12-12-08_filtered_2026-04-09_05-50-16,1,353,0.16388000000006286,False,False,0,0,0.0,0.0,False,False,0,0,0.0,0.0,False,False,0,0,0.0,0.0,False,False,0,0,0.0,0.0,False,False,0,0,0.0,0.0,False,False,0,0,0.0,0.0
409828_2018-11-20_12-12-08_filtered_2026-04-09_05-50-16,1,355,0.16388000000006286,False,False,0,0,0.0,0.0,False,False,0,0,0.0,0.0,False,False,0,0,0.0,0.0,False,False,0,0,0.0,0.0,False,False,0,0,0.0,0.0,False,False,0,0,0.0,0.0
409828_2018-11-20_12-12-08_filtered_2026-04-09_05-50-16,1,372,0.16388000000006286,False,False,0,0,0.0,0.0,False,False,0,0,0.0,0.0,False,False,0,0,0.0,0.0,False,False,0,0,0.0,0.0,False,False,0,0,0.0,0.0,False,False,0,0,0.0,0.0
409828_2018-11-20_12-12-08_filtered_2026-04-09_05-50-16,1,377,0.16388000000006286,False,False,0,0,0.0,0.0,False,False,0,0,0.0,0.0,False,False,0,0,0.0,0.0,False,False,0,0,0.0,0.0,False,False,0,0,0.0,0.0,False,False,0,0,0.0,0.0
409828_2018-11-20_12-12-08_filtered_2026-04-09_05-50-16,1,383,0.16388000000006286,False,False,0,0,0.0,0.0,False,False,0,0,0.0,0.0,True,False,2,0,0.5,0.0,False,False,0,0,0.0,0.0,False,False,0,0,0.0,0.0,False,False,0,0,0.0,0.0
409828_2018-11-20_12-12-08_filtered_2026-04-09_05-50-16,1,386,0.16388000000006286,False,False,0,0,0.0,0.0,False,False,0,0,0.0,0.0,False,False,0,0,0.0,0.0,False,False,0,0,0.0,0.0,False,False,0,0,0.0,0.0,False,False,0,0,0.0,0.0
409828_2018-11-20_12-12-08_filtered_2026-04-09_05-50-16,1,388,0.16388000000006286,False,True,0,1,0.0,1.0,False,True,0,2,0.0,0.75,True,True,5,5,0.2,0.5,False,True,0,1,0.0,1.0,False,True,0,1,0.0,1.0,True,True,2,2,0.5,0.8
409828_2018-11-20_12-12-08_filtered_2026-04-09_05-50-16,1,391,0.16388000000006286,True,False,1,0,1.0,0.0,False,False,0,0,0.0,0.0,False,False,0,0,0.0,0.0,False,False,0,0,0.0,0.0,False,False,0,0,0.0,0.0,False,False,0,0,0.0,0.0
409828_2018-11-20_12-12-08_filtered_2026-04-09_05-50-16,1,392,0.16388000000006286,False,False,0,0,0.0,0.0,False,False,0,0,0.0,0.0,False,False,0,0,0.0,0.0,False,False,0,0,0.0,0.0,False,False,0,0,0.0,0.0,False,True,0,1,0.0,1.0
409828_2018-11-20_12-12-08_filtered_2026-04-09_05-50-16,1,393,0.16388000000006286,True,True,1,1,1.0,1.0,False,True,0,1,0.0,1.0,False,True,0,2,0.0,0.6666666666666666,False,True,0,1,0.0,1.0,False,True,0,1,0.0,1.0,True,True,2,1,0.5,1.0
409828_2018-11-20_12-12-08_filtered_2026-04-09_05-50-16,1,411,0.16388000000006286,False,False,0,0,0.0,0.0,False,False,0,0,0.0,0.0,False,False,0,0,0.0,0.0,False,False,0,0,0.0,0.0,False,False,0,0,0.0,0.0,False,False,0,0,0.0,0.0
409828_2018-11-20_12-12-08_filtered_2026-04-09_05-50-16,1,418,0.16388000000006286,False,False,0,0,0.0,0.0,False,False,0,0,0.0,0.0,False,False,0,0,0.0,0.0,False,False,0,0,0.0,0.0,False,False,0,0,0.0,0.0,False,False,0,0,0.0,0.0
409828_2018-11-20_12-12-08_filtered_2026-04-09_05-50-16,1,420,0.16388000000006286,False,False,0,0,0.0,0.0,False,False,0,0,0.0,0.0,False,False,0,0,0.0,0.0,False,False,0,0,0.0,0.0,False,False,0,0,0.0,0.0,False,False,0,0,0.0,0.0
409828_2018-11-20_12-12-08_filtered_2026-04-09_05-50-16,1,450,0.16388000000006286,False,False,0,0,0.0,0.0,False,False,0,0,0.0,0.0,False,False,0,0,0.0,0.0,False,False,0,0,0.0,0.0,False,False,0,0,0.0,0.0,False,False,0,0,0.0,0.0
409828_2018-11-20_12-12-08_filtered_2026-04-09_05-50-16,1,466,0.16388000000006286,False,True,0,2,0.0,0.5,False,True,0,3,0.0,0.6666666666666666,True,True,1,2,1.0,0.8,False,False,0,0,0.0,0.0,False,True,0,1,0.0,1.0,True,True,1,4,1.0,0.5714285714285714
409828_2018-11-20_12-12-08_filtered_2026-04-09_05-50-16,1,473,0.16388000000006286,False,False,0,0,0.0,0.0,False,False,0,0,0.0,0.0,False,False,0,0,0.0,0.0,False,False,0,0,0.0,0.0,False,False,0,0,0.0,0.0,False,False,0,0,0.0,0.0
409828_2018-11-20_12-12-08_filtered_2026-04-09_05-50-16,1,488,0.16388000000006286,False,False,0,0,0.0,0.0,False,False,0,0,0.0,0.0,False,False,0,0,0.0,0.0,False,False,0,0,0.0,0.0,False,False,0,0,0.0,0.0,False,False,0,0,0.0,0.0
409828_2018-11-20_12-12-08_filtered_2026-04-09_05-50-16,1,492,0.16388000000006286,False,False,0,0,0.0,0.0,False,False,0,0,0.0,0.0,False,False,0,0,0.0,0.0,False,False,0,0,0.0,0.0,False,False,0,0,0.0,0.0,False,False,0,0,0.0,0.0
409828_2018-11-20_12-12-08_filtered_2026-04-09_05-50-16,1,508,0.16388000000006286,False,False,0,0,0.0,0.0,False,False,0,0,0.0,0.0,False,True,0,1,0.0,1.0,False,False,0,0,0.0,0.0,False,True,0,1,0.0,1.0,False,True,0,1,0.0,1.0
409828_2018-11-20_12-12-08_filtered_2026-04-09_05-50-16,1,543,0.16388000000006286,False,False,0,0,0.0,0.0,False,True,0,1,0.0,1.0,False,True,0,1,0.0,1.0,False,False,0,0,0.0,0.0,False,True,0,1,0.0,1.0,False,True,0,1,0.0,1.0
409828_2018-11-20_12-12-08_filtered_2026-04-09_05-50-16,1,548,0.16388000000006286,False,False,0,0,0.0,0.0,False,False,0,0,0.0,0.0,False,False,0,0,0.0,0.0,False,False,0,0,0.0,0.0,False,False,0,0,0.0,0.0,False,False,0,0,0.0,0.0
409828_2018-11-20_12-12-08_filtered_2026-04-09_05-50-16,1,559,0.16388000000006286,False,False,0,0,0.0,0.0,False,False,0,0,0.0,0.0,False,False,0,0,0.0,0.0,False,False,0,0,0.0,0.0,False,False,0,0,0.0,0.0,False,False,0,0,0.0,0.0
409828_2018-11-20_12-12-08_filtered_2026-04-09_05-50-16,1,608,0.16388000000006286,False,False,0,0,0.0,0.0,False,False,0,0,0.0,0.0,False,False,0,0,0.0,0.0,False,False,0,0,0.0,0.0,False,False,0,0,0.0,0.0,False,False,0,0,0.0,0.0
409828_2018-11-20_12-12-08_filtered_2026-04-09_05-50-16,2,0,0.16388000000006286,False,False,0,0,0.0,0.0,False,False,0,0,0.0,0.0,False,False,0,0,0.0,0.0,False,False,0,0,0.0,0.0,False,False,0,0,0.0,0.0,False,False,0,0,0.0,0.0
409828_2018-11-20_12-12-08_filtered_2026-04-09_05-50-16,2,1,0.16388000000006286,False,False,0,0,0.0,0.0,False,False,0,0,0.0,0.0,False,False,0,0,0.0,0.0,False,False,0,0,0.0,0.0,False,False,0,0,0.0,0.0,False,False,0,0,0.0,0.0
409828_2018-11-20_12-12-08_filtered_2026-04-09_05-50-16,2,2,0.16388000000006286,False,False,0,0,0.0,0.0,False,False,0,0,0.0,0.0,False,False,0,0,0.0,0.0,False,False,0,0,0.0,0.0,False,False,0,0,0.0,0.0,False,False,0,0,0.0,0.0
409828_2018-11-20_12-12-08_filtered_2026-04-09_05-50-16,2,3,0.16388000000006286,False,False,0,0,0.0,0.0,False,False,0,0,0.0,0.0,False,False,0,0,0.0,0.0,False,False,0,0,0.0,0.0,False,False,0,0,0.0,0.0,False,False,0,0,0.0,0.0
409828_2018-11-20_12-12-08_filtered_2026-04-09_05-50-16,2,4,0.16388000000006286,False,False,0,0,0.0,0.0,False,False,0,0,0.0,0.0,False,False,0,0,0.0,0.0,False,False,0,0,0.0,0.0,False,False,0,0,0.0,0.0,False,False,0,0,0.0,0.0
409828_2018-11-20_12-12-08_filtered_2026-04-09_05-50-16,2,5,0.16388000000006286,False,False,0,0,0.0,0.0,False,False,0,0,0.0,0.0,False,False,0,0,0.0,0.0,False,False,0,0,0.0,0.0,False,False,0,0,0.0,0.0,False,False,0,0,0.0,0.0
409828_2018-11-20_12-12-08_filtered_2026-04-09_05-50-16,2,6,0.16388000000006286,False,False,0,0,0.0,0.0,False,False,0,0,0.0,0.0,False,False,0,0,0.0,0.0,False,False,0,0,0.0,0.0,False,False,0,0,0.0,0.0,False,False,0,0,0.0,0.0
409828_2018-11-20_12-12-08_filtered_2026-04-09_05-50-16,2,7,0.16388000000006286,False,False,0,0,0.0,0.0,False,False,0,0,0.0,0.0,False,False,0,0,0.0,0.0,False,False,0,0,0.0,0.0,False,False,0,0,0.0,0.0,False,False,0,0,0.0,0.0
409828_2018-11-20_12-12-08_filtered_2026-04-09_05-50-16,2,8,0.16388000000006286,False,False,0,0,0.0,0.0,False,False,0,0,0.0,0.0,False,False,0,0,0.0,0.0,False,False,0,0,0.0,0.0,False,False,0,0,0.0,0.0,False,False,0,0,0.0,0.0
409828_2018-11-20_12-12-08_filtered_2026-04-09_05-50-16,2,9,0.16388000000006286,False,False,0,0,0.0,0.0,False,False,0,0,0.0,0.0,False,False,0,0,0.0,0.0,False,False,0,0,0.0,0.0,False,False,0,0,0.0,0.0,False,False,0,0,0.0,0.0
409828_2018-11-20_12-12-08_filtered_2026-04-09_05-50-16,2,10,0.16388000000006286,False,False,0,0,0.0,0.0,False,False,0,0,0.0,0.0,False,False,0,0,0.0,0.0,False,False,0,0,0.0,0.0,False,False,0,0,0.0,0.0,False,False,0,0,0.0,0.0
409828_2018-11-20_12-12-08_filtered_2026-04-09_05-50-16,2,11,0.16388000000006286,False,False,0,0,0.0,0.0,False,False,0,0,0.0,0.0,False,True,0,1,0.0,1.0,False,False,0,0,0.0,0.0,False,False,0,0,0.0,0.0,True,True,1,1,1.0,1.0
409828_2018-11-20_12-12-08_filtered_2026-04-09_05-50-16,2,12,0.16388000000006286,False,False,0,0,0.0,0.0,False,False,0,0,0.0,0.0,False,False,0,0,0.0,0.0,False,False,0,0,0.0,0.0,False,False,0,0,0.0,0.0,False,False,0,0,0.0,0.0
409828_2018-11-20_12-12-08_filtered_2026-04-09_05-50-16,2,13,0.16388000000006286,False,False,0,0,0.0,0.0,False,False,0,0,0.0,0.0,False,False,0,0,0.0,0.0,False,False,0,0,0.0,0.0,False,False,0,0,0.0,0.0,False,False,0,0,0.0,0.0
409828_2018-11-20_12-12-08_filtered_2026-04-09_05-50-16,2,14,0.16388000000006286,False,False,0,0,0.0,0.0,False,False,0,0,0.0,0.0,False,False,0,0,0.0,0.0,False,False,0,0,0.0,0.0,False,False,0,0,0.0,0.0,False,False,0,0,0.0,0.0
409828_2018-11-20_12-12-08_filtered_2026-04-09_05-50-16,2,15,0.16388000000006286,False,False,0,0,0.0,0.0,False,False,0,0,0.0,0.0,False,False,0,0,0.0,0.0,False,False,0,0,0.0,0.0,False,False,0,0,0.0,0.0,False,False,0,0,0.0,0.0
409828_2018-11-20_12-12-08_filtered_2026-04-09_05-50-16,2,16,0.16388000000006286,False,False,0,0,0.0,0.0,False,False,0,0,0.0,0.0,False,False,0,0,0.0,0.0,False,False,0,0,0.0,0.0,False,False,0,0,0.0,0.0,False,False,0,0,0.0,0.0
409828_2018-11-20_12-12-08_filtered_2026-04-09_05-50-16,2,17,0.16388000000006286,False,False,0,0,0.0,0.0,False,False,0,0,0.0,0.0,False,False,0,0,0.0,0.0,False,False,0,0,0.0,0.0,False,False,0,0,0.0,0.0,False,False,0,0,0.0,0.0
409828_2018-11-20_12-12-08_filtered_2026-04-09_05-50-16,2,18,0.16388000000006286,False,False,0,0,0.0,0.0,False,False,0,0,0.0,0.0,False,True,0,1,0.0,1.0,False,False,0,0,0.0,0.0,False,True,0,1,0.0,1.0,False,True,0,1,0.0,1.0
409828_2018-11-20_12-12-08_filtered_2026-04-09_05-50-16,2,19,0.16388000000006286,False,False,0,0,0.0,0.0,False,False,0,0,0.0,0.0,False,False,0,0,0.0,0.0,False,False,0,0,0.0,0.0,False,False,0,0,0.0,0.0,False,False,0,0,0.0,0.0
409828_2018-11-20_12-12-08_filtered_2026-04-09_05-50-16,2,20,0.16388000000006286,False,False,0,0,0.0,0.0,False,False,0,0,0.0,0.0,False,False,0,0,0.0,0.0,False,False,0,0,0.0,0.0,False,False,0,0,0.0,0.0,False,False,0,0,0.0,0.0
409828_2018-11-20_12-12-08_filtered_2026-04-09_05-50-16,2,21,0.16388000000006286,False,False,0,0,0.0,0.0,False,False,0,0,0.0,0.0,False,False,0,0,0.0,0.0,False,False,0,0,0.0,0.0,False,False,0,0,0.0,0.0,False,False,0,0,0.0,0.0
409828_2018-11-20_12-12-08_filtered_2026-04-09_05-50-16,2,22,0.16388000000006286,False,False,0,0,0.0,0.0,False,False,0,0,0.0,0.0,False,False,0,0,0.0,0.0,False,False,0,0,0.0,0.0,False,False,0,0,0.0,0.0,False,False,0,0,0.0,0.0
409828_2018-11-20_12-12-08_filtered_2026-04-09_05-50-16,2,23,0.16388000000006286,False,False,0,0,0.0,0.0,False,False,0,0,0.0,0.0,False,False,0,0,0.0,0.0,False,False,0,0,0.0,0.0,False,False,0,0,0.0,0.0,False,False,0,0,0.0,0.0
409828_2018-11-20_12-12-08_filtered_2026-04-09_05-50-16,2,24,0.16388000000006286,False,False,0,0,0.0,0.0,False,False,0,0,0.0,0.0,False,False,0,0,0.0,0.0,False,False,0,0,0.0,0.0,False,False,0,0,0.0,0.0,False,False,0,0,0.0,0.0
409828_2018-11-20_12-12-08_filtered_2026-04-09_05-50-16,2,25,0.16388000000006286,False,False,0,0,0.0,0.0,False,False,0,0,0.0,0.0,False,False,0,0,0.0,0.0,False,False,0,0,0.0,0.0,False,False,0,0,0.0,0.0,False,False,0,0,0.0,0.0
409828_2018-11-20_12-12-08_filtered_2026-04-09_05-50-16,2,26,0.16388000000006286,False,False,0,0,0.0,0.0,False,False,0,0,0.0,0.0,False,False,0,0,0.0,0.0,False,False,0,0,0.0,0.0,False,False,0,0,0.0,0.0,False,False,0,0,0.0,0.0
409828_2018-11-20_12-12-08_filtered_2026-04-09_05-50-16,2,27,0.16388000000006286,False,False,0,0,0.0,0.0,False,False,0,0,0.0,0.0,False,False,0,0,0.0,0.0,False,False,0,0,0.0,0.0,False,False,0,0,0.0,0.0,False,False,0,0,0.0,0.0
409828_2018-11-20_12-12-08_filtered_2026-04-09_05-50-16,2,28,0.16388000000006286,False,False,0,0,0.0,0.0,False,False,0,0,0.0,0.0,False,False,0,0,0.0,0.0,False,False,0,0,0.0,0.0,False,False,0,0,0.0,0.0,False,False,0,0,0.0,0.0
409828_2018-11-20_12-12-08_filtered_2026-04-09_05-50-16,2,29,0.16388000000006286,False,True,0,1,0.0,1.0,True,True,13,10,0.07692307692307693,0.1875,True,True,7,9,0.2222222222222222,0.21428571428571427,False,True,0,1,0.0,1.0,True,True,1,1,1.0,1.0,True,True,5,9,0.2,0.26666666666666666
409828_2018-11-20_12-12-08_filtered_2026-04-09_05-50-16,2,30,0.16388000000006286,False,False,0,0,0.0,0.0,False,False,0,0,0.0,0.0,False,False,0,0,0.0,0.0,False,False,0,0,0.0,0.0,False,False,0,0,0.0,0.0,False,False,0,0,0.0,0.0
409828_2018-11-20_12-12-08_filtered_2026-04-09_05-50-16,2,31,0.16388000000006286,False,False,0,0,0.0,0.0,False,False,0,0,0.0,0.0,False,False,0,0,0.0,0.0,False,False,0,0,0.0,0.0,False,False,0,0,0.0,0.0,False,False,0,0,0.0,0.0
409828_2018-11-20_12-12-08_filtered_2026-04-09_05-50-16,2,32,0.16388000000006286,False,False,0,0,0.0,0.0,False,False,0,0,0.0,0.0,False,False,0,0,0.0,0.0,False,False,0,0,0.0,0.0,False,False,0,0,0.0,0.0,False,False,0,0,0.0,0.0
409828_2018-11-20_12-12-08_filtered_2026-04-09_05-50-16,2,33,0.16388000000006286,False,False,0,0,0.0,0.0,True,False,1,0,1.0,0.0,False,True,0,4,0.0,0.25,False,False,0,0,0.0,0.0,False,True,0,1,0.0,1.0,False,True,0,1,0.0,1.0
409828_2018-11-20_12-12-08_filtered_2026-04-09_05-50-16,2,34,0.16388000000006286,False,False,0,0,0.0,0.0,False,False,0,0,0.0,0.0,False,False,0,0,0.0,0.0,False,False,0,0,0.0,0.0,False,False,0,0,0.0,0.0,False,False,0,0,0.0,0.0
409828_2018-11-20_12-12-08_filtered_2026-04-09_05-50-16,2,35,0.16388000000006286,False,False,0,0,0.0,0.0,False,False,0,0,0.0,0.0,False,False,0,0,0.0,0.0,False,False,0,0,0.0,0.0,False,False,0,0,0.0,0.0,False,False,0,0,0.0,0.0
409828_2018-11-20_12-12-08_filtered_2026-04-09_05-50-16,2,36,0.16388000000006286,False,False,0,0,0.0,0.0,False,False,0,0,0.0,0.0,False,False,0,0,0.0,0.0,False,False,0,0,0.0,0.0,False,False,0,0,0.0,0.0,False,False,0,0,0.0,0.0
409828_2018-11-20_12-12-08_filtered_2026-04-09_05-50-16,2,37,0.16388000000006286,False,False,0,0,0.0,0.0,False,False,0,0,0.0,0.0,False,False,0,0,0.0,0.0,False,False,0,0,0.0,0.0,False,False,0,0,0.0,0.0,False,False,0,0,0.0,0.0
409828_2018-11-20_12-12-08_filtered_2026-04-09_05-50-16,2,38,0.16388000000006286,False,False,0,0,0.0,0.0,False,False,0,0,0.0,0.0,False,False,0,0,0.0,0.0,False,False,0,0,0.0,0.0,False,False,0,0,0.0,0.0,False,False,0,0,0.0,0.0
409828_2018-11-20_12-12-08_filtered_2026-04-09_05-50-16,2,39,0.16388000000006286,True,True,8,7,0.125,0.25,True,True,13,24,0.2727272727272727,0.10256410256410256,True,True,10,15,0.2830188679245283,0.6071428571428571,True,True,5,3,0.3333333333333333,0.3333333333333333,True,True,5,16,0.5869565217391305,0.17777777777777778,True,True,1,1,1.0,1.0
409828_2018-11-20_12-12-08_filtered_2026-04-09_05-50-16,2,40,0.16388000000006286,False,False,0,0,0.0,0.0,False,False,0,0,0.0,0.0,False,False,0,0,0.0,0.0,False,False,0,0,0.0,0.0,False,False,0,0,0.0,0.0,False,False,0,0,0.0,0.0
409828_2018-11-20_12-12-08_filtered_2026-04-09_05-50-16,2,41,0.16388000000006286,False,False,0,0,0.0,0.0,False,False,0,0,0.0,0.0,False,False,0,0,0.0,0.0,False,False,0,0,0.0,0.0,False,False,0,0,0.0,0.0,False,False,0,0,0.0,0.0
409828_2018-11-20_12-12-08_filtered_2026-04-09_05-50-16,2,42,0.16388000000006286,False,False,0,0,0.0,0.0,False,False,0,0,0.0,0.0,False,False,0,0,0.0,0.0,False,False,0,0,0.0,0.0,False,False,0,0,0.0,0.0,False,False,0,0,0.0,0.0
409828_2018-11-20_12-12-08_filtered_2026-04-09_05-50-16,2,43,0.16388000000006286,False,False,0,0,0.0,0.0,False,False,0,0,0.0,0.0,False,False,0,0,0.0,0.0,False,False,0,0,0.0,0.0,False,False,0,0,0.0,0.0,False,False,0,0,0.0,0.0
409828_2018-11-20_12-12-08_filtered_2026-04-09_05-50-16,2,44,0.16388000000006286,False,False,0,0,0.0,0.0,False,False,0,0,0.0,0.0,False,False,0,0,0.0,0.0,False,False,0,0,0.0,0.0,False,False,0,0,0.0,0.0,False,False,0,0,0.0,0.0
409828_2018-11-20_12-12-08_filtered_2026-04-09_05-50-16,2,45,0.16388000000006286,False,False,0,0,0.0,0.0,False,False,0,0,0.0,0.0,False,False,0,0,0.0,0.0,False,False,0,0,0.0,0.0,False,False,0,0,0.0,0.0,False,False,0,0,0.0,0.0
409828_2018-11-20_12-12-08_filtered_2026-04-09_05-50-16,2,46,0.16388000000006286,False,False,0,0,0.0,0.0,False,False,0,0,0.0,0.0,False,False,0,0,0.0,0.0,False,False,0,0,0.0,0.0,False,False,0,0,0.0,0.0,False,False,0,0,0.0,0.0
409828_2018-11-20_12-12-08_filtered_2026-04-09_05-50-16,2,47,0.16388000000006286,False,False,0,0,0.0,0.0,False,False,0,0,0.0,0.0,False,False,0,0,0.0,0.0,False,False,0,0,0.0,0.0,False,False,0,0,0.0,0.0,False,False,0,0,0.0,0.0
409828_2018-11-20_12-12-08_filtered_2026-04-09_05-50-16,2,48,0.16388000000006286,False,False,0,0,0.0,0.0,False,False,0,0,0.0,0.0,False,False,0,0,0.0,0.0,False,False,0,0,0.0,0.0,False,False,0,0,0.0,0.0,False,False,0,0,0.0,0.0
409828_2018-11-20_12-12-08_filtered_2026-04-09_05-50-16,2,49,0.16388000000006286,False,False,0,0,0.0,0.0,False,False,0,0,0.0,0.0,False,False,0,0,0.0,0.0,False,False,0,0,0.0,0.0,False,False,0,0,0.0,0.0,False,False,0,0,0.0,0.0
409828_2018-11-20_12-12-08_filtered_2026-04-09_05-50-16,2,50,0.16388000000006286,False,False,0,0,0.0,0.0,False,False,0,0,0.0,0.0,False,False,0,0,0.0,0.0,False,False,0,0,0.0,0.0,False,False,0,0,0.0,0.0,False,False,0,0,0.0,0.0
409828_2018-11-20_12-12-08_filtered_2026-04-09_05-50-16,2,51,0.16388000000006286,False,False,0,0,0.0,0.0,False,False,0,0,0.0,0.0,False,True,0,1,0.0,1.0,False,False,0,0,0.0,0.0,False,False,0,0,0.0,0.0,False,False,0,0,0.0,0.0
409828_2018-11-20_12-12-08_filtered_2026-04-09_05-50-16,2,52,0.16388000000006286,True,True,1,4,1.0,0.25,True,True,3,1,0.3333333333333333,1.0,True,True,5,5,0.2,0.2857142857142857,False,True,0,1,0.0,1.0,True,True,1,1,1.0,1.0,True,True,2,3,0.5,0.5
409828_2018-11-20_12-12-08_filtered_2026-04-09_05-50-16,2,53,0.16388000000006286,False,False,0,0,0.0,0.0,False,False,0,0,0.0,0.0,False,False,0,0,0.0,0.0,False,False,0,0,0.0,0.0,False,False,0,0,0.0,0.0,False,False,0,0,0.0,0.0
409828_2018-11-20_12-12-08_filtered_2026-04-09_05-50-16,2,54,0.16388000000006286,True,True,5,5,0.2,0.2,True,True,13,10,0.22727272727272727,0.21428571428571427,True,True,12,15,0.3902439024390244,0.16666666666666666,True,False,1,0,1.0,0.0,True,True,6,9,0.45454545454545453,0.2,True,True,15,19,0.3170731707317073,0.2619047619047619
409828_2018-11-20_12-12-08_filtered_2026-04-09_05-50-16,2,55,0.16388000000006286,False,False,0,0,0.0,0.0,False,False,0,0,0.0,0.0,False,False,0,0,0.0,0.0,False,False,0,0,0.0,0.0,False,False,0,0,0.0,0.0,False,False,0,0,0.0,0.0
409828_2018-11-20_12-12-08_filtered_2026-04-09_05-50-16,2,56,0.16388000000006286,False,False,0,0,0.0,0.0,False,False,0,0,0.0,0.0,False,False,0,0,0.0,0.0,False,False,0,0,0.0,0.0,False,False,0,0,0.0,0.0,False,False,0,0,0.0,0.0
409828_2018-11-20_12-12-08_filtered_2026-04-09_05-50-16,2,57,0.16388000000006286,False,False,0,0,0.0,0.0,False,False,0,0,0.0,0.0,False,False,0,0,0.0,0.0,False,False,0,0,0.0,0.0,False,False,0,0,0.0,0.0,False,False,0,0,0.0,0.0
409828_2018-11-20_12-12-08_filtered_2026-04-09_05-50-16,2,58,0.16388000000006286,False,False,0,0,0.0,0.0,False,False,0,0,0.0,0.0,False,False,0,0,0.0,0.0,False,False,0,0,0.0,0.0,False,False,0,0,0.0,0.0,False,False,0,0,0.0,0.0
409828_2018-11-20_12-12-08_filtered_2026-04-09_05-50-16,2,59,0.16388000000006286,False,False,0,0,0.0,0.0,False,False,0,0,0.0,0.0,False,False,0,0,0.0,0.0,False,False,0,0,0.0,0.0,False,False,0,0,0.0,0.0,False,False,0,0,0.0,0.0
409828_2018-11-20_12-12-08_filtered_2026-04-09_05-50-16,2,60,0.16388000000006286,False,True,0,2,0.0,0.5,True,True,3,7,0.3333333333333333,0.25,True,True,4,4,0.25,0.3333333333333333,False,True,0,1,0.0,1.0,False,True,0,2,0.0,0.6666666666666666,True,True,2,4,0.5,0.3333333333333333
409828_2018-11-20_12-12-08_filtered_2026-04-09_05-50-16,2,61,0.16388000000006286,False,False,0,0,0.0,0.0,False,False,0,0,0.0,0.0,False,False,0,0,0.0,0.0,False,False,0,0,0.0,0.0,False,False,0,0,0.0,0.0,False,False,0,0,0.0,0.0
409828_2018-11-20_12-12-08_filtered_2026-04-09_05-50-16,2,62,0.16388000000006286,False,False,0,0,0.0,0.0,False,False,0,0,0.0,0.0,True,False,1,0,1.0,0.0,False,False,0,0,0.0,0.0,False,False,0,0,0.0,0.0,True,False,1,0,1.0,0.0
409828_2018-11-20_12-12-08_filtered_2026-04-09_05-50-16,2,63,0.16388000000006286,False,False,0,0,0.0,0.0,False,False,0,0,0.0,0.0,False,False,0,0,0.0,0.0,False,False,0,0,0.0,0.0,False,False,0,0,0.0,0.0,False,False,0,0,0.0,0.0
409828_2018-11-20_12-12-08_filtered_2026-04-09_05-50-16,2,64,0.16388000000006286,False,False,0,0,0.0,0.0,False,False,0,0,0.0,0.0,False,False,0,0,0.0,0.0,False,False,0,0,0.0,0.0,False,False,0,0,0.0,0.0,False,False,0,0,0.0,0.0
409828_2018-11-20_12-12-08_filtered_2026-04-09_05-50-16,2,65,0.16388000000006286,False,False,0,0,0.0,0.0,False,False,0,0,0.0,0.0,False,False,0,0,0.0,0.0,False,False,0,0,0.0,0.0,False,False,0,0,0.0,0.0,False,False,0,0,0.0,0.0
409828_2018-11-20_12-12-08_filtered_2026-04-09_05-50-16,2,66,0.16388000000006286,True,False,1,0,1.0,0.0,True,False,1,0,1.0,0.0,True,True,3,3,0.3333333333333333,0.5,False,False,0,0,0.0,0.0,True,False,1,0,1.0,0.0,True,True,3,2,0.5,0.6666666666666666
409828_2018-11-20_12-12-08_filtered_2026-04-09_05-50-16,2,67,0.16388000000006286,False,False,0,0,0.0,0.0,False,False,0,0,0.0,0.0,False,False,0,0,0.0,0.0,False,False,0,0,0.0,0.0,False,False,0,0,0.0,0.0,False,False,0,0,0.0,0.0
409828_2018-11-20_12-12-08_filtered_2026-04-09_05-50-16,2,68,0.16388000000006286,False,False,0,0,0.0,0.0,False,False,0,0,0.0,0.0,False,False,0,0,0.0,0.0,False,False,0,0,0.0,0.0,False,False,0,0,0.0,0.0,False,False,0,0,0.0,0.0
409828_2018-11-20_12-12-08_filtered_2026-04-09_05-50-16,2,69,0.16388000000006286,False,True,0,1,0.0,1.0,False,False,0,0,0.0,0.0,False,False,0,0,0.0,0.0,False,False,0,0,0.0,0.0,False,False,0,0,0.0,0.0,False,False,0,0,0.0,0.0
409828_2018-11-20_12-12-08_filtered_2026-04-09_05-50-16,2,70,0.16388000000006286,True,True,14,8,0.13333333333333333,0.2727272727272727,True,True,10,15,0.4117647058823529,0.15151515151515152,True,True,9,10,0.3898305084745763,0.49122807017543857,True,False,1,0,1.0,0.0,True,True,12,4,0.26666666666666666,0.25,True,True,6,11,0.417910447761194,0.3508771929824561
409828_2018-11-20_12-12-08_filtered_2026-04-09_05-50-16,2,71,0.16388000000006286,False,False,0,0,0.0,0.0,False,False,0,0,0.0,0.0,False,False,0,0,0.0,0.0,False,False,0,0,0.0,0.0,False,False,0,0,0.0,0.0,False,False,0,0,0.0,0.0
409828_2018-11-20_12-12-08_filtered_2026-04-09_05-50-16,2,72,0.16388000000006286,False,False,0,0,0.0,0.0,False,False,0,0,0.0,0.0,False,False,0,0,0.0,0.0,False,False,0,0,0.0,0.0,False,False,0,0,0.0,0.0,True,False,1,0,1.0,0.0
409828_2018-11-20_12-12-08_filtered_2026-04-09_05-50-16,2,73,0.16388000000006286,False,False,0,0,0.0,0.0,False,False,0,0,0.0,0.0,True,True,1,2,1.0,0.6666666666666666,False,True,0,1,0.0,1.0,False,True,0,1,0.0,1.0,True,True,1,2,1.0,0.5
409828_2018-11-20_12-12-08_filtered_2026-04-09_05-50-16,2,74,0.16388000000006286,False,False,0,0,0.0,0.0,False,False,0,0,0.0,0.0,False,False,0,0,0.0,0.0,False,False,0,0,0.0,0.0,False,False,0,0,0.0,0.0,False,False,0,0,0.0,0.0
409828_2018-11-20_12-12-08_filtered_2026-04-09_05-50-16,2,75,0.16388000000006286,False,False,0,0,0.0,0.0,False,False,0,0,0.0,0.0,False,False,0,0,0.0,0.0,False,False,0,0,0.0,0.0,False,False,0,0,0.0,0.0,False,False,0,0,0.0,0.0
409828_2018-11-20_12-12-08_filtered_2026-04-09_05-50-16,2,76,0.16388000000006286,False,False,0,0,0.0,0.0,False,False,0,0,0.0,0.0,False,False,0,0,0.0,0.0,False,False,0,0,0.0,0.0,False,False,0,0,0.0,0.0,False,False,0,0,0.0,0.0
409828_2018-11-20_12-12-08_filtered_2026-04-09_05-50-16,2,77,0.16388000000006286,False,False,0,0,0.0,0.0,False,True,0,1,0.0,1.0,False,True,0,1,0.0,1.0,False,False,0,0,0.0,0.0,False,True,0,1,0.0,1.0,False,False,0,0,0.0,0.0
409828_2018-11-20_12-12-08_filtered_2026-04-09_05-50-16,2,78,0.16388000000006286,False,False,0,0,0.0,0.0,False,False,0,0,0.0,0.0,False,False,0,0,0.0,0.0,False,False,0,0,0.0,0.0,False,False,0,0,0.0,0.0,False,False,0,0,0.0,0.0
409828_2018-11-20_12-12-08_filtered_2026-04-09_05-50-16,2,79,0.16388000000006286,False,False,0,0,0.0,0.0,False,False,0,0,0.0,0.0,False,False,0,0,0.0,0.0,False,False,0,0,0.0,0.0,False,False,0,0,0.0,0.0,False,False,0,0,0.0,0.0
409828_2018-11-20_12-12-08_filtered_2026-04-09_05-50-16,2,80,0.16388000000006286,False,False,0,0,0.0,0.0,False,False,0,0,0.0,0.0,False,False,0,0,0.0,0.0,False,False,0,0,0.0,0.0,False,False,0,0,0.0,0.0,False,False,0,0,0.0,0.0
409828_2018-11-20_12-12-08_filtered_2026-04-09_05-50-16,2,81,0.16388000000006286,False,False,0,0,0.0,0.0,False,False,0,0,0.0,0.0,False,False,0,0,0.0,0.0,False,False,0,0,0.0,0.0,False,False,0,0,0.0,0.0,False,False,0,0,0.0,0.0
409828_2018-11-20_12-12-08_filtered_2026-04-09_05-50-16,2,82,0.16388000000006286,True,False,1,0,1.0,0.0,True,True,3,6,0.6,0.2857142857142857,True,True,10,9,0.35294117647058826,0.375,True,False,1,0,1.0,0.0,True,True,2,2,0.75,0.75,True,True,12,11,0.2727272727272727,0.36363636363636365
409828_2018-11-20_12-12-08_filtered_2026-04-09_05-50-16,2,83,0.16388000000006286,False,False,0,0,0.0,0.0,False,False,0,0,0.0,0.0,False,False,0,0,0.0,0.0,False,False,0,0,0.0,0.0,False,False,0,0,0.0,0.0,False,False,0,0,0.0,0.0
409828_2018-11-20_12-12-08_filtered_2026-04-09_05-50-16,2,84,0.16388000000006286,False,False,0,0,0.0,0.0,False,False,0,0,0.0,0.0,False,False,0,0,0.0,0.0,False,False,0,0,0.0,0.0,False,False,0,0,0.0,0.0,False,False,0,0,0.0,0.0
409828_2018-11-20_12-12-08_filtered_2026-04-09_05-50-16,2,85,0.16388000000006286,False,False,0,0,0.0,0.0,False,False,0,0,0.0,0.0,False,False,0,0,0.0,0.0,False,False,0,0,0.0,0.0,False,False,0,0,0.0,0.0,False,False,0,0,0.0,0.0
409828_2018-11-20_12-12-08_filtered_2026-04-09_05-50-16,2,86,0.16388000000006286,False,False,0,0,0.0,0.0,False,False,0,0,0.0,0.0,False,False,0,0,0.0,0.0,False,False,0,0,0.0,0.0,False,False,0,0,0.0,0.0,False,False,0,0,0.0,0.0
409828_2018-11-20_12-12-08_filtered_2026-04-09_05-50-16,2,87,0.16388000000006286,False,False,0,0,0.0,0.0,False,False,0,0,0.0,0.0,False,True,0,3,0.0,0.3333333333333333,False,False,0,0,0.0,0.0,False,False,0,0,0.0,0.0,False,True,0,1,0.0,1.0
409828_2018-11-20_12-12-08_filtered_2026-04-09_05-50-16,2,88,0.16388000000006286,False,False,0,0,0.0,0.0,False,False,0,0,0.0,0.0,False,False,0,0,0.0,0.0,False,False,0,0,0.0,0.0,False,False,0,0,0.0,0.0,False,False,0,0,0.0,0.0
409828_2018-11-20_12-12-08_filtered_2026-04-09_05-50-16,2,89,0.16388000000006286,False,False,0,0,0.0,0.0,False,False,0,0,0.0,0.0,False,False,0,0,0.0,0.0,False,False,0,0,0.0,0.0,False,False,0,0,0.0,0.0,False,False,0,0,0.0,0.0
409828_2018-11-20_12-12-08_filtered_2026-04-09_05-50-16,2,91,0.16388000000006286,False,False,0,0,0.0,0.0,False,False,0,0,0.0,0.0,False,False,0,0,0.0,0.0,False,False,0,0,0.0,0.0,False,False,0,0,0.0,0.0,False,False,0,0,0.0,0.0
409828_2018-11-20_12-12-08_filtered_2026-04-09_05-50-16,2,92,0.16388000000006286,True,False,1,0,1.0,0.0,True,False,1,0,1.0,0.0,False,False,0,0,0.0,0.0,False,False,0,0,0.0,0.0,False,False,0,0,0.0,0.0,False,False,0,0,0.0,0.0
409828_2018-11-20_12-12-08_filtered_2026-04-09_05-50-16,2,93,0.16388000000006286,False,False,0,0,0.0,0.0,False,False,0,0,0.0,0.0,False,False,0,0,0.0,0.0,False,False,0,0,0.0,0.0,False,False,0,0,0.0,0.0,False,False,0,0,0.0,0.0
409828_2018-11-20_12-12-08_filtered_2026-04-09_05-50-16,2,94,0.16388000000006286,False,False,0,0,0.0,0.0,False,False,0,0,0.0,0.0,False,False,0,0,0.0,0.0,False,False,0,0,0.0,0.0,False,False,0,0,0.0,0.0,False,False,0,0,0.0,0.0
409828_2018-11-20_12-12-08_filtered_2026-04-09_05-50-16,2,95,0.16388000000006286,False,False,0,0,0.0,0.0,False,False,0,0,0.0,0.0,False,False,0,0,0.0,0.0,False,False,0,0,0.0,0.0,False,False,0,0,0.0,0.0,False,False,0,0,0.0,0.0
409828_2018-11-20_12-12-08_filtered_2026-04-09_05-50-16,2,97,0.16388000000006286,False,False,0,0,0.0,0.0,False,False,0,0,0.0,0.0,False,True,0,1,0.0,1.0,False,False,0,0,0.0,0.0,False,True,0,1,0.0,1.0,False,True,0,1,0.0,1.0
409828_2018-11-20_12-12-08_filtered_2026-04-09_05-50-16,2,98,0.16388000000006286,False,False,0,0,0.0,0.0,False,False,0,0,0.0,0.0,False,False,0,0,0.0,0.0,False,False,0,0,0.0,0.0,False,False,0,0,0.0,0.0,False,False,0,0,0.0,0.0
409828_2018-11-20_12-12-08_filtered_2026-04-09_05-50-16,2,99,0.16388000000006286,False,False,0,0,0.0,0.0,False,False,0,0,0.0,0.0,False,True,0,1,0.0,1.0,False,False,0,0,0.0,0.0,False,True,0,1,0.0,1.0,False,True,0,1,0.0,1.0
409828_2018-11-20_12-12-08_filtered_2026-04-09_05-50-16,2,100,0.16388000000006286,True,True,6,8,0.3333333333333333,0.23076923076923078,True,True,10,12,0.17647058823529413,0.23809523809523808,True,True,10,13,0.2564102564102564,0.27906976744186046,True,False,1,0,1.0,0.0,True,True,3,5,0.6666666666666666,0.42857142857142855,True,True,10,16,0.25,0.26666666666666666
409828_2018-11-20_12-12-08_filtered_2026-04-09_05-50-16,2,101,0.16388000000006286,False,False,0,0,0.0,0.0,False,False,0,0,0.0,0.0,False,False,0,0,0.0,0.0,False,False,0,0,0.0,0.0,False,False,0,0,0.0,0.0,False,False,0,0,0.0,0.0
409828_2018-11-20_12-12-08_filtered_2026-04-09_05-50-16,2,103,0.16388000000006286,False,False,0,0,0.0,0.0,False,False,0,0,0.0,0.0,False,False,0,0,0.0,0.0,False,False,0,0,0.0,0.0,False,False,0,0,0.0,0.0,False,False,0,0,0.0,0.0
409828_2018-11-20_12-12-08_filtered_2026-04-09_05-50-16,2,104,0.16388000000006286,False,False,0,0,0.0,0.0,False,False,0,0,0.0,0.0,False,False,0,0,0.0,0.0,False,False,0,0,0.0,0.0,False,False,0,0,0.0,0.0,False,False,0,0,0.0,0.0
409828_2018-11-20_12-12-08_filtered_2026-04-09_05-50-16,2,105,0.16388000000006286,False,False,0,0,0.0,0.0,False,False,0,0,0.0,0.0,False,False,0,0,0.0,0.0,False,False,0,0,0.0,0.0,False,False,0,0,0.0,0.0,False,False,0,0,0.0,0.0
409828_2018-11-20_12-12-08_filtered_2026-04-09_05-50-16,2,106,0.16388000000006286,False,False,0,0,0.0,0.0,False,False,0,0,0.0,0.0,False,False,0,0,0.0,0.0,False,False,0,0,0.0,0.0,False,False,0,0,0.0,0.0,False,False,0,0,0.0,0.0
409828_2018-11-20_12-12-08_filtered_2026-04-09_05-50-16,2,107,0.16388000000006286,False,False,0,0,0.0,0.0,False,True,0,1,0.0,1.0,False,True,0,1,0.0,1.0,False,True,0,1,0.0,1.0,False,True,0,1,0.0,1.0,False,True,0,2,0.0,0.6666666666666666
409828_2018-11-20_12-12-08_filtered_2026-04-09_05-50-16,2,108,0.16388000000006286,False,False,0,0,0.0,0.0,False,False,0,0,0.0,0.0,False,False,0,0,0.0,0.0,False,False,0,0,0.0,0.0,False,False,0,0,0.0,0.0,False,False,0,0,0.0,0.0
409828_2018-11-20_12-12-08_filtered_2026-04-09_05-50-16,2,109,0.16388000000006286,False,False,0,0,0.0,0.0,True,False,1,0,1.0,0.0,False,True,0,2,0.0,0.5,False,False,0,0,0.0,0.0,False,False,0,0,0.0,0.0,False,False,0,0,0.0,0.0
409828_2018-11-20_12-12-08_filtered_2026-04-09_05-50-16,2,110,0.16388000000006286,False,False,0,0,0.0,0.0,False,True,0,1,0.0,1.0,True,True,2,1,0.5,1.0,False,True,0,1,0.0,1.0,False,True,0,1,0.0,1.0,True,True,2,1,0.5,1.0
409828_2018-11-20_12-12-08_filtered_2026-04-09_05-50-16,2,111,0.16388000000006286,False,False,0,0,0.0,0.0,False,False,0,0,0.0,0.0,False,True,0,1,0.0,1.0,False,False,0,0,0.0,0.0,False,False,0,0,0.0,0.0,False,True,0,1,0.0,1.0
409828_2018-11-20_12-12-08_filtered_2026-04-09_05-50-16,2,112,0.16388000000006286,False,False,0,0,0.0,0.0,False,False,0,0,0.0,0.0,False,False,0,0,0.0,0.0,False,False,0,0,0.0,0.0,False,False,0,0,0.0,0.0,False,False,0,0,0.0,0.0
409828_2018-11-20_12-12-08_filtered_2026-04-09_05-50-16,2,113,0.16388000000006286,False,False,0,0,0.0,0.0,False,False,0,0,0.0,0.0,False,False,0,0,0.0,0.0,False,False,0,0,0.0,0.0,False,False,0,0,0.0,0.0,False,False,0,0,0.0,0.0
409828_2018-11-20_12-12-08_filtered_2026-04-09_05-50-16,2,114,0.16388000000006286,False,False,0,0,0.0,0.0,False,False,0,0,0.0,0.0,False,False,0,0,0.0,0.0,False,False,0,0,0.0,0.0,False,False,0,0,0.0,0.0,False,False,0,0,0.0,0.0
409828_2018-11-20_12-12-08_filtered_2026-04-09_05-50-16,2,115,0.16388000000006286,False,False,0,0,0.0,0.0,False,False,0,0,0.0,0.0,False,False,0,0,0.0,0.0,False,False,0,0,0.0,0.0,False,False,0,0,0.0,0.0,False,False,0,0,0.0,0.0
409828_2018-11-20_12-12-08_filtered_2026-04-09_05-50-16,2,116,0.16388000000006286,False,False,0,0,0.0,0.0,False,False,0,0,0.0,0.0,False,False,0,0,0.0,0.0,False,False,0,0,0.0,0.0,False,False,0,0,0.0,0.0,False,False,0,0,0.0,0.0
409828_2018-11-20_12-12-08_filtered_2026-04-09_05-50-16,2,117,0.16388000000006286,False,False,0,0,0.0,0.0,False,False,0,0,0.0,0.0,False,False,0,0,0.0,0.0,False,False,0,0,0.0,0.0,False,False,0,0,0.0,0.0,False,False,0,0,0.0,0.0
409828_2018-11-20_12-12-08_filtered_2026-04-09_05-50-16,2,118,0.16388000000006286,False,False,0,0,0.0,0.0,True,False,1,0,1.0,0.0,True,False,4,0,0.25,0.0,False,False,0,0,0.0,0.0,False,False,0,0,0.0,0.0,False,False,0,0,0.0,0.0
409828_2018-11-20_12-12-08_filtered_2026-04-09_05-50-16,2,120,0.16388000000006286,False,False,0,0,0.0,0.0,True,True,1,1,1.0,1.0,False,False,0,0,0.0,0.0,False,False,0,0,0.0,0.0,False,False,0,0,0.0,0.0,False,False,0,0,0.0,0.0
409828_2018-11-20_12-12-08_filtered_2026-04-09_05-50-16,2,121,0.16388000000006286,True,True,3,4,0.3333333333333333,0.25,True,True,12,11,0.3,0.2,True,True,17,18,0.4523809523809524,0.2631578947368421,True,False,1,0,1.0,0.0,True,True,5,5,0.5,0.3333333333333333,True,True,15,15,0.21875,0.23529411764705882
409828_2018-11-20_12-12-08_filtered_2026-04-09_05-50-16,2,122,0.16388000000006286,False,False,0,0,0.0,0.0,False,False,0,0,0.0,0.0,False,False,0,0,0.0,0.0,False,False,0,0,0.0,0.0,False,False,0,0,0.0,0.0,False,False,0,0,0.0,0.0
409828_2018-11-20_12-12-08_filtered_2026-04-09_05-50-16,2,123,0.16388000000006286,False,False,0,0,0.0,0.0,False,False,0,0,0.0,0.0,False,False,0,0,0.0,0.0,False,False,0,0,0.0,0.0,False,False,0,0,0.0,0.0,False,False,0,0,0.0,0.0
409828_2018-11-20_12-12-08_filtered_2026-04-09_05-50-16,2,124,0.16388000000006286,False,False,0,0,0.0,0.0,False,False,0,0,0.0,0.0,False,False,0,0,0.0,0.0,False,False,0,0,0.0,0.0,False,False,0,0,0.0,0.0,False,False,0,0,0.0,0.0
409828_2018-11-20_12-12-08_filtered_2026-04-09_05-50-16,2,125,0.16388000000006286,False,False,0,0,0.0,0.0,False,False,0,0,0.0,0.0,False,False,0,0,0.0,0.0,False,False,0,0,0.0,0.0,False,False,0,0,0.0,0.0,False,False,0,0,0.0,0.0
409828_2018-11-20_12-12-08_filtered_2026-04-09_05-50-16,2,126,0.16388000000006286,False,False,0,0,0.0,0.0,False,True,0,1,0.0,1.0,False,False,0,0,0.0,0.0,False,False,0,0,0.0,0.0,False,False,0,0,0.0,0.0,False,False,0,0,0.0,0.0
409828_2018-11-20_12-12-08_filtered_2026-04-09_05-50-16,2,127,0.16388000000006286,True,True,9,10,0.25,0.4,True,True,13,15,0.19230769230769232,0.25,True,True,17,16,0.2391304347826087,0.1891891891891892,False,True,0,1,0.0,1.0,True,True,1,5,1.0,0.5,True,True,13,15,0.35294117647058826,0.21621621621621623
409828_2018-11-20_12-12-08_filtered_2026-04-09_05-50-16,2,128,0.16388000000006286,False,False,0,0,0.0,0.0,False,False,0,0,0.0,0.0,False,False,0,0,0.0,0.0,False,False,0,0,0.0,0.0,False,False,0,0,0.0,0.0,False,False,0,0,0.0,0.0
409828_2018-11-20_12-12-08_filtered_2026-04-09_05-50-16,2,129,0.16388000000006286,False,False,0,0,0.0,0.0,False,False,0,0,0.0,0.0,False,False,0,0,0.0,0.0,False,False,0,0,0.0,0.0,False,False,0,0,0.0,0.0,False,False,0,0,0.0,0.0
409828_2018-11-20_12-12-08_filtered_2026-04-09_05-50-16,2,130,0.16388000000006286,False,False,0,0,0.0,0.0,False,False,0,0,0.0,0.0,False,False,0,0,0.0,0.0,False,False,0,0,0.0,0.0,False,False,0,0,0.0,0.0,False,False,0,0,0.0,0.0
409828_2018-11-20_12-12-08_filtered_2026-04-09_05-50-16,2,131,0.16388000000006286,False,False,0,0,0.0,0.0,False,True,0,1,0.0,1.0,False,True,0,2,0.0,0.6666666666666666,False,False,0,0,0.0,0.0,False,False,0,0,0.0,0.0,False,True,0,1,0.0,1.0
409828_2018-11-20_12-12-08_filtered_2026-04-09_05-50-16,2,132,0.16388000000006286,True,False,2,0,0.6666666666666666,0.0,True,False,4,0,0.4,0.0,True,True,5,2,0.42857142857142855,0.5,True,False,1,0,1.0,0.0,True,False,1,0,1.0,0.0,True,True,6,2,0.2857142857142857,0.5
409828_2018-11-20_12-12-08_filtered_2026-04-09_05-50-16,2,134,0.16388000000006286,False,False,0,0,0.0,0.0,False,False,0,0,0.0,0.0,False,False,0,0,0.0,0.0,False,False,0,0,0.0,0.0,False,False,0,0,0.0,0.0,False,False,0,0,0.0,0.0
409828_2018-11-20_12-12-08_filtered_2026-04-09_05-50-16,2,135,0.16388000000006286,False,False,0,0,0.0,0.0,False,False,0,0,0.0,0.0,False,False,0,0,0.0,0.0,False,False,0,0,0.0,0.0,False,False,0,0,0.0,0.0,False,False,0,0,0.0,0.0
409828_2018-11-20_12-12-08_filtered_2026-04-09_05-50-16,2,136,0.16388000000006286,False,False,0,0,0.0,0.0,False,False,0,0,0.0,0.0,False,False,0,0,0.0,0.0,False,False,0,0,0.0,0.0,False,False,0,0,0.0,0.0,False,True,0,2,0.0,0.5
409828_2018-11-20_12-12-08_filtered_2026-04-09_05-50-16,2,137,0.16388000000006286,False,False,0,0,0.0,0.0,False,False,0,0,0.0,0.0,False,False,0,0,0.0,0.0,False,False,0,0,0.0,0.0,False,False,0,0,0.0,0.0,False,False,0,0,0.0,0.0
409828_2018-11-20_12-12-08_filtered_2026-04-09_05-50-16,2,139,0.16388000000006286,False,False,0,0,0.0,0.0,False,False,0,0,0.0,0.0,False,False,0,0,0.0,0.0,False,False,0,0,0.0,0.0,False,False,0,0,0.0,0.0,False,False,0,0,0.0,0.0
409828_2018-11-20_12-12-08_filtered_2026-04-09_05-50-16,2,140,0.16388000000006286,False,False,0,0,0.0,0.0,False,False,0,0,0.0,0.0,False,False,0,0,0.0,0.0,False,False,0,0,0.0,0.0,False,False,0,0,0.0,0.0,False,False,0,0,0.0,0.0
409828_2018-11-20_12-12-08_filtered_2026-04-09_05-50-16,2,141,0.16388000000006286,False,False,0,0,0.0,0.0,False,False,0,0,0.0,0.0,False,False,0,0,0.0,0.0,False,False,0,0,0.0,0.0,False,False,0,0,0.0,0.0,False,False,0,0,0.0,0.0
409828_2018-11-20_12-12-08_filtered_2026-04-09_05-50-16,2,142,0.16388000000006286,False,False,0,0,0.0,0.0,False,False,0,0,0.0,0.0,False,False,0,0,0.0,0.0,False,False,0,0,0.0,0.0,False,False,0,0,0.0,0.0,False,False,0,0,0.0,0.0
409828_2018-11-20_12-12-08_filtered_2026-04-09_05-50-16,2,143,0.16388000000006286,False,False,0,0,0.0,0.0,False,False,0,0,0.0,0.0,False,False,0,0,0.0,0.0,False,False,0,0,0.0,0.0,False,False,0,0,0.0,0.0,False,False,0,0,0.0,0.0
409828_2018-11-20_12-12-08_filtered_2026-04-09_05-50-16,2,144,0.16388000000006286,False,False,0,0,0.0,0.0,False,False,0,0,0.0,0.0,False,False,0,0,0.0,0.0,False,False,0,0,0.0,0.0,False,False,0,0,0.0,0.0,False,False,0,0,0.0,0.0
409828_2018-11-20_12-12-08_filtered_2026-04-09_05-50-16,2,145,0.16388000000006286,False,False,0,0,0.0,0.0,False,False,0,0,0.0,0.0,False,False,0,0,0.0,0.0,False,False,0,0,0.0,0.0,False,False,0,0,0.0,0.0,False,False,0,0,0.0,0.0
409828_2018-11-20_12-12-08_filtered_2026-04-09_05-50-16,2,146,0.16388000000006286,False,False,0,0,0.0,0.0,False,True,0,1,0.0,1.0,True,True,1,2,1.0,0.5,False,False,0,0,0.0,0.0,False,True,0,1,0.0,1.0,False,True,0,1,0.0,1.0
409828_2018-11-20_12-12-08_filtered_2026-04-09_05-50-16,2,147,0.16388000000006286,False,False,0,0,0.0,0.0,False,False,0,0,0.0,0.0,False,False,0,0,0.0,0.0,False,False,0,0,0.0,0.0,False,False,0,0,0.0,0.0,False,False,0,0,0.0,0.0
409828_2018-11-20_12-12-08_filtered_2026-04-09_05-50-16,2,148,0.16388000000006286,True,False,1,0,1.0,0.0,True,False,1,0,1.0,0.0,True,False,1,0,1.0,0.0,False,False,0,0,0.0,0.0,False,False,0,0,0.0,0.0,False,False,0,0,0.0,0.0
409828_2018-11-20_12-12-08_filtered_2026-04-09_05-50-16,2,149,0.16388000000006286,False,False,0,0,0.0,0.0,True,False,1,0,1.0,0.0,True,False,2,0,0.6666666666666666,0.0,False,False,0,0,0.0,0.0,False,False,0,0,0.0,0.0,False,False,0,0,0.0,0.0
409828_2018-11-20_12-12-08_filtered_2026-04-09_05-50-16,2,150,0.16388000000006286,False,False,0,0,0.0,0.0,False,False,0,0,0.0,0.0,False,False,0,0,0.0,0.0,False,False,0,0,0.0,0.0,False,False,0,0,0.0,0.0,False,False,0,0,0.0,0.0
409828_2018-11-20_12-12-08_filtered_2026-04-09_05-50-16,2,151,0.16388000000006286,False,False,0,0,0.0,0.0,False,False,0,0,0.0,0.0,False,False,0,0,0.0,0.0,False,False,0,0,0.0,0.0,False,False,0,0,0.0,0.0,True,True,3,1,0.3333333333333333,1.0
409828_2018-11-20_12-12-08_filtered_2026-04-09_05-50-16,2,152,0.16388000000006286,False,False,0,0,0.0,0.0,True,True,1,3,1.0,0.3333333333333333,True,True,2,2,0.5,0.6666666666666666,False,False,0,0,0.0,0.0,False,False,0,0,0.0,0.0,True,True,1,2,1.0,0.75
409828_2018-11-20_12-12-08_filtered_2026-04-09_05-50-16,2,153,0.16388000000006286,False,False,0,0,0.0,0.0,False,False,0,0,0.0,0.0,False,False,0,0,0.0,0.0,False,False,0,0,0.0,0.0,False,False,0,0,0.0,0.0,False,False,0,0,0.0,0.0
409828_2018-11-20_12-12-08_filtered_2026-04-09_05-50-16,2,154,0.16388000000006286,False,False,0,0,0.0,0.0,False,False,0,0,0.0,0.0,False,False,0,0,0.0,0.0,False,False,0,0,0.0,0.0,False,False,0,0,0.0,0.0,False,False,0,0,0.0,0.0
409828_2018-11-20_12-12-08_filtered_2026-04-09_05-50-16,2,155,0.16388000000006286,False,False,0,0,0.0,0.0,False,True,0,1,0.0,1.0,False,True,0,1,0.0,1.0,False,False,0,0,0.0,0.0,False,False,0,0,0.0,0.0,False,False,0,0,0.0,0.0
409828_2018-11-20_12-12-08_filtered_2026-04-09_05-50-16,2,156,0.16388000000006286,False,False,0,0,0.0,0.0,True,False,3,0,0.5,0.0,True,False,1,0,1.0,0.0,True,False,1,0,1.0,0.0,True,False,1,0,1.0,0.0,True,True,1,1,1.0,1.0
409828_2018-11-20_12-12-08_filtered_2026-04-09_05-50-16,2,157,0.16388000000006286,False,False,0,0,0.0,0.0,False,False,0,0,0.0,0.0,True,False,1,0,1.0,0.0,False,False,0,0,0.0,0.0,False,False,0,0,0.0,0.0,False,False,0,0,0.0,0.0
409828_2018-11-20_12-12-08_filtered_2026-04-09_05-50-16,2,158,0.16388000000006286,False,False,0,0,0.0,0.0,False,False,0,0,0.0,0.0,False,False,0,0,0.0,0.0,False,False,0,0,0.0,0.0,False,False,0,0,0.0,0.0,False,False,0,0,0.0,0.0
409828_2018-11-20_12-12-08_filtered_2026-04-09_05-50-16,2,160,0.16388000000006286,False,False,0,0,0.0,0.0,False,False,0,0,0.0,0.0,False,False,0,0,0.0,0.0,False,False,0,0,0.0,0.0,False,False,0,0,0.0,0.0,False,False,0,0,0.0,0.0
409828_2018-11-20_12-12-08_filtered_2026-04-09_05-50-16,2,161,0.16388000000006286,False,False,0,0,0.0,0.0,False,False,0,0,0.0,0.0,True,True,1,1,1.0,1.0,False,False,0,0,0.0,0.0,False,False,0,0,0.0,0.0,False,False,0,0,0.0,0.0
409828_2018-11-20_12-12-08_filtered_2026-04-09_05-50-16,2,162,0.16388000000006286,False,False,0,0,0.0,0.0,False,True,0,1,0.0,1.0,False,True,0,1,0.0,1.0,False,False,0,0,0.0,0.0,False,True,0,1,0.0,1.0,False,True,0,1,0.0,1.0
409828_2018-11-20_12-12-08_filtered_2026-04-09_05-50-16,2,163,0.16388000000006286,False,False,0,0,0.0,0.0,False,False,0,0,0.0,0.0,False,False,0,0,0.0,0.0,False,False,0,0,0.0,0.0,False,False,0,0,0.0,0.0,False,False,0,0,0.0,0.0
409828_2018-11-20_12-12-08_filtered_2026-04-09_05-50-16,2,164,0.16388000000006286,False,False,0,0,0.0,0.0,False,False,0,0,0.0,0.0,False,False,0,0,0.0,0.0,False,False,0,0,0.0,0.0,False,False,0,0,0.0,0.0,False,False,0,0,0.0,0.0
409828_2018-11-20_12-12-08_filtered_2026-04-09_05-50-16,2,165,0.16388000000006286,False,False,0,0,0.0,0.0,False,False,0,0,0.0,0.0,False,True,0,1,0.0,1.0,False,True,0,1,0.0,1.0,False,True,0,1,0.0,1.0,False,False,0,0,0.0,0.0
409828_2018-11-20_12-12-08_filtered_2026-04-09_05-50-16,2,166,0.16388000000006286,False,False,0,0,0.0,0.0,False,False,0,0,0.0,0.0,False,False,0,0,0.0,0.0,False,False,0,0,0.0,0.0,False,False,0,0,0.0,0.0,False,False,0,0,0.0,0.0
409828_2018-11-20_12-12-08_filtered_2026-04-09_05-50-16,2,168,0.16388000000006286,False,False,0,0,0.0,0.0,False,False,0,0,0.0,0.0,False,False,0,0,0.0,0.0,False,False,0,0,0.0,0.0,False,False,0,0,0.0,0.0,False,False,0,0,0.0,0.0
409828_2018-11-20_12-12-08_filtered_2026-04-09_05-50-16,2,169,0.16388000000006286,False,False,0,0,0.0,0.0,False,False,0,0,0.0,0.0,False,False,0,0,0.0,0.0,False,False,0,0,0.0,0.0,False,False,0,0,0.0,0.0,False,False,0,0,0.0,0.0
409828_2018-11-20_12-12-08_filtered_2026-04-09_05-50-16,2,170,0.16388000000006286,False,False,0,0,0.0,0.0,False,False,0,0,0.0,0.0,False,False,0,0,0.0,0.0,False,False,0,0,0.0,0.0,False,False,0,0,0.0,0.0,False,False,0,0,0.0,0.0
409828_2018-11-20_12-12-08_filtered_2026-04-09_05-50-16,2,171,0.16388000000006286,False,False,0,0,0.0,0.0,False,False,0,0,0.0,0.0,False,False,0,0,0.0,0.0,False,False,0,0,0.0,0.0,False,False,0,0,0.0,0.0,False,False,0,0,0.0,0.0
409828_2018-11-20_12-12-08_filtered_2026-04-09_05-50-16,2,172,0.16388000000006286,False,False,0,0,0.0,0.0,False,False,0,0,0.0,0.0,False,False,0,0,0.0,0.0,False,False,0,0,0.0,0.0,False,False,0,0,0.0,0.0,False,False,0,0,0.0,0.0
409828_2018-11-20_12-12-08_filtered_2026-04-09_05-50-16,2,173,0.16388000000006286,False,False,0,0,0.0,0.0,False,False,0,0,0.0,0.0,False,False,0,0,0.0,0.0,False,False,0,0,0.0,0.0,False,False,0,0,0.0,0.0,False,False,0,0,0.0,0.0
409828_2018-11-20_12-12-08_filtered_2026-04-09_05-50-16,2,174,0.16388000000006286,False,False,0,0,0.0,0.0,False,False,0,0,0.0,0.0,False,False,0,0,0.0,0.0,False,False,0,0,0.0,0.0,False,False,0,0,0.0,0.0,False,False,0,0,0.0,0.0
409828_2018-11-20_12-12-08_filtered_2026-04-09_05-50-16,2,175,0.16388000000006286,False,False,0,0,0.0,0.0,False,False,0,0,0.0,0.0,False,False,0,0,0.0,0.0,False,False,0,0,0.0,0.0,False,False,0,0,0.0,0.0,False,False,0,0,0.0,0.0
409828_2018-11-20_12-12-08_filtered_2026-04-09_05-50-16,2,176,0.16388000000006286,False,False,0,0,0.0,0.0,False,False,0,0,0.0,0.0,False,True,0,1,0.0,1.0,False,False,0,0,0.0,0.0,False,False,0,0,0.0,0.0,False,False,0,0,0.0,0.0
409828_2018-11-20_12-12-08_filtered_2026-04-09_05-50-16,2,177,0.16388000000006286,False,False,0,0,0.0,0.0,False,False,0,0,0.0,0.0,False,False,0,0,0.0,0.0,False,False,0,0,0.0,0.0,False,False,0,0,0.0,0.0,False,False,0,0,0.0,0.0
409828_2018-11-20_12-12-08_filtered_2026-04-09_05-50-16,2,178,0.16388000000006286,False,False,0,0,0.0,0.0,False,False,0,0,0.0,0.0,False,False,0,0,0.0,0.0,False,False,0,0,0.0,0.0,False,False,0,0,0.0,0.0,False,False,0,0,0.0,0.0
409828_2018-11-20_12-12-08_filtered_2026-04-09_05-50-16,2,179,0.16388000000006286,False,False,0,0,0.0,0.0,True,False,1,0,1.0,0.0,True,True,1,1,1.0,1.0,False,False,0,0,0.0,0.0,False,False,0,0,0.0,0.0,False,True,0,2,0.0,0.5
409828_2018-11-20_12-12-08_filtered_2026-04-09_05-50-16,2,180,0.16388000000006286,True,False,1,0,1.0,0.0,True,False,1,0,1.0,0.0,True,False,3,0,0.5,0.0,False,False,0,0,0.0,0.0,False,False,0,0,0.0,0.0,False,True,0,1,0.0,1.0
409828_2018-11-20_12-12-08_filtered_2026-04-09_05-50-16,2,181,0.16388000000006286,False,False,0,0,0.0,0.0,False,False,0,0,0.0,0.0,False,False,0,0,0.0,0.0,False,False,0,0,0.0,0.0,False,False,0,0,0.0,0.0,False,False,0,0,0.0,0.0
409828_2018-11-20_12-12-08_filtered_2026-04-09_05-50-16,2,182,0.16388000000006286,False,False,0,0,0.0,0.0,False,False,0,0,0.0,0.0,False,False,0,0,0.0,0.0,False,False,0,0,0.0,0.0,False,False,0,0,0.0,0.0,False,False,0,0,0.0,0.0
409828_2018-11-20_12-12-08_filtered_2026-04-09_05-50-16,2,183,0.16388000000006286,False,False,0,0,0.0,0.0,False,False,0,0,0.0,0.0,False,False,0,0,0.0,0.0,False,False,0,0,0.0,0.0,True,False,1,0,1.0,0.0,False,False,0,0,0.0,0.0
409828_2018-11-20_12-12-08_filtered_2026-04-09_05-50-16,2,184,0.16388000000006286,False,False,0,0,0.0,0.0,False,False,0,0,0.0,0.0,False,True,0,1,0.0,1.0,False,False,0,0,0.0,0.0,False,False,0,0,0.0,0.0,False,False,0,0,0.0,0.0
409828_2018-11-20_12-12-08_filtered_2026-04-09_05-50-16,2,185,0.16388000000006286,False,False,0,0,0.0,0.0,False,False,0,0,0.0,0.0,False,False,0,0,0.0,0.0,False,False,0,0,0.0,0.0,False,False,0,0,0.0,0.0,False,False,0,0,0.0,0.0
409828_2018-11-20_12-12-08_filtered_2026-04-09_05-50-16,2,186,0.16388000000006286,False,False,0,0,0.0,0.0,False,False,0,0,0.0,0.0,False,False,0,0,0.0,0.0,False,False,0,0,0.0,0.0,False,False,0,0,0.0,0.0,False,False,0,0,0.0,0.0
409828_2018-11-20_12-12-08_filtered_2026-04-09_05-50-16,2,187,0.16388000000006286,False,False,0,0,0.0,0.0,False,False,0,0,0.0,0.0,False,False,0,0,0.0,0.0,False,False,0,0,0.0,0.0,False,False,0,0,0.0,0.0,False,False,0,0,0.0,0.0
409828_2018-11-20_12-12-08_filtered_2026-04-09_05-50-16,2,188,0.16388000000006286,False,False,0,0,0.0,0.0,False,False,0,0,0.0,0.0,False,False,0,0,0.0,0.0,False,False,0,0,0.0,0.0,False,False,0,0,0.0,0.0,False,False,0,0,0.0,0.0
409828_2018-11-20_12-12-08_filtered_2026-04-09_05-50-16,2,189,0.16388000000006286,False,False,0,0,0.0,0.0,False,False,0,0,0.0,0.0,False,True,0,1,0.0,1.0,False,False,0,0,0.0,0.0,False,True,0,1,0.0,1.0,True,True,1,1,1.0,1.0
409828_2018-11-20_12-12-08_filtered_2026-04-09_05-50-16,2,190,0.16388000000006286,False,False,0,0,0.0,0.0,False,False,0,0,0.0,0.0,False,False,0,0,0.0,0.0,False,False,0,0,0.0,0.0,False,False,0,0,0.0,0.0,False,False,0,0,0.0,0.0
409828_2018-11-20_12-12-08_filtered_2026-04-09_05-50-16,2,191,0.16388000000006286,False,False,0,0,0.0,0.0,False,False,0,0,0.0,0.0,False,False,0,0,0.0,0.0,False,False,0,0,0.0,0.0,False,False,0,0,0.0,0.0,False,False,0,0,0.0,0.0
409828_2018-11-20_12-12-08_filtered_2026-04-09_05-50-16,2,192,0.16388000000006286,False,False,0,0,0.0,0.0,False,False,0,0,0.0,0.0,False,False,0,0,0.0,0.0,False,False,0,0,0.0,0.0,False,False,0,0,0.0,0.0,False,False,0,0,0.0,0.0
409828_2018-11-20_12-12-08_filtered_2026-04-09_05-50-16,2,193,0.16388000000006286,False,False,0,0,0.0,0.0,False,False,0,0,0.0,0.0,False,False,0,0,0.0,0.0,False,False,0,0,0.0,0.0,False,False,0,0,0.0,0.0,False,False,0,0,0.0,0.0
409828_2018-11-20_12-12-08_filtered_2026-04-09_05-50-16,2,195,0.16388000000006286,True,True,1,5,1.0,0.2,True,True,2,6,0.5,0.16666666666666666,True,True,4,12,0.25,0.2,False,True,0,1,0.0,1.0,False,True,0,1,0.0,1.0,True,True,2,5,0.5,0.2
409828_2018-11-20_12-12-08_filtered_2026-04-09_05-50-16,2,196,0.16388000000006286,False,False,0,0,0.0,0.0,False,False,0,0,0.0,0.0,False,False,0,0,0.0,0.0,False,False,0,0,0.0,0.0,False,False,0,0,0.0,0.0,False,False,0,0,0.0,0.0
409828_2018-11-20_12-12-08_filtered_2026-04-09_05-50-16,2,197,0.16388000000006286,False,False,0,0,0.0,0.0,False,True,0,2,0.0,0.5,False,True,0,1,0.0,1.0,False,False,0,0,0.0,0.0,False,False,0,0,0.0,0.0,False,False,0,0,0.0,0.0
409828_2018-11-20_12-12-08_filtered_2026-04-09_05-50-16,2,198,0.16388000000006286,False,False,0,0,0.0,0.0,False,False,0,0,0.0,0.0,False,False,0,0,0.0,0.0,False,False,0,0,0.0,0.0,False,False,0,0,0.0,0.0,False,False,0,0,0.0,0.0
409828_2018-11-20_12-12-08_filtered_2026-04-09_05-50-16,2,199,0.16388000000006286,False,False,0,0,0.0,0.0,False,True,0,1,0.0,1.0,False,True,0,1,0.0,1.0,False,False,0,0,0.0,0.0,False,True,0,1,0.0,1.0,False,True,0,1,0.0,1.0
409828_2018-11-20_12-12-08_filtered_2026-04-09_05-50-16,2,200,0.16388000000006286,False,False,0,0,0.0,0.0,False,False,0,0,0.0,0.0,False,False,0,0,0.0,0.0,False,False,0,0,0.0,0.0,False,False,0,0,0.0,0.0,False,False,0,0,0.0,0.0
409828_2018-11-20_12-12-08_filtered_2026-04-09_05-50-16,2,201,0.16388000000006286,False,False,0,0,0.0,0.0,False,False,0,0,0.0,0.0,False,False,0,0,0.0,0.0,False,False,0,0,0.0,0.0,False,False,0,0,0.0,0.0,False,False,0,0,0.0,0.0
409828_2018-11-20_12-12-08_filtered_2026-04-09_05-50-16,2,202,0.16388000000006286,False,False,0,0,0.0,0.0,True,False,1,0,1.0,0.0,True,False,1,0,1.0,0.0,False,False,0,0,0.0,0.0,True,False,1,0,1.0,0.0,True,False,1,0,1.0,0.0
409828_2018-11-20_12-12-08_filtered_2026-04-09_05-50-16,2,203,0.16388000000006286,False,False,0,0,0.0,0.0,False,False,0,0,0.0,0.0,False,True,0,1,0.0,1.0,False,False,0,0,0.0,0.0,False,False,0,0,0.0,0.0,False,False,0,0,0.0,0.0
409828_2018-11-20_12-12-08_filtered_2026-04-09_05-50-16,2,204,0.16388000000006286,True,False,1,0,1.0,0.0,True,True,2,1,0.5,1.0,True,False,1,0,1.0,0.0,False,False,0,0,0.0,0.0,True,False,1,0,1.0,0.0,True,False,1,0,1.0,0.0
409828_2018-11-20_12-12-08_filtered_2026-04-09_05-50-16,2,205,0.16388000000006286,False,False,0,0,0.0,0.0,False,False,0,0,0.0,0.0,True,False,1,0,1.0,0.0,False,False,0,0,0.0,0.0,True,False,1,0,1.0,0.0,True,False,1,0,1.0,0.0
409828_2018-11-20_12-12-08_filtered_2026-04-09_05-50-16,2,206,0.16388000000006286,False,False,0,0,0.0,0.0,False,False,0,0,0.0,0.0,False,False,0,0,0.0,0.0,False,False,0,0,0.0,0.0,False,False,0,0,0.0,0.0,False,False,0,0,0.0,0.0
409828_2018-11-20_12-12-08_filtered_2026-04-09_05-50-16,2,207,0.16388000000006286,False,False,0,0,0.0,0.0,True,True,2,4,0.75,0.25,True,True,9,8,0.23076923076923078,0.2222222222222222,True,False,1,0,1.0,0.0,True,True,1,1,1.0,1.0,True,True,3,3,0.5,0.3333333333333333
409828_2018-11-20_12-12-08_filtered_2026-04-09_05-50-16,2,208,0.16388000000006286,False,False,0,0,0.0,0.0,False,False,0,0,0.0,0.0,False,False,0,0,0.0,0.0,False,False,0,0,0.0,0.0,False,False,0,0,0.0,0.0,False,False,0,0,0.0,0.0
409828_2018-11-20_12-12-08_filtered_2026-04-09_05-50-16,2,209,0.16388000000006286,False,False,0,0,0.0,0.0,False,False,0,0,0.0,0.0,False,False,0,0,0.0,0.0,False,False,0,0,0.0,0.0,False,False,0,0,0.0,0.0,False,False,0,0,0.0,0.0
409828_2018-11-20_12-12-08_filtered_2026-04-09_05-50-16,2,210,0.16388000000006286,False,False,0,0,0.0,0.0,False,False,0,0,0.0,0.0,False,False,0,0,0.0,0.0,False,False,0,0,0.0,0.0,False,False,0,0,0.0,0.0,False,False,0,0,0.0,0.0
409828_2018-11-20_12-12-08_filtered_2026-04-09_05-50-16,2,211,0.16388000000006286,False,False,0,0,0.0,0.0,False,False,0,0,0.0,0.0,True,True,2,1,0.5,1.0,False,False,0,0,0.0,0.0,False,False,0,0,0.0,0.0,False,False,0,0,0.0,0.0
409828_2018-11-20_12-12-08_filtered_2026-04-09_05-50-16,2,212,0.16388000000006286,False,False,0,0,0.0,0.0,False,False,0,0,0.0,0.0,False,False,0,0,0.0,0.0,False,False,0,0,0.0,0.0,False,False,0,0,0.0,0.0,False,False,0,0,0.0,0.0
409828_2018-11-20_12-12-08_filtered_2026-04-09_05-50-16,2,214,0.16388000000006286,False,False,0,0,0.0,0.0,False,False,0,0,0.0,0.0,False,False,0,0,0.0,0.0,False,False,0,0,0.0,0.0,False,False,0,0,0.0,0.0,False,False,0,0,0.0,0.0
409828_2018-11-20_12-12-08_filtered_2026-04-09_05-50-16,2,216,0.16388000000006286,False,False,0,0,0.0,0.0,True,True,3,1,0.3333333333333333,1.0,True,True,2,1,0.5,1.0,False,False,0,0,0.0,0.0,True,False,1,0,1.0,0.0,True,True,3,1,0.6,1.0
409828_2018-11-20_12-12-08_filtered_2026-04-09_05-50-16,2,217,0.16388000000006286,False,False,0,0,0.0,0.0,False,False,0,0,0.0,0.0,False,False,0,0,0.0,0.0,False,False,0,0,0.0,0.0,False,False,0,0,0.0,0.0,False,False,0,0,0.0,0.0
409828_2018-11-20_12-12-08_filtered_2026-04-09_05-50-16,2,218,0.16388000000006286,False,False,0,0,0.0,0.0,False,False,0,0,0.0,0.0,True,False,1,0,1.0,0.0,False,False,0,0,0.0,0.0,False,False,0,0,0.0,0.0,False,False,0,0,0.0,0.0
409828_2018-11-20_12-12-08_filtered_2026-04-09_05-50-16,2,219,0.16388000000006286,False,False,0,0,0.0,0.0,False,False,0,0,0.0,0.0,False,False,0,0,0.0,0.0,False,False,0,0,0.0,0.0,False,False,0,0,0.0,0.0,False,False,0,0,0.0,0.0
409828_2018-11-20_12-12-08_filtered_2026-04-09_05-50-16,2,220,0.16388000000006286,False,False,0,0,0.0,0.0,False,False,0,0,0.0,0.0,False,False,0,0,0.0,0.0,False,False,0,0,0.0,0.0,False,False,0,0,0.0,0.0,False,False,0,0,0.0,0.0
409828_2018-11-20_12-12-08_filtered_2026-04-09_05-50-16,2,221,0.16388000000006286,False,False,0,0,0.0,0.0,False,False,0,0,0.0,0.0,False,False,0,0,0.0,0.0,False,False,0,0,0.0,0.0,False,False,0,0,0.0,0.0,False,False,0,0,0.0,0.0
409828_2018-11-20_12-12-08_filtered_2026-04-09_05-50-16,2,222,0.16388000000006286,False,False,0,0,0.0,0.0,False,False,0,0,0.0,0.0,False,False,0,0,0.0,0.0,False,False,0,0,0.0,0.0,False,False,0,0,0.0,0.0,False,False,0,0,0.0,0.0
409828_2018-11-20_12-12-08_filtered_2026-04-09_05-50-16,2,223,0.16388000000006286,False,False,0,0,0.0,0.0,False,False,0,0,0.0,0.0,False,False,0,0,0.0,0.0,False,False,0,0,0.0,0.0,False,False,0,0,0.0,0.0,False,False,0,0,0.0,0.0
409828_2018-11-20_12-12-08_filtered_2026-04-09_05-50-16,2,224,0.16388000000006286,False,False,0,0,0.0,0.0,True,True,1,1,1.0,1.0,True,True,2,1,0.6666666666666666,1.0,False,False,0,0,0.0,0.0,True,False,1,0,1.0,0.0,False,True,0,1,0.0,1.0
409828_2018-11-20_12-12-08_filtered_2026-04-09_05-50-16,2,225,0.16388000000006286,False,False,0,0,0.0,0.0,False,False,0,0,0.0,0.0,False,False,0,0,0.0,0.0,False,False,0,0,0.0,0.0,False,False,0,0,0.0,0.0,False,False,0,0,0.0,0.0
409828_2018-11-20_12-12-08_filtered_2026-04-09_05-50-16,2,226,0.16388000000006286,False,False,0,0,0.0,0.0,False,False,0,0,0.0,0.0,False,False,0,0,0.0,0.0,False,False,0,0,0.0,0.0,False,False,0,0,0.0,0.0,False,False,0,0,0.0,0.0
409828_2018-11-20_12-12-08_filtered_2026-04-09_05-50-16,2,227,0.16388000000006286,False,False,0,0,0.0,0.0,False,False,0,0,0.0,0.0,False,False,0,0,0.0,0.0,False,False,0,0,0.0,0.0,False,False,0,0,0.0,0.0,False,False,0,0,0.0,0.0
409828_2018-11-20_12-12-08_filtered_2026-04-09_05-50-16,2,228,0.16388000000006286,False,False,0,0,0.0,0.0,False,False,0,0,0.0,0.0,False,False,0,0,0.0,0.0,False,False,0,0,0.0,0.0,False,False,0,0,0.0,0.0,False,False,0,0,0.0,0.0
409828_2018-11-20_12-12-08_filtered_2026-04-09_05-50-16,2,229,0.16388000000006286,False,False,0,0,0.0,0.0,False,False,0,0,0.0,0.0,False,False,0,0,0.0,0.0,False,False,0,0,0.0,0.0,False,False,0,0,0.0,0.0,False,False,0,0,0.0,0.0
409828_2018-11-20_12-12-08_filtered_2026-04-09_05-50-16,2,230,0.16388000000006286,False,False,0,0,0.0,0.0,False,False,0,0,0.0,0.0,False,True,0,1,0.0,1.0,False,False,0,0,0.0,0.0,False,False,0,0,0.0,0.0,False,False,0,0,0.0,0.0
409828_2018-11-20_12-12-08_filtered_2026-04-09_05-50-16,2,231,0.16388000000006286,False,False,0,0,0.0,0.0,False,True,0,1,0.0,1.0,False,True,0,1,0.0,1.0,False,True,0,1,0.0,1.0,False,True,0,1,0.0,1.0,False,True,0,1,0.0,1.0
409828_2018-11-20_12-12-08_filtered_2026-04-09_05-50-16,2,234,0.16388000000006286,False,False,0,0,0.0,0.0,False,False,0,0,0.0,0.0,False,False,0,0,0.0,0.0,False,False,0,0,0.0,0.0,False,False,0,0,0.0,0.0,False,False,0,0,0.0,0.0
409828_2018-11-20_12-12-08_filtered_2026-04-09_05-50-16,2,235,0.16388000000006286,False,False,0,0,0.0,0.0,False,False,0,0,0.0,0.0,False,False,0,0,0.0,0.0,False,False,0,0,0.0,0.0,False,False,0,0,0.0,0.0,False,False,0,0,0.0,0.0
409828_2018-11-20_12-12-08_filtered_2026-04-09_05-50-16,2,236,0.16388000000006286,False,False,0,0,0.0,0.0,False,False,0,0,0.0,0.0,False,False,0,0,0.0,0.0,False,False,0,0,0.0,0.0,False,False,0,0,0.0,0.0,False,False,0,0,0.0,0.0
409828_2018-11-20_12-12-08_filtered_2026-04-09_05-50-16,2,237,0.16388000000006286,False,False,0,0,0.0,0.0,False,False,0,0,0.0,0.0,False,False,0,0,0.0,0.0,False,False,0,0,0.0,0.0,False,False,0,0,0.0,0.0,False,False,0,0,0.0,0.0
409828_2018-11-20_12-12-08_filtered_2026-04-09_05-50-16,2,238,0.16388000000006286,False,False,0,0,0.0,0.0,False,False,0,0,0.0,0.0,False,False,0,0,0.0,0.0,False,False,0,0,0.0,0.0,False,False,0,0,0.0,0.0,False,False,0,0,0.0,0.0
409828_2018-11-20_12-12-08_filtered_2026-04-09_05-50-16,2,239,0.16388000000006286,False,False,0,0,0.0,0.0,False,False,0,0,0.0,0.0,False,False,0,0,0.0,0.0,False,False,0,0,0.0,0.0,False,False,0,0,0.0,0.0,False,False,0,0,0.0,0.0
409828_2018-11-20_12-12-08_filtered_2026-04-09_05-50-16,2,240,0.16388000000006286,False,False,0,0,0.0,0.0,False,False,0,0,0.0,0.0,False,False,0,0,0.0,0.0,False,False,0,0,0.0,0.0,False,False,0,0,0.0,0.0,False,False,0,0,0.0,0.0
409828_2018-11-20_12-12-08_filtered_2026-04-09_05-50-16,2,241,0.16388000000006286,False,False,0,0,0.0,0.0,False,False,0,0,0.0,0.0,False,False,0,0,0.0,0.0,False,False,0,0,0.0,0.0,False,False,0,0,0.0,0.0,False,False,0,0,0.0,0.0
409828_2018-11-20_12-12-08_filtered_2026-04-09_05-50-16,2,245,0.16388000000006286,False,False,0,0,0.0,0.0,False,False,0,0,0.0,0.0,False,False,0,0,0.0,0.0,False,False,0,0,0.0,0.0,False,False,0,0,0.0,0.0,False,False,0,0,0.0,0.0
409828_2018-11-20_12-12-08_filtered_2026-04-09_05-50-16,2,247,0.16388000000006286,False,False,0,0,0.0,0.0,False,False,0,0,0.0,0.0,False,False,0,0,0.0,0.0,False,False,0,0,0.0,0.0,False,False,0,0,0.0,0.0,False,False,0,0,0.0,0.0
409828_2018-11-20_12-12-08_filtered_2026-04-09_05-50-16,2,248,0.16388000000006286,False,False,0,0,0.0,0.0,False,False,0,0,0.0,0.0,False,False,0,0,0.0,0.0,False,False,0,0,0.0,0.0,False,False,0,0,0.0,0.0,False,False,0,0,0.0,0.0
409828_2018-11-20_12-12-08_filtered_2026-04-09_05-50-16,2,249,0.16388000000006286,False,False,0,0,0.0,0.0,False,False,0,0,0.0,0.0,False,False,0,0,0.0,0.0,False,False,0,0,0.0,0.0,False,False,0,0,0.0,0.0,False,False,0,0,0.0,0.0
409828_2018-11-20_12-12-08_filtered_2026-04-09_05-50-16,2,251,0.16388000000006286,False,False,0,0,0.0,0.0,False,False,0,0,0.0,0.0,False,False,0,0,0.0,0.0,False,False,0,0,0.0,0.0,False,False,0,0,0.0,0.0,False,False,0,0,0.0,0.0
409828_2018-11-20_12-12-08_filtered_2026-04-09_05-50-16,2,254,0.16388000000006286,False,False,0,0,0.0,0.0,False,False,0,0,0.0,0.0,False,False,0,0,0.0,0.0,False,False,0,0,0.0,0.0,False,False,0,0,0.0,0.0,False,False,0,0,0.0,0.0
409828_2018-11-20_12-12-08_filtered_2026-04-09_05-50-16,2,256,0.16388000000006286,False,False,0,0,0.0,0.0,False,False,0,0,0.0,0.0,True,False,1,0,1.0,0.0,False,False,0,0,0.0,0.0,False,False,0,0,0.0,0.0,False,False,0,0,0.0,0.0
409828_2018-11-20_12-12-08_filtered_2026-04-09_05-50-16,2,257,0.16388000000006286,False,False,0,0,0.0,0.0,False,False,0,0,0.0,0.0,False,False,0,0,0.0,0.0,False,False,0,0,0.0,0.0,False,False,0,0,0.0,0.0,False,False,0,0,0.0,0.0
409828_2018-11-20_12-12-08_filtered_2026-04-09_05-50-16,2,258,0.16388000000006286,False,False,0,0,0.0,0.0,True,True,4,1,0.4,1.0,True,True,3,5,0.5,0.3333333333333333,False,False,0,0,0.0,0.0,True,True,1,1,1.0,1.0,True,True,1,4,1.0,0.3333333333333333
409828_2018-11-20_12-12-08_filtered_2026-04-09_05-50-16,2,259,0.16388000000006286,False,False,0,0,0.0,0.0,False,True,0,2,0.0,0.5,True,True,2,3,0.75,0.3333333333333333,False,False,0,0,0.0,0.0,True,False,1,0,1.0,0.0,True,True,1,1,1.0,1.0
409828_2018-11-20_12-12-08_filtered_2026-04-09_05-50-16,2,260,0.16388000000006286,False,False,0,0,0.0,0.0,False,False,0,0,0.0,0.0,False,False,0,0,0.0,0.0,False,False,0,0,0.0,0.0,False,False,0,0,0.0,0.0,False,False,0,0,0.0,0.0
409828_2018-11-20_12-12-08_filtered_2026-04-09_05-50-16,2,263,0.16388000000006286,False,False,0,0,0.0,0.0,False,False,0,0,0.0,0.0,True,False,1,0,1.0,0.0,False,False,0,0,0.0,0.0,False,False,0,0,0.0,0.0,False,False,0,0,0.0,0.0
409828_2018-11-20_12-12-08_filtered_2026-04-09_05-50-16,2,265,0.16388000000006286,False,False,0,0,0.0,0.0,False,False,0,0,0.0,0.0,False,False,0,0,0.0,0.0,False,False,0,0,0.0,0.0,False,False,0,0,0.0,0.0,False,False,0,0,0.0,0.0
409828_2018-11-20_12-12-08_filtered_2026-04-09_05-50-16,2,266,0.16388000000006286,False,False,0,0,0.0,0.0,False,False,0,0,0.0,0.0,False,True,0,1,0.0,1.0,False,False,0,0,0.0,0.0,False,False,0,0,0.0,0.0,False,False,0,0,0.0,0.0
409828_2018-11-20_12-12-08_filtered_2026-04-09_05-50-16,2,267,0.16388000000006286,False,False,0,0,0.0,0.0,False,False,0,0,0.0,0.0,False,False,0,0,0.0,0.0,False,False,0,0,0.0,0.0,False,False,0,0,0.0,0.0,False,True,0,1,0.0,1.0
409828_2018-11-20_12-12-08_filtered_2026-04-09_05-50-16,2,269,0.16388000000006286,False,False,0,0,0.0,0.0,False,False,0,0,0.0,0.0,False,False,0,0,0.0,0.0,False,False,0,0,0.0,0.0,False,False,0,0,0.0,0.0,False,False,0,0,0.0,0.0
409828_2018-11-20_12-12-08_filtered_2026-04-09_05-50-16,2,270,0.16388000000006286,False,False,0,0,0.0,0.0,False,False,0,0,0.0,0.0,False,False,0,0,0.0,0.0,False,False,0,0,0.0,0.0,False,False,0,0,0.0,0.0,False,False,0,0,0.0,0.0
409828_2018-11-20_12-12-08_filtered_2026-04-09_05-50-16,2,273,0.16388000000006286,False,False,0,0,0.0,0.0,False,False,0,0,0.0,0.0,False,False,0,0,0.0,0.0,False,False,0,0,0.0,0.0,False,False,0,0,0.0,0.0,False,False,0,0,0.0,0.0
409828_2018-11-20_12-12-08_filtered_2026-04-09_05-50-16,2,276,0.16388000000006286,False,False,0,0,0.0,0.0,False,False,0,0,0.0,0.0,False,False,0,0,0.0,0.0,False,False,0,0,0.0,0.0,False,False,0,0,0.0,0.0,False,False,0,0,0.0,0.0
409828_2018-11-20_12-12-08_filtered_2026-04-09_05-50-16,2,277,0.16388000000006286,False,False,0,0,0.0,0.0,False,False,0,0,0.0,0.0,False,False,0,0,0.0,0.0,False,False,0,0,0.0,0.0,False,False,0,0,0.0,0.0,False,False,0,0,0.0,0.0
409828_2018-11-20_12-12-08_filtered_2026-04-09_05-50-16,2,278,0.16388000000006286,False,False,0,0,0.0,0.0,False,False,0,0,0.0,0.0,False,False,0,0,0.0,0.0,False,False,0,0,0.0,0.0,False,False,0,0,0.0,0.0,False,False,0,0,0.0,0.0
409828_2018-11-20_12-12-08_filtered_2026-04-09_05-50-16,2,279,0.16388000000006286,False,False,0,0,0.0,0.0,False,False,0,0,0.0,0.0,False,False,0,0,0.0,0.0,False,False,0,0,0.0,0.0,False,False,0,0,0.0,0.0,False,False,0,0,0.0,0.0
409828_2018-11-20_12-12-08_filtered_2026-04-09_05-50-16,2,280,0.16388000000006286,False,False,0,0,0.0,0.0,False,False,0,0,0.0,0.0,False,False,0,0,0.0,0.0,False,False,0,0,0.0,0.0,False,False,0,0,0.0,0.0,False,False,0,0,0.0,0.0
409828_2018-11-20_12-12-08_filtered_2026-04-09_05-50-16,2,282,0.16388000000006286,False,False,0,0,0.0,0.0,False,False,0,0,0.0,0.0,False,False,0,0,0.0,0.0,False,False,0,0,0.0,0.0,False,False,0,0,0.0,0.0,False,False,0,0,0.0,0.0
409828_2018-11-20_12-12-08_filtered_2026-04-09_05-50-16,2,283,0.16388000000006286,False,False,0,0,0.0,0.0,False,False,0,0,0.0,0.0,False,False,0,0,0.0,0.0,False,False,0,0,0.0,0.0,False,False,0,0,0.0,0.0,False,False,0,0,0.0,0.0
409828_2018-11-20_12-12-08_filtered_2026-04-09_05-50-16,2,286,0.16388000000006286,False,False,0,0,0.0,0.0,False,False,0,0,0.0,0.0,False,False,0,0,0.0,0.0,False,False,0,0,0.0,0.0,False,False,0,0,0.0,0.0,False,False,0,0,0.0,0.0
409828_2018-11-20_12-12-08_filtered_2026-04-09_05-50-16,2,288,0.16388000000006286,False,False,0,0,0.0,0.0,False,False,0,0,0.0,0.0,False,False,0,0,0.0,0.0,False,False,0,0,0.0,0.0,False,False,0,0,0.0,0.0,False,False,0,0,0.0,0.0
409828_2018-11-20_12-12-08_filtered_2026-04-09_05-50-16,2,290,0.16388000000006286,False,False,0,0,0.0,0.0,False,False,0,0,0.0,0.0,False,False,0,0,0.0,0.0,False,False,0,0,0.0,0.0,False,False,0,0,0.0,0.0,False,False,0,0,0.0,0.0
409828_2018-11-20_12-12-08_filtered_2026-04-09_05-50-16,2,291,0.16388000000006286,False,False,0,0,0.0,0.0,False,False,0,0,0.0,0.0,False,False,0,0,0.0,0.0,False,False,0,0,0.0,0.0,False,False,0,0,0.0,0.0,False,False,0,0,0.0,0.0
409828_2018-11-20_12-12-08_filtered_2026-04-09_05-50-16,2,294,0.16388000000006286,False,False,0,0,0.0,0.0,False,False,0,0,0.0,0.0,False,False,0,0,0.0,0.0,False,False,0,0,0.0,0.0,False,False,0,0,0.0,0.0,False,True,0,1,0.0,1.0
409828_2018-11-20_12-12-08_filtered_2026-04-09_05-50-16,2,298,0.16388000000006286,False,False,0,0,0.0,0.0,False,False,0,0,0.0,0.0,False,True,0,3,0.0,0.5,False,False,0,0,0.0,0.0,False,True,0,1,0.0,1.0,False,False,0,0,0.0,0.0
409828_2018-11-20_12-12-08_filtered_2026-04-09_05-50-16,2,299,0.16388000000006286,False,False,0,0,0.0,0.0,False,False,0,0,0.0,0.0,True,False,1,0,1.0,0.0,False,False,0,0,0.0,0.0,False,False,0,0,0.0,0.0,False,False,0,0,0.0,0.0
409828_2018-11-20_12-12-08_filtered_2026-04-09_05-50-16,2,303,0.16388000000006286,False,False,0,0,0.0,0.0,False,False,0,0,0.0,0.0,False,False,0,0,0.0,0.0,False,False,0,0,0.0,0.0,False,False,0,0,0.0,0.0,False,False,0,0,0.0,0.0
409828_2018-11-20_12-12-08_filtered_2026-04-09_05-50-16,2,304,0.16388000000006286,False,False,0,0,0.0,0.0,False,False,0,0,0.0,0.0,False,False,0,0,0.0,0.0,False,False,0,0,0.0,0.0,False,False,0,0,0.0,0.0,False,False,0,0,0.0,0.0
409828_2018-11-20_12-12-08_filtered_2026-04-09_05-50-16,2,305,0.16388000000006286,False,False,0,0,0.0,0.0,False,False,0,0,0.0,0.0,False,False,0,0,0.0,0.0,False,False,0,0,0.0,0.0,False,False,0,0,0.0,0.0,False,False,0,0,0.0,0.0
409828_2018-11-20_12-12-08_filtered_2026-04-09_05-50-16,2,308,0.16388000000006286,False,False,0,0,0.0,0.0,False,False,0,0,0.0,0.0,False,False,0,0,0.0,0.0,False,False,0,0,0.0,0.0,False,False,0,0,0.0,0.0,False,False,0,0,0.0,0.0
409828_2018-11-20_12-12-08_filtered_2026-04-09_05-50-16,2,309,0.16388000000006286,False,False,0,0,0.0,0.0,False,False,0,0,0.0,0.0,False,False,0,0,0.0,0.0,False,False,0,0,0.0,0.0,False,False,0,0,0.0,0.0,False,False,0,0,0.0,0.0
409828_2018-11-20_12-12-08_filtered_2026-04-09_05-50-16,2,315,0.16388000000006286,False,False,0,0,0.0,0.0,False,False,0,0,0.0,0.0,False,False,0,0,0.0,0.0,False,False,0,0,0.0,0.0,False,False,0,0,0.0,0.0,False,False,0,0,0.0,0.0
409828_2018-11-20_12-12-08_filtered_2026-04-09_05-50-16,2,316,0.16388000000006286,False,False,0,0,0.0,0.0,False,False,0,0,0.0,0.0,False,False,0,0,0.0,0.0,False,False,0,0,0.0,0.0,False,False,0,0,0.0,0.0,False,False,0,0,0.0,0.0
409828_2018-11-20_12-12-08_filtered_2026-04-09_05-50-16,2,317,0.16388000000006286,False,False,0,0,0.0,0.0,False,False,0,0,0.0,0.0,False,False,0,0,0.0,0.0,False,False,0,0,0.0,0.0,False,False,0,0,0.0,0.0,False,False,0,0,0.0,0.0
409828_2018-11-20_12-12-08_filtered_2026-04-09_05-50-16,2,319,0.16388000000006286,False,False,0,0,0.0,0.0,False,False,0,0,0.0,0.0,False,False,0,0,0.0,0.0,False,False,0,0,0.0,0.0,False,False,0,0,0.0,0.0,False,False,0,0,0.0,0.0
409828_2018-11-20_12-12-08_filtered_2026-04-09_05-50-16,2,325,0.16388000000006286,False,False,0,0,0.0,0.0,False,False,0,0,0.0,0.0,False,False,0,0,0.0,0.0,False,False,0,0,0.0,0.0,False,False,0,0,0.0,0.0,False,False,0,0,0.0,0.0
409828_2018-11-20_12-12-08_filtered_2026-04-09_05-50-16,2,331,0.16388000000006286,False,False,0,0,0.0,0.0,False,False,0,0,0.0,0.0,False,False,0,0,0.0,0.0,False,False,0,0,0.0,0.0,False,False,0,0,0.0,0.0,False,False,0,0,0.0,0.0
409828_2018-11-20_12-12-08_filtered_2026-04-09_05-50-16,2,334,0.16388000000006286,False,False,0,0,0.0,0.0,False,False,0,0,0.0,0.0,False,False,0,0,0.0,0.0,False,False,0,0,0.0,0.0,False,False,0,0,0.0,0.0,False,False,0,0,0.0,0.0
409828_2018-11-20_12-12-08_filtered_2026-04-09_05-50-16,2,335,0.16388000000006286,False,True,0,1,0.0,1.0,True,False,1,0,1.0,0.0,True,True,2,1,0.6666666666666666,1.0,False,False,0,0,0.0,0.0,True,False,1,0,1.0,0.0,True,False,2,0,0.6666666666666666,0.0
409828_2018-11-20_12-12-08_filtered_2026-04-09_05-50-16,2,339,0.16388000000006286,False,False,0,0,0.0,0.0,False,False,0,0,0.0,0.0,False,False,0,0,0.0,0.0,False,False,0,0,0.0,0.0,False,False,0,0,0.0,0.0,False,False,0,0,0.0,0.0
409828_2018-11-20_12-12-08_filtered_2026-04-09_05-50-16,2,342,0.16388000000006286,True,False,1,0,1.0,0.0,True,False,1,0,1.0,0.0,True,False,1,0,1.0,0.0,False,False,0,0,0.0,0.0,False,False,0,0,0.0,0.0,False,False,0,0,0.0,0.0
409828_2018-11-20_12-12-08_filtered_2026-04-09_05-50-16,2,345,0.16388000000006286,False,False,0,0,0.0,0.0,False,False,0,0,0.0,0.0,False,True,0,1,0.0,1.0,False,False,0,0,0.0,0.0,False,True,0,1,0.0,1.0,False,True,0,1,0.0,1.0
409828_2018-11-20_12-12-08_filtered_2026-04-09_05-50-16,2,348,0.16388000000006286,False,False,0,0,0.0,0.0,False,False,0,0,0.0,0.0,False,False,0,0,0.0,0.0,False,False,0,0,0.0,0.0,False,False,0,0,0.0,0.0,False,False,0,0,0.0,0.0
409828_2018-11-20_12-12-08_filtered_2026-04-09_05-50-16,2,349,0.16388000000006286,False,False,0,0,0.0,0.0,False,True,0,1,0.0,1.0,False,True,0,1,0.0,1.0,False,False,0,0,0.0,0.0,False,False,0,0,0.0,0.0,False,False,0,0,0.0,0.0
409828_2018-11-20_12-12-08_filtered_2026-04-09_05-50-16,2,355,0.16388000000006286,False,False,0,0,0.0,0.0,False,False,0,0,0.0,0.0,False,False,0,0,0.0,0.0,False,False,0,0,0.0,0.0,False,False,0,0,0.0,0.0,False,False,0,0,0.0,0.0
409828_2018-11-20_12-12-08_filtered_2026-04-09_05-50-16,2,357,0.16388000000006286,False,False,0,0,0.0,0.0,False,False,0,0,0.0,0.0,False,False,0,0,0.0,0.0,False,False,0,0,0.0,0.0,False,False,0,0,0.0,0.0,False,False,0,0,0.0,0.0
409828_2018-11-20_12-12-08_filtered_2026-04-09_05-50-16,2,358,0.16388000000006286,False,False,0,0,0.0,0.0,False,False,0,0,0.0,0.0,False,False,0,0,0.0,0.0,False,False,0,0,0.0,0.0,False,False,0,0,0.0,0.0,False,False,0,0,0.0,0.0
409828_2018-11-20_12-12-08_filtered_2026-04-09_05-50-16,2,359,0.16388000000006286,False,False,0,0,0.0,0.0,False,False,0,0,0.0,0.0,False,False,0,0,0.0,0.0,False,False,0,0,0.0,0.0,False,False,0,0,0.0,0.0,False,False,0,0,0.0,0.0
409828_2018-11-20_12-12-08_filtered_2026-04-09_05-50-16,2,361,0.16388000000006286,False,False,0,0,0.0,0.0,False,False,0,0,0.0,0.0,False,False,0,0,0.0,0.0,False,False,0,0,0.0,0.0,False,False,0,0,0.0,0.0,False,False,0,0,0.0,0.0
409828_2018-11-20_12-12-08_filtered_2026-04-09_05-50-16,2,362,0.16388000000006286,False,False,0,0,0.0,0.0,False,False,0,0,0.0,0.0,False,False,0,0,0.0,0.0,False,False,0,0,0.0,0.0,False,False,0,0,0.0,0.0,False,False,0,0,0.0,0.0
409828_2018-11-20_12-12-08_filtered_2026-04-09_05-50-16,2,365,0.16388000000006286,False,False,0,0,0.0,0.0,False,False,0,0,0.0,0.0,False,False,0,0,0.0,0.0,False,False,0,0,0.0,0.0,False,False,0,0,0.0,0.0,False,False,0,0,0.0,0.0
409828_2018-11-20_12-12-08_filtered_2026-04-09_05-50-16,2,367,0.16388000000006286,False,False,0,0,0.0,0.0,False,False,0,0,0.0,0.0,False,False,0,0,0.0,0.0,False,False,0,0,0.0,0.0,False,True,0,1,0.0,1.0,False,True,0,1,0.0,1.0
409828_2018-11-20_12-12-08_filtered_2026-04-09_05-50-16,2,368,0.16388000000006286,False,False,0,0,0.0,0.0,False,False,0,0,0.0,0.0,False,False,0,0,0.0,0.0,False,False,0,0,0.0,0.0,False,False,0,0,0.0,0.0,False,False,0,0,0.0,0.0
409828_2018-11-20_12-12-08_filtered_2026-04-09_05-50-16,2,371,0.16388000000006286,False,False,0,0,0.0,0.0,False,False,0,0,0.0,0.0,False,False,0,0,0.0,0.0,False,False,0,0,0.0,0.0,False,False,0,0,0.0,0.0,False,False,0,0,0.0,0.0
409828_2018-11-20_12-12-08_filtered_2026-04-09_05-50-16,2,374,0.16388000000006286,False,False,0,0,0.0,0.0,False,False,0,0,0.0,0.0,False,False,0,0,0.0,0.0,False,False,0,0,0.0,0.0,False,False,0,0,0.0,0.0,False,False,0,0,0.0,0.0
409828_2018-11-20_12-12-08_filtered_2026-04-09_05-50-16,2,375,0.16388000000006286,False,False,0,0,0.0,0.0,False,False,0,0,0.0,0.0,False,False,0,0,0.0,0.0,False,False,0,0,0.0,0.0,False,False,0,0,0.0,0.0,False,False,0,0,0.0,0.0
409828_2018-11-20_12-12-08_filtered_2026-04-09_05-50-16,2,386,0.16388000000006286,False,False,0,0,0.0,0.0,False,False,0,0,0.0,0.0,False,False,0,0,0.0,0.0,False,False,0,0,0.0,0.0,False,False,0,0,0.0,0.0,False,False,0,0,0.0,0.0
409828_2018-11-20_12-12-08_filtered_2026-04-09_05-50-16,2,389,0.16388000000006286,False,False,0,0,0.0,0.0,False,False,0,0,0.0,0.0,False,False,0,0,0.0,0.0,False,False,0,0,0.0,0.0,False,False,0,0,0.0,0.0,False,False,0,0,0.0,0.0
409828_2018-11-20_12-12-08_filtered_2026-04-09_05-50-16,2,405,0.16388000000006286,False,False,0,0,0.0,0.0,False,False,0,0,0.0,0.0,False,False,0,0,0.0,0.0,False,False,0,0,0.0,0.0,False,False,0,0,0.0,0.0,False,False,0,0,0.0,0.0
409828_2018-11-20_12-12-08_filtered_2026-04-09_05-50-16,2,407,0.16388000000006286,False,False,0,0,0.0,0.0,False,False,0,0,0.0,0.0,False,False,0,0,0.0,0.0,False,False,0,0,0.0,0.0,False,False,0,0,0.0,0.0,False,False,0,0,0.0,0.0
409828_2018-11-20_12-12-08_filtered_2026-04-09_05-50-16,2,409,0.16388000000006286,False,False,0,0,0.0,0.0,False,False,0,0,0.0,0.0,False,False,0,0,0.0,0.0,False,False,0,0,0.0,0.0,False,False,0,0,0.0,0.0,False,False,0,0,0.0,0.0
409828_2018-11-20_12-12-08_filtered_2026-04-09_05-50-16,2,410,0.16388000000006286,False,False,0,0,0.0,0.0,False,False,0,0,0.0,0.0,False,False,0,0,0.0,0.0,False,False,0,0,0.0,0.0,False,False,0,0,0.0,0.0,False,False,0,0,0.0,0.0
409828_2018-11-20_12-12-08_filtered_2026-04-09_05-50-16,2,414,0.16388000000006286,False,False,0,0,0.0,0.0,False,False,0,0,0.0,0.0,False,False,0,0,0.0,0.0,False,False,0,0,0.0,0.0,False,False,0,0,0.0,0.0,False,False,0,0,0.0,0.0
409828_2018-11-20_12-12-08_filtered_2026-04-09_05-50-16,2,417,0.16388000000006286,False,False,0,0,0.0,0.0,False,False,0,0,0.0,0.0,False,False,0,0,0.0,0.0,False,False,0,0,0.0,0.0,False,False,0,0,0.0,0.0,False,False,0,0,0.0,0.0
409828_2018-11-20_12-12-08_filtered_2026-04-09_05-50-16,2,422,0.16388000000006286,False,False,0,0,0.0,0.0,False,False,0,0,0.0,0.0,False,False,0,0,0.0,0.0,False,False,0,0,0.0,0.0,False,False,0,0,0.0,0.0,False,False,0,0,0.0,0.0
409828_2018-11-20_12-12-08_filtered_2026-04-09_05-50-16,2,424,0.16388000000006286,False,False,0,0,0.0,0.0,False,False,0,0,0.0,0.0,False,False,0,0,0.0,0.0,False,False,0,0,0.0,0.0,False,False,0,0,0.0,0.0,False,False,0,0,0.0,0.0
409828_2018-11-20_12-12-08_filtered_2026-04-09_05-50-16,2,431,0.16388000000006286,False,False,0,0,0.0,0.0,False,False,0,0,0.0,0.0,False,False,0,0,0.0,0.0,False,False,0,0,0.0,0.0,False,False,0,0,0.0,0.0,False,False,0,0,0.0,0.0
409828_2018-11-20_12-12-08_filtered_2026-04-09_05-50-16,2,440,0.16388000000006286,False,False,0,0,0.0,0.0,False,False,0,0,0.0,0.0,False,False,0,0,0.0,0.0,False,False,0,0,0.0,0.0,False,False,0,0,0.0,0.0,False,False,0,0,0.0,0.0
409828_2018-11-20_12-12-08_filtered_2026-04-09_05-50-16,2,442,0.16388000000006286,False,False,0,0,0.0,0.0,False,False,0,0,0.0,0.0,False,False,0,0,0.0,0.0,False,False,0,0,0.0,0.0,False,False,0,0,0.0,0.0,False,False,0,0,0.0,0.0
409828_2018-11-20_12-12-08_filtered_2026-04-09_05-50-16,2,456,0.16388000000006286,False,False,0,0,0.0,0.0,False,False,0,0,0.0,0.0,False,False,0,0,0.0,0.0,False,False,0,0,0.0,0.0,False,False,0,0,0.0,0.0,False,False,0,0,0.0,0.0
409828_2018-11-20_12-12-08_filtered_2026-04-09_05-50-16,2,457,0.16388000000006286,False,False,0,0,0.0,0.0,False,False,0,0,0.0,0.0,False,False,0,0,0.0,0.0,False,False,0,0,0.0,0.0,False,False,0,0,0.0,0.0,False,False,0,0,0.0,0.0
409828_2018-11-20_12-12-08_filtered_2026-04-09_05-50-16,2,459,0.16388000000006286,False,False,0,0,0.0,0.0,False,False,0,0,0.0,0.0,False,False,0,0,0.0,0.0,False,False,0,0,0.0,0.0,False,False,0,0,0.0,0.0,False,False,0,0,0.0,0.0
409828_2018-11-20_12-12-08_filtered_2026-04-09_05-50-16,2,467,0.16388000000006286,False,False,0,0,0.0,0.0,False,False,0,0,0.0,0.0,False,False,0,0,0.0,0.0,False,False,0,0,0.0,0.0,False,False,0,0,0.0,0.0,False,False,0,0,0.0,0.0
409828_2018-11-20_12-12-08_filtered_2026-04-09_05-50-16,2,513,0.16388000000006286,False,False,0,0,0.0,0.0,False,True,0,1,0.0,1.0,False,True,0,1,0.0,1.0,False,False,0,0,0.0,0.0,False,True,0,1,0.0,1.0,False,True,0,1,0.0,1.0
409828_2018-11-20_12-12-08_filtered_2026-04-09_05-50-16,2,520,0.16388000000006286,False,False,0,0,0.0,0.0,False,False,0,0,0.0,0.0,False,False,0,0,0.0,0.0,False,False,0,0,0.0,0.0,False,False,0,0,0.0,0.0,False,False,0,0,0.0,0.0
409828_2018-11-20_12-12-08_filtered_2026-04-09_05-50-16,2,530,0.16388000000006286,False,False,0,0,0.0,0.0,False,False,0,0,0.0,0.0,False,False,0,0,0.0,0.0,False,False,0,0,0.0,0.0,False,False,0,0,0.0,0.0,False,False,0,0,0.0,0.0
409828_2018-11-20_12-12-08_filtered_2026-04-09_05-50-16,2,553,0.16388000000006286,False,False,0,0,0.0,0.0,False,False,0,0,0.0,0.0,False,False,0,0,0.0,0.0,False,False,0,0,0.0,0.0,False,False,0,0,0.0,0.0,False,False,0,0,0.0,0.0
409828_2018-11-20_12-12-08_filtered_2026-04-09_05-50-16,2,556,0.16388000000006286,False,False,0,0,0.0,0.0,False,False,0,0,0.0,0.0,False,False,0,0,0.0,0.0,False,False,0,0,0.0,0.0,False,False,0,0,0.0,0.0,False,False,0,0,0.0,0.0
409828_2018-11-20_12-12-08_filtered_2026-04-09_05-50-16,2,557,0.16388000000006286,False,False,0,0,0.0,0.0,False,False,0,0,0.0,0.0,False,False,0,0,0.0,0.0,False,False,0,0,0.0,0.0,False,False,0,0,0.0,0.0,False,False,0,0,0.0,0.0
409828_2018-11-20_12-12-08_filtered_2026-04-09_05-50-16,2,561,0.16388000000006286,False,False,0,0,0.0,0.0,False,False,0,0,0.0,0.0,False,False,0,0,0.0,0.0,False,False,0,0,0.0,0.0,False,False,0,0,0.0,0.0,False,False,0,0,0.0,0.0
409828_2018-11-20_12-12-08_filtered_2026-04-09_05-50-16,2,564,0.16388000000006286,False,False,0,0,0.0,0.0,False,False,0,0,0.0,0.0,False,False,0,0,0.0,0.0,False,False,0,0,0.0,0.0,False,False,0,0,0.0,0.0,False,False,0,0,0.0,0.0
409828_2018-11-20_12-12-08_filtered_2026-04-09_05-50-16,2,568,0.16388000000006286,False,False,0,0,0.0,0.0,False,False,0,0,0.0,0.0,True,True,1,2,1.0,0.5,False,False,0,0,0.0,0.0,False,False,0,0,0.0,0.0,False,False,0,0,0.0,0.0
409828_2018-11-20_12-12-08_filtered_2026-04-09_05-50-16,2,578,0.16388000000006286,False,False,0,0,0.0,0.0,False,False,0,0,0.0,0.0,False,False,0,0,0.0,0.0,False,False,0,0,0.0,0.0,True,False,1,0,1.0,0.0,False,False,0,0,0.0,0.0
409828_2018-11-20_12-12-08_filtered_2026-04-09_05-50-16,2,595,0.16388000000006286,False,False,0,0,0.0,0.0,False,False,0,0,0.0,0.0,False,False,0,0,0.0,0.0,False,False,0,0,0.0,0.0,False,False,0,0,0.0,0.0,False,False,0,0,0.0,0.0
409828_2018-11-20_12-12-08_filtered_2026-04-09_05-50-16,2,599,0.16388000000006286,False,False,0,0,0.0,0.0,False,False,0,0,0.0,0.0,False,False,0,0,0.0,0.0,False,False,0,0,0.0,0.0,False,False,0,0,0.0,0.0,False,False,0,0,0.0,0.0
409828_2018-11-20_12-12-08_filtered_2026-04-09_05-50-16,2,605,0.16388000000006286,False,False,0,0,0.0,0.0,False,False,0,0,0.0,0.0,False,False,0,0,0.0,0.0,False,False,0,0,0.0,0.0,False,False,0,0,0.0,0.0,False,False,0,0,0.0,0.0
409828_2018-11-20_12-12-08_filtered_2026-04-09_05-50-16,2,606,0.16388000000006286,False,False,0,0,0.0,0.0,False,False,0,0,0.0,0.0,False,False,0,0,0.0,0.0,False,False,0,0,0.0,0.0,False,False,0,0,0.0,0.0,False,False,0,0,0.0,0.0
409828_2018-11-20_12-12-08_filtered_2026-04-09_05-50-16,2,620,0.16388000000006286,False,False,0,0,0.0,0.0,False,False,0,0,0.0,0.0,False,False,0,0,0.0,0.0,False,False,0,0,0.0,0.0,False,False,0,0,0.0,0.0,False,False,0,0,0.0,0.0
409828_2018-11-20_12-12-08_filtered_2026-04-09_05-50-16,2,636,0.16388000000006286,False,False,0,0,0.0,0.0,False,False,0,0,0.0,0.0,False,False,0,0,0.0,0.0,False,False,0,0,0.0,0.0,False,False,0,0,0.0,0.0,False,False,0,0,0.0,0.0
409828_2018-11-20_12-12-08_filtered_2026-04-09_05-50-16,2,653,0.16388000000006286,False,False,0,0,0.0,0.0,False,False,0,0,0.0,0.0,False,False,0,0,0.0,0.0,False,False,0,0,0.0,0.0,False,False,0,0,0.0,0.0,False,False,0,0,0.0,0.0
409828_2018-11-20_12-12-08_filtered_2026-04-09_05-50-16,2,675,0.16388000000006286,False,False,0,0,0.0,0.0,False,False,0,0,0.0,0.0,False,False,0,0,0.0,0.0,False,False,0,0,0.0,0.0,False,False,0,0,0.0,0.0,False,False,0,0,0.0,0.0
409828_2018-11-20_12-12-08_filtered_2026-04-09_05-50-16,2,687,0.16388000000006286,False,False,0,0,0.0,0.0,False,False,0,0,0.0,0.0,False,False,0,0,0.0,0.0,False,False,0,0,0.0,0.0,False,False,0,0,0.0,0.0,False,False,0,0,0.0,0.0
409828_2018-11-20_12-12-08_filtered_2026-04-09_05-50-16,2,711,0.16388000000006286,False,False,0,0,0.0,0.0,False,False,0,0,0.0,0.0,False,False,0,0,0.0,0.0,False,False,0,0,0.0,0.0,False,False,0,0,0.0,0.0,False,False,0,0,0.0,0.0
409828_2018-11-20_12-12-08_filtered_2026-04-09_05-50-16,2,731,0.16388000000006286,False,False,0,0,0.0,0.0,False,False,0,0,0.0,0.0,False,False,0,0,0.0,0.0,False,False,0,0,0.0,0.0,False,False,0,0,0.0,0.0,False,False,0,0,0.0,0.0
409828_2018-11-20_12-12-08_filtered_2026-04-09_05-50-16,2,867,0.16388000000006286,False,False,0,0,0.0,0.0,False,False,0,0,0.0,0.0,False,False,0,0,0.0,0.0,False,False,0,0,0.0,0.0,False,False,0,0,0.0,0.0,False,False,0,0,0.0,0.0
409828_2018-11-20_12-12-08_filtered_2026-04-09_05-50-16,3,0,0.16388000000006286,False,False,0,0,0.0,0.0,False,False,0,0,0.0,0.0,False,False,0,0,0.0,0.0,False,False,0,0,0.0,0.0,False,False,0,0,0.0,0.0,False,False,0,0,0.0,0.0
409828_2018-11-20_12-12-08_filtered_2026-04-09_05-50-16,3,1,0.16388000000006286,False,False,0,0,0.0,0.0,False,False,0,0,0.0,0.0,False,False,0,0,0.0,0.0,False,False,0,0,0.0,0.0,False,False,0,0,0.0,0.0,False,False,0,0,0.0,0.0
409828_2018-11-20_12-12-08_filtered_2026-04-09_05-50-16,3,2,0.16388000000006286,False,False,0,0,0.0,0.0,False,False,0,0,0.0,0.0,False,True,0,1,0.0,1.0,False,True,0,1,0.0,1.0,False,True,0,1,0.0,1.0,False,True,0,1,0.0,1.0
409828_2018-11-20_12-12-08_filtered_2026-04-09_05-50-16,3,3,0.16388000000006286,False,False,0,0,0.0,0.0,False,False,0,0,0.0,0.0,True,False,1,0,1.0,0.0,False,False,0,0,0.0,0.0,True,False,1,0,1.0,0.0,False,False,0,0,0.0,0.0
409828_2018-11-20_12-12-08_filtered_2026-04-09_05-50-16,3,4,0.16388000000006286,False,False,0,0,0.0,0.0,False,False,0,0,0.0,0.0,False,False,0,0,0.0,0.0,False,False,0,0,0.0,0.0,False,False,0,0,0.0,0.0,False,False,0,0,0.0,0.0
409828_2018-11-20_12-12-08_filtered_2026-04-09_05-50-16,3,5,0.16388000000006286,False,False,0,0,0.0,0.0,False,False,0,0,0.0,0.0,False,False,0,0,0.0,0.0,False,False,0,0,0.0,0.0,False,False,0,0,0.0,0.0,False,False,0,0,0.0,0.0
409828_2018-11-20_12-12-08_filtered_2026-04-09_05-50-16,3,6,0.16388000000006286,False,False,0,0,0.0,0.0,False,False,0,0,0.0,0.0,False,False,0,0,0.0,0.0,False,False,0,0,0.0,0.0,False,False,0,0,0.0,0.0,False,False,0,0,0.0,0.0
409828_2018-11-20_12-12-08_filtered_2026-04-09_05-50-16,3,7,0.16388000000006286,False,False,0,0,0.0,0.0,False,False,0,0,0.0,0.0,False,False,0,0,0.0,0.0,False,False,0,0,0.0,0.0,False,False,0,0,0.0,0.0,False,False,0,0,0.0,0.0
409828_2018-11-20_12-12-08_filtered_2026-04-09_05-50-16,3,8,0.16388000000006286,False,False,0,0,0.0,0.0,False,False,0,0,0.0,0.0,False,False,0,0,0.0,0.0,False,False,0,0,0.0,0.0,False,False,0,0,0.0,0.0,False,False,0,0,0.0,0.0
409828_2018-11-20_12-12-08_filtered_2026-04-09_05-50-16,3,9,0.16388000000006286,False,False,0,0,0.0,0.0,True,True,1,4,1.0,0.25,True,True,7,9,0.3,0.1111111111111111,False,False,0,0,0.0,0.0,True,False,2,0,0.5,0.0,True,True,10,9,0.16666666666666666,0.16666666666666666
409828_2018-11-20_12-12-08_filtered_2026-04-09_05-50-16,3,10,0.16388000000006286,False,False,0,0,0.0,0.0,False,False,0,0,0.0,0.0,False,False,0,0,0.0,0.0,False,False,0,0,0.0,0.0,False,False,0,0,0.0,0.0,False,False,0,0,0.0,0.0
409828_2018-11-20_12-12-08_filtered_2026-04-09_05-50-16,3,11,0.16388000000006286,False,False,0,0,0.0,0.0,False,False,0,0,0.0,0.0,False,False,0,0,0.0,0.0,False,False,0,0,0.0,0.0,False,False,0,0,0.0,0.0,False,False,0,0,0.0,0.0
409828_2018-11-20_12-12-08_filtered_2026-04-09_05-50-16,3,12,0.16388000000006286,True,True,12,13,0.08333333333333333,0.1875,True,True,18,23,0.23529411764705882,0.16666666666666666,True,True,10,17,0.24074074074074073,0.25,True,False,5,0,0.2,0.0,True,True,12,12,0.18181818181818182,0.25,True,True,1,5,1.0,0.8356164383561644
409828_2018-11-20_12-12-08_filtered_2026-04-09_05-50-16,3,13,0.16388000000006286,False,False,0,0,0.0,0.0,False,False,0,0,0.0,0.0,False,False,0,0,0.0,0.0,False,False,0,0,0.0,0.0,False,False,0,0,0.0,0.0,False,False,0,0,0.0,0.0
409828_2018-11-20_12-12-08_filtered_2026-04-09_05-50-16,3,14,0.16388000000006286,False,False,0,0,0.0,0.0,False,True,0,1,0.0,1.0,True,True,4,1,0.4,1.0,False,True,0,1,0.0,1.0,False,True,0,1,0.0,1.0,True,True,5,1,0.2,1.0
409828_2018-11-20_12-12-08_filtered_2026-04-09_05-50-16,3,15,0.16388000000006286,False,False,0,0,0.0,0.0,False,False,0,0,0.0,0.0,False,False,0,0,0.0,0.0,False,False,0,0,0.0,0.0,False,True,0,1,0.0,1.0,False,True,0,1,0.0,1.0
409828_2018-11-20_12-12-08_filtered_2026-04-09_05-50-16,3,16,0.16388000000006286,False,False,0,0,0.0,0.0,False,False,0,0,0.0,0.0,False,False,0,0,0.0,0.0,False,False,0,0,0.0,0.0,False,False,0,0,0.0,0.0,False,False,0,0,0.0,0.0
409828_2018-11-20_12-12-08_filtered_2026-04-09_05-50-16,3,17,0.16388000000006286,False,False,0,0,0.0,0.0,False,False,0,0,0.0,0.0,False,False,0,0,0.0,0.0,False,False,0,0,0.0,0.0,False,False,0,0,0.0,0.0,False,False,0,0,0.0,0.0
409828_2018-11-20_12-12-08_filtered_2026-04-09_05-50-16,3,18,0.16388000000006286,True,True,1,3,1.0,0.3333333333333333,True,True,11,13,0.23529411764705882,0.23529411764705882,True,True,9,18,0.2,0.11538461538461539,True,False,2,0,0.5,0.0,True,True,8,9,0.2727272727272727,0.21428571428571427,True,True,9,13,0.4032258064516129,0.32075471698113206
409828_2018-11-20_12-12-08_filtered_2026-04-09_05-50-16,3,19,0.16388000000006286,False,False,0,0,0.0,0.0,False,False,0,0,0.0,0.0,False,False,0,0,0.0,0.0,False,False,0,0,0.0,0.0,False,False,0,0,0.0,0.0,False,False,0,0,0.0,0.0
409828_2018-11-20_12-12-08_filtered_2026-04-09_05-50-16,3,20,0.16388000000006286,False,False,0,0,0.0,0.0,False,False,0,0,0.0,0.0,False,False,0,0,0.0,0.0,False,False,0,0,0.0,0.0,False,False,0,0,0.0,0.0,False,False,0,0,0.0,0.0
409828_2018-11-20_12-12-08_filtered_2026-04-09_05-50-16,3,21,0.16388000000006286,False,False,0,0,0.0,0.0,False,False,0,0,0.0,0.0,False,False,0,0,0.0,0.0,False,False,0,0,0.0,0.0,False,False,0,0,0.0,0.0,False,False,0,0,0.0,0.0
409828_2018-11-20_12-12-08_filtered_2026-04-09_05-50-16,3,22,0.16388000000006286,False,False,0,0,0.0,0.0,False,False,0,0,0.0,0.0,False,False,0,0,0.0,0.0,False,False,0,0,0.0,0.0,False,False,0,0,0.0,0.0,False,False,0,0,0.0,0.0
409828_2018-11-20_12-12-08_filtered_2026-04-09_05-50-16,3,23,0.16388000000006286,False,False,0,0,0.0,0.0,False,False,0,0,0.0,0.0,False,False,0,0,0.0,0.0,False,False,0,0,0.0,0.0,False,False,0,0,0.0,0.0,False,False,0,0,0.0,0.0
409828_2018-11-20_12-12-08_filtered_2026-04-09_05-50-16,3,24,0.16388000000006286,False,False,0,0,0.0,0.0,False,False,0,0,0.0,0.0,False,False,0,0,0.0,0.0,False,False,0,0,0.0,0.0,False,False,0,0,0.0,0.0,False,False,0,0,0.0,0.0
409828_2018-11-20_12-12-08_filtered_2026-04-09_05-50-16,3,25,0.16388000000006286,False,False,0,0,0.0,0.0,False,False,0,0,0.0,0.0,False,False,0,0,0.0,0.0,False,False,0,0,0.0,0.0,False,False,0,0,0.0,0.0,False,False,0,0,0.0,0.0
409828_2018-11-20_12-12-08_filtered_2026-04-09_05-50-16,3,26,0.16388000000006286,False,False,0,0,0.0,0.0,False,False,0,0,0.0,0.0,False,False,0,0,0.0,0.0,False,False,0,0,0.0,0.0,False,False,0,0,0.0,0.0,False,False,0,0,0.0,0.0
409828_2018-11-20_12-12-08_filtered_2026-04-09_05-50-16,3,27,0.16388000000006286,False,False,0,0,0.0,0.0,False,False,0,0,0.0,0.0,False,False,0,0,0.0,0.0,False,False,0,0,0.0,0.0,False,False,0,0,0.0,0.0,False,False,0,0,0.0,0.0
409828_2018-11-20_12-12-08_filtered_2026-04-09_05-50-16,3,28,0.16388000000006286,False,False,0,0,0.0,0.0,False,False,0,0,0.0,0.0,False,True,0,1,0.0,1.0,False,False,0,0,0.0,0.0,False,False,0,0,0.0,0.0,False,False,0,0,0.0,0.0
409828_2018-11-20_12-12-08_filtered_2026-04-09_05-50-16,3,29,0.16388000000006286,False,False,0,0,0.0,0.0,False,False,0,0,0.0,0.0,False,False,0,0,0.0,0.0,False,False,0,0,0.0,0.0,False,False,0,0,0.0,0.0,False,False,0,0,0.0,0.0
409828_2018-11-20_12-12-08_filtered_2026-04-09_05-50-16,3,30,0.16388000000006286,False,False,0,0,0.0,0.0,False,False,0,0,0.0,0.0,False,False,0,0,0.0,0.0,False,False,0,0,0.0,0.0,False,False,0,0,0.0,0.0,False,False,0,0,0.0,0.0
409828_2018-11-20_12-12-08_filtered_2026-04-09_05-50-16,3,31,0.16388000000006286,False,False,0,0,0.0,0.0,True,True,4,5,0.4,0.2,True,True,8,8,0.2727272727272727,0.125,False,False,0,0,0.0,0.0,True,False,2,0,0.6666666666666666,0.0,True,True,13,13,0.23529411764705882,0.14285714285714285
409828_2018-11-20_12-12-08_filtered_2026-04-09_05-50-16,3,32,0.16388000000006286,False,False,0,0,0.0,0.0,False,False,0,0,0.0,0.0,False,False,0,0,0.0,0.0,False,False,0,0,0.0,0.0,False,False,0,0,0.0,0.0,False,False,0,0,0.0,0.0
409828_2018-11-20_12-12-08_filtered_2026-04-09_05-50-16,3,33,0.16388000000006286,False,False,0,0,0.0,0.0,True,True,4,3,0.25,0.5,True,True,8,5,0.46153846153846156,0.3333333333333333,False,False,0,0,0.0,0.0,True,False,2,0,0.75,0.0,True,True,6,3,0.375,0.3333333333333333
409828_2018-11-20_12-12-08_filtered_2026-04-09_05-50-16,3,34,0.16388000000006286,False,False,0,0,0.0,0.0,False,False,0,0,0.0,0.0,False,False,0,0,0.0,0.0,False,False,0,0,0.0,0.0,False,False,0,0,0.0,0.0,False,False,0,0,0.0,0.0
409828_2018-11-20_12-12-08_filtered_2026-04-09_05-50-16,3,35,0.16388000000006286,False,False,0,0,0.0,0.0,False,False,0,0,0.0,0.0,False,True,0,1,0.0,1.0,False,False,0,0,0.0,0.0,False,True,0,1,0.0,1.0,False,True,0,1,0.0,1.0
409828_2018-11-20_12-12-08_filtered_2026-04-09_05-50-16,3,36,0.16388000000006286,False,False,0,0,0.0,0.0,False,False,0,0,0.0,0.0,False,False,0,0,0.0,0.0,False,False,0,0,0.0,0.0,False,False,0,0,0.0,0.0,False,False,0,0,0.0,0.0
409828_2018-11-20_12-12-08_filtered_2026-04-09_05-50-16,3,37,0.16388000000006286,False,False,0,0,0.0,0.0,False,False,0,0,0.0,0.0,False,False,0,0,0.0,0.0,False,False,0,0,0.0,0.0,False,False,0,0,0.0,0.0,False,False,0,0,0.0,0.0
409828_2018-11-20_12-12-08_filtered_2026-04-09_05-50-16,3,38,0.16388000000006286,False,False,0,0,0.0,0.0,False,False,0,0,0.0,0.0,False,False,0,0,0.0,0.0,False,False,0,0,0.0,0.0,False,False,0,0,0.0,0.0,False,False,0,0,0.0,0.0
409828_2018-11-20_12-12-08_filtered_2026-04-09_05-50-16,3,39,0.16388000000006286,False,False,0,0,0.0,0.0,False,False,0,0,0.0,0.0,False,False,0,0,0.0,0.0,False,False,0,0,0.0,0.0,False,False,0,0,0.0,0.0,False,False,0,0,0.0,0.0
409828_2018-11-20_12-12-08_filtered_2026-04-09_05-50-16,3,40,0.16388000000006286,False,False,0,0,0.0,0.0,False,False,0,0,0.0,0.0,False,False,0,0,0.0,0.0,False,False,0,0,0.0,0.0,False,False,0,0,0.0,0.0,False,False,0,0,0.0,0.0
409828_2018-11-20_12-12-08_filtered_2026-04-09_05-50-16,3,41,0.16388000000006286,False,False,0,0,0.0,0.0,False,False,0,0,0.0,0.0,False,False,0,0,0.0,0.0,False,False,0,0,0.0,0.0,False,True,0,1,0.0,1.0,False,False,0,0,0.0,0.0
409828_2018-11-20_12-12-08_filtered_2026-04-09_05-50-16,3,42,0.16388000000006286,False,False,0,0,0.0,0.0,False,False,0,0,0.0,0.0,False,False,0,0,0.0,0.0,False,False,0,0,0.0,0.0,False,False,0,0,0.0,0.0,False,False,0,0,0.0,0.0
409828_2018-11-20_12-12-08_filtered_2026-04-09_05-50-16,3,43,0.16388000000006286,False,False,0,0,0.0,0.0,False,False,0,0,0.0,0.0,False,False,0,0,0.0,0.0,False,False,0,0,0.0,0.0,False,False,0,0,0.0,0.0,False,False,0,0,0.0,0.0
409828_2018-11-20_12-12-08_filtered_2026-04-09_05-50-16,3,44,0.16388000000006286,False,False,0,0,0.0,0.0,False,False,0,0,0.0,0.0,False,False,0,0,0.0,0.0,False,False,0,0,0.0,0.0,False,False,0,0,0.0,0.0,False,False,0,0,0.0,0.0
409828_2018-11-20_12-12-08_filtered_2026-04-09_05-50-16,3,45,0.16388000000006286,False,False,0,0,0.0,0.0,False,False,0,0,0.0,0.0,False,False,0,0,0.0,0.0,False,False,0,0,0.0,0.0,False,False,0,0,0.0,0.0,False,False,0,0,0.0,0.0
409828_2018-11-20_12-12-08_filtered_2026-04-09_05-50-16,3,46,0.16388000000006286,False,False,0,0,0.0,0.0,False,False,0,0,0.0,0.0,False,False,0,0,0.0,0.0,False,False,0,0,0.0,0.0,False,False,0,0,0.0,0.0,False,False,0,0,0.0,0.0
409828_2018-11-20_12-12-08_filtered_2026-04-09_05-50-16,3,47,0.16388000000006286,False,False,0,0,0.0,0.0,False,False,0,0,0.0,0.0,False,False,0,0,0.0,0.0,False,False,0,0,0.0,0.0,False,False,0,0,0.0,0.0,False,False,0,0,0.0,0.0
409828_2018-11-20_12-12-08_filtered_2026-04-09_05-50-16,3,48,0.16388000000006286,False,False,0,0,0.0,0.0,False,False,0,0,0.0,0.0,False,False,0,0,0.0,0.0,False,False,0,0,0.0,0.0,False,False,0,0,0.0,0.0,False,False,0,0,0.0,0.0
409828_2018-11-20_12-12-08_filtered_2026-04-09_05-50-16,3,49,0.16388000000006286,False,False,0,0,0.0,0.0,False,False,0,0,0.0,0.0,False,False,0,0,0.0,0.0,False,False,0,0,0.0,0.0,False,False,0,0,0.0,0.0,False,False,0,0,0.0,0.0
409828_2018-11-20_12-12-08_filtered_2026-04-09_05-50-16,3,50,0.16388000000006286,False,False,0,0,0.0,0.0,False,False,0,0,0.0,0.0,True,False,2,0,0.5,0.0,False,False,0,0,0.0,0.0,False,False,0,0,0.0,0.0,False,False,0,0,0.0,0.0
409828_2018-11-20_12-12-08_filtered_2026-04-09_05-50-16,3,51,0.16388000000006286,False,False,0,0,0.0,0.0,False,False,0,0,0.0,0.0,False,False,0,0,0.0,0.0,False,False,0,0,0.0,0.0,False,False,0,0,0.0,0.0,False,False,0,0,0.0,0.0
409828_2018-11-20_12-12-08_filtered_2026-04-09_05-50-16,3,52,0.16388000000006286,False,False,0,0,0.0,0.0,False,False,0,0,0.0,0.0,False,False,0,0,0.0,0.0,False,False,0,0,0.0,0.0,False,False,0,0,0.0,0.0,False,False,0,0,0.0,0.0
409828_2018-11-20_12-12-08_filtered_2026-04-09_05-50-16,3,53,0.16388000000006286,False,False,0,0,0.0,0.0,False,False,0,0,0.0,0.0,False,True,0,1,0.0,1.0,False,True,0,1,0.0,1.0,False,True,0,2,0.0,0.5,True,True,1,1,1.0,1.0
409828_2018-11-20_12-12-08_filtered_2026-04-09_05-50-16,3,54,0.16388000000006286,False,False,0,0,0.0,0.0,False,False,0,0,0.0,0.0,False,True,0,1,0.0,1.0,False,False,0,0,0.0,0.0,False,True,0,1,0.0,1.0,False,True,0,1,0.0,1.0
409828_2018-11-20_12-12-08_filtered_2026-04-09_05-50-16,3,55,0.16388000000006286,False,False,0,0,0.0,0.0,False,False,0,0,0.0,0.0,False,False,0,0,0.0,0.0,False,False,0,0,0.0,0.0,False,False,0,0,0.0,0.0,False,False,0,0,0.0,0.0
409828_2018-11-20_12-12-08_filtered_2026-04-09_05-50-16,3,56,0.16388000000006286,False,False,0,0,0.0,0.0,False,False,0,0,0.0,0.0,False,False,0,0,0.0,0.0,False,False,0,0,0.0,0.0,False,True,0,1,0.0,1.0,False,False,0,0,0.0,0.0
409828_2018-11-20_12-12-08_filtered_2026-04-09_05-50-16,3,57,0.16388000000006286,False,False,0,0,0.0,0.0,False,False,0,0,0.0,0.0,False,False,0,0,0.0,0.0,False,False,0,0,0.0,0.0,False,False,0,0,0.0,0.0,False,False,0,0,0.0,0.0
409828_2018-11-20_12-12-08_filtered_2026-04-09_05-50-16,3,58,0.16388000000006286,False,False,0,0,0.0,0.0,False,False,0,0,0.0,0.0,False,False,0,0,0.0,0.0,False,False,0,0,0.0,0.0,False,False,0,0,0.0,0.0,False,False,0,0,0.0,0.0
409828_2018-11-20_12-12-08_filtered_2026-04-09_05-50-16,3,59,0.16388000000006286,True,True,3,2,0.3333333333333333,0.5,True,True,12,11,0.23809523809523808,0.21428571428571427,True,True,12,16,0.2222222222222222,0.25,True,False,1,0,1.0,0.0,True,True,3,2,0.5,0.5,True,True,12,12,0.20833333333333334,0.2222222222222222
409828_2018-11-20_12-12-08_filtered_2026-04-09_05-50-16,3,60,0.16388000000006286,False,False,0,0,0.0,0.0,False,False,0,0,0.0,0.0,False,False,0,0,0.0,0.0,False,False,0,0,0.0,0.0,False,False,0,0,0.0,0.0,False,False,0,0,0.0,0.0
409828_2018-11-20_12-12-08_filtered_2026-04-09_05-50-16,3,61,0.16388000000006286,False,False,0,0,0.0,0.0,False,False,0,0,0.0,0.0,False,True,0,1,0.0,1.0,False,False,0,0,0.0,0.0,False,False,0,0,0.0,0.0,False,False,0,0,0.0,0.0
409828_2018-11-20_12-12-08_filtered_2026-04-09_05-50-16,3,62,0.16388000000006286,False,False,0,0,0.0,0.0,False,False,0,0,0.0,0.0,False,False,0,0,0.0,0.0,False,False,0,0,0.0,0.0,False,False,0,0,0.0,0.0,False,False,0,0,0.0,0.0
409828_2018-11-20_12-12-08_filtered_2026-04-09_05-50-16,3,63,0.16388000000006286,False,False,0,0,0.0,0.0,False,False,0,0,0.0,0.0,False,False,0,0,0.0,0.0,False,False,0,0,0.0,0.0,False,False,0,0,0.0,0.0,False,False,0,0,0.0,0.0
409828_2018-11-20_12-12-08_filtered_2026-04-09_05-50-16,3,64,0.16388000000006286,False,False,0,0,0.0,0.0,False,False,0,0,0.0,0.0,False,True,0,1,0.0,1.0,False,False,0,0,0.0,0.0,False,False,0,0,0.0,0.0,False,False,0,0,0.0,0.0
409828_2018-11-20_12-12-08_filtered_2026-04-09_05-50-16,3,65,0.16388000000006286,False,False,0,0,0.0,0.0,False,False,0,0,0.0,0.0,False,False,0,0,0.0,0.0,False,False,0,0,0.0,0.0,False,False,0,0,0.0,0.0,False,False,0,0,0.0,0.0
409828_2018-11-20_12-12-08_filtered_2026-04-09_05-50-16,3,66,0.16388000000006286,False,False,0,0,0.0,0.0,False,False,0,0,0.0,0.0,False,False,0,0,0.0,0.0,False,False,0,0,0.0,0.0,False,False,0,0,0.0,0.0,False,False,0,0,0.0,0.0
409828_2018-11-20_12-12-08_filtered_2026-04-09_05-50-16,3,67,0.16388000000006286,True,False,1,0,1.0,0.0,False,False,0,0,0.0,0.0,False,False,0,0,0.0,0.0,False,False,0,0,0.0,0.0,False,False,0,0,0.0,0.0,False,False,0,0,0.0,0.0
409828_2018-11-20_12-12-08_filtered_2026-04-09_05-50-16,3,68,0.16388000000006286,False,False,0,0,0.0,0.0,False,False,0,0,0.0,0.0,False,False,0,0,0.0,0.0,False,False,0,0,0.0,0.0,False,False,0,0,0.0,0.0,False,False,0,0,0.0,0.0
409828_2018-11-20_12-12-08_filtered_2026-04-09_05-50-16,3,69,0.16388000000006286,False,False,0,0,0.0,0.0,False,False,0,0,0.0,0.0,False,False,0,0,0.0,0.0,False,False,0,0,0.0,0.0,False,False,0,0,0.0,0.0,False,False,0,0,0.0,0.0
409828_2018-11-20_12-12-08_filtered_2026-04-09_05-50-16,3,70,0.16388000000006286,False,False,0,0,0.0,0.0,False,False,0,0,0.0,0.0,False,False,0,0,0.0,0.0,False,False,0,0,0.0,0.0,False,False,0,0,0.0,0.0,False,False,0,0,0.0,0.0
409828_2018-11-20_12-12-08_filtered_2026-04-09_05-50-16,3,71,0.16388000000006286,False,False,0,0,0.0,0.0,False,False,0,0,0.0,0.0,False,False,0,0,0.0,0.0,False,False,0,0,0.0,0.0,False,False,0,0,0.0,0.0,False,False,0,0,0.0,0.0
409828_2018-11-20_12-12-08_filtered_2026-04-09_05-50-16,3,72,0.16388000000006286,False,False,0,0,0.0,0.0,False,False,0,0,0.0,0.0,False,False,0,0,0.0,0.0,False,False,0,0,0.0,0.0,False,False,0,0,0.0,0.0,False,False,0,0,0.0,0.0
409828_2018-11-20_12-12-08_filtered_2026-04-09_05-50-16,3,73,0.16388000000006286,False,False,0,0,0.0,0.0,False,False,0,0,0.0,0.0,False,False,0,0,0.0,0.0,False,False,0,0,0.0,0.0,False,False,0,0,0.0,0.0,False,False,0,0,0.0,0.0
409828_2018-11-20_12-12-08_filtered_2026-04-09_05-50-16,3,74,0.16388000000006286,False,False,0,0,0.0,0.0,False,False,0,0,0.0,0.0,False,False,0,0,0.0,0.0,False,False,0,0,0.0,0.0,False,False,0,0,0.0,0.0,False,False,0,0,0.0,0.0
409828_2018-11-20_12-12-08_filtered_2026-04-09_05-50-16,3,75,0.16388000000006286,False,False,0,0,0.0,0.0,False,False,0,0,0.0,0.0,False,False,0,0,0.0,0.0,False,False,0,0,0.0,0.0,False,False,0,0,0.0,0.0,False,False,0,0,0.0,0.0
409828_2018-11-20_12-12-08_filtered_2026-04-09_05-50-16,3,76,0.16388000000006286,False,False,0,0,0.0,0.0,False,False,0,0,0.0,0.0,False,False,0,0,0.0,0.0,False,False,0,0,0.0,0.0,False,False,0,0,0.0,0.0,False,False,0,0,0.0,0.0
409828_2018-11-20_12-12-08_filtered_2026-04-09_05-50-16,3,77,0.16388000000006286,False,False,0,0,0.0,0.0,False,True,0,1,0.0,1.0,True,False,1,0,1.0,0.0,False,False,0,0,0.0,0.0,True,False,1,0,1.0,0.0,True,True,1,1,1.0,1.0
409828_2018-11-20_12-12-08_filtered_2026-04-09_05-50-16,3,78,0.16388000000006286,False,False,0,0,0.0,0.0,False,False,0,0,0.0,0.0,False,True,0,1,0.0,1.0,False,False,0,0,0.0,0.0,False,False,0,0,0.0,0.0,False,False,0,0,0.0,0.0
409828_2018-11-20_12-12-08_filtered_2026-04-09_05-50-16,3,79,0.16388000000006286,False,False,0,0,0.0,0.0,False,False,0,0,0.0,0.0,False,False,0,0,0.0,0.0,False,False,0,0,0.0,0.0,False,False,0,0,0.0,0.0,False,False,0,0,0.0,0.0
409828_2018-11-20_12-12-08_filtered_2026-04-09_05-50-16,3,80,0.16388000000006286,False,False,0,0,0.0,0.0,False,False,0,0,0.0,0.0,False,False,0,0,0.0,0.0,False,False,0,0,0.0,0.0,True,False,1,0,1.0,0.0,True,False,2,0,0.5,0.0
409828_2018-11-20_12-12-08_filtered_2026-04-09_05-50-16,3,81,0.16388000000006286,False,True,0,2,0.0,0.5,False,True,0,1,0.0,1.0,False,True,0,2,0.0,0.6666666666666666,False,False,0,0,0.0,0.0,False,False,0,0,0.0,0.0,False,True,0,1,0.0,1.0
409828_2018-11-20_12-12-08_filtered_2026-04-09_05-50-16,3,82,0.16388000000006286,False,False,0,0,0.0,0.0,False,False,0,0,0.0,0.0,False,False,0,0,0.0,0.0,False,False,0,0,0.0,0.0,False,False,0,0,0.0,0.0,False,False,0,0,0.0,0.0
409828_2018-11-20_12-12-08_filtered_2026-04-09_05-50-16,3,83,0.16388000000006286,False,False,0,0,0.0,0.0,False,False,0,0,0.0,0.0,True,True,1,1,1.0,1.0,False,False,0,0,0.0,0.0,False,True,0,1,0.0,1.0,False,True,0,1,0.0,1.0
409828_2018-11-20_12-12-08_filtered_2026-04-09_05-50-16,3,84,0.16388000000006286,False,False,0,0,0.0,0.0,False,False,0,0,0.0,0.0,False,False,0,0,0.0,0.0,False,False,0,0,0.0,0.0,False,False,0,0,0.0,0.0,False,False,0,0,0.0,0.0
409828_2018-11-20_12-12-08_filtered_2026-04-09_05-50-16,3,85,0.16388000000006286,False,False,0,0,0.0,0.0,False,False,0,0,0.0,0.0,False,False,0,0,0.0,0.0,False,False,0,0,0.0,0.0,False,False,0,0,0.0,0.0,False,False,0,0,0.0,0.0
409828_2018-11-20_12-12-08_filtered_2026-04-09_05-50-16,3,86,0.16388000000006286,False,False,0,0,0.0,0.0,False,True,0,1,0.0,1.0,True,True,1,1,1.0,1.0,False,False,0,0,0.0,0.0,True,True,1,1,1.0,1.0,False,True,0,1,0.0,1.0
409828_2018-11-20_12-12-08_filtered_2026-04-09_05-50-16,3,87,0.16388000000006286,False,False,0,0,0.0,0.0,False,False,0,0,0.0,0.0,False,False,0,0,0.0,0.0,False,False,0,0,0.0,0.0,False,False,0,0,0.0,0.0,False,False,0,0,0.0,0.0
409828_2018-11-20_12-12-08_filtered_2026-04-09_05-50-16,3,88,0.16388000000006286,False,False,0,0,0.0,0.0,False,False,0,0,0.0,0.0,False,False,0,0,0.0,0.0,False,False,0,0,0.0,0.0,False,False,0,0,0.0,0.0,False,False,0,0,0.0,0.0
409828_2018-11-20_12-12-08_filtered_2026-04-09_05-50-16,3,89,0.16388000000006286,False,False,0,0,0.0,0.0,False,False,0,0,0.0,0.0,False,False,0,0,0.0,0.0,False,False,0,0,0.0,0.0,False,False,0,0,0.0,0.0,False,False,0,0,0.0,0.0
409828_2018-11-20_12-12-08_filtered_2026-04-09_05-50-16,3,90,0.16388000000006286,False,False,0,0,0.0,0.0,False,False,0,0,0.0,0.0,False,False,0,0,0.0,0.0,False,False,0,0,0.0,0.0,False,False,0,0,0.0,0.0,False,False,0,0,0.0,0.0
409828_2018-11-20_12-12-08_filtered_2026-04-09_05-50-16,3,91,0.16388000000006286,False,False,0,0,0.0,0.0,False,False,0,0,0.0,0.0,False,False,0,0,0.0,0.0,False,False,0,0,0.0,0.0,False,False,0,0,0.0,0.0,False,False,0,0,0.0,0.0
409828_2018-11-20_12-12-08_filtered_2026-04-09_05-50-16,3,92,0.16388000000006286,False,False,0,0,0.0,0.0,False,False,0,0,0.0,0.0,False,False,0,0,0.0,0.0,False,False,0,0,0.0,0.0,False,False,0,0,0.0,0.0,False,False,0,0,0.0,0.0
409828_2018-11-20_12-12-08_filtered_2026-04-09_05-50-16,3,93,0.16388000000006286,False,False,0,0,0.0,0.0,False,False,0,0,0.0,0.0,False,False,0,0,0.0,0.0,False,False,0,0,0.0,0.0,False,False,0,0,0.0,0.0,False,False,0,0,0.0,0.0
409828_2018-11-20_12-12-08_filtered_2026-04-09_05-50-16,3,94,0.16388000000006286,False,False,0,0,0.0,0.0,False,False,0,0,0.0,0.0,False,True,0,1,0.0,1.0,False,False,0,0,0.0,0.0,False,True,0,1,0.0,1.0,True,True,1,1,1.0,1.0
409828_2018-11-20_12-12-08_filtered_2026-04-09_05-50-16,3,95,0.16388000000006286,False,False,0,0,0.0,0.0,False,False,0,0,0.0,0.0,False,False,0,0,0.0,0.0,False,False,0,0,0.0,0.0,False,False,0,0,0.0,0.0,False,False,0,0,0.0,0.0
409828_2018-11-20_12-12-08_filtered_2026-04-09_05-50-16,3,96,0.16388000000006286,False,False,0,0,0.0,0.0,False,False,0,0,0.0,0.0,False,False,0,0,0.0,0.0,False,False,0,0,0.0,0.0,False,False,0,0,0.0,0.0,False,False,0,0,0.0,0.0
409828_2018-11-20_12-12-08_filtered_2026-04-09_05-50-16,3,97,0.16388000000006286,False,False,0,0,0.0,0.0,False,False,0,0,0.0,0.0,False,False,0,0,0.0,0.0,False,False,0,0,0.0,0.0,False,False,0,0,0.0,0.0,False,False,0,0,0.0,0.0
409828_2018-11-20_12-12-08_filtered_2026-04-09_05-50-16,3,98,0.16388000000006286,False,False,0,0,0.0,0.0,False,False,0,0,0.0,0.0,False,False,0,0,0.0,0.0,False,False,0,0,0.0,0.0,False,True,0,1,0.0,1.0,True,False,1,0,1.0,0.0
409828_2018-11-20_12-12-08_filtered_2026-04-09_05-50-16,3,99,0.16388000000006286,False,False,0,0,0.0,0.0,False,False,0,0,0.0,0.0,True,False,1,0,1.0,0.0,False,False,0,0,0.0,0.0,False,False,0,0,0.0,0.0,True,False,1,0,1.0,0.0
409828_2018-11-20_12-12-08_filtered_2026-04-09_05-50-16,3,100,0.16388000000006286,False,False,0,0,0.0,0.0,False,False,0,0,0.0,0.0,False,False,0,0,0.0,0.0,False,False,0,0,0.0,0.0,False,False,0,0,0.0,0.0,False,False,0,0,0.0,0.0
409828_2018-11-20_12-12-08_filtered_2026-04-09_05-50-16,3,101,0.16388000000006286,True,True,3,2,0.3333333333333333,0.5,True,True,7,4,0.2222222222222222,0.4,True,True,12,9,0.19047619047619047,0.25,False,False,0,0,0.0,0.0,True,False,1,0,1.0,0.0,True,True,10,6,0.25,0.16666666666666666
409828_2018-11-20_12-12-08_filtered_2026-04-09_05-50-16,3,102,0.16388000000006286,False,False,0,0,0.0,0.0,False,False,0,0,0.0,0.0,True,True,2,1,0.75,1.0,False,False,0,0,0.0,0.0,True,False,1,0,1.0,0.0,True,False,1,0,1.0,0.0
409828_2018-11-20_12-12-08_filtered_2026-04-09_05-50-16,3,103,0.16388000000006286,False,False,0,0,0.0,0.0,False,False,0,0,0.0,0.0,False,False,0,0,0.0,0.0,False,False,0,0,0.0,0.0,False,False,0,0,0.0,0.0,False,False,0,0,0.0,0.0
409828_2018-11-20_12-12-08_filtered_2026-04-09_05-50-16,3,104,0.16388000000006286,False,False,0,0,0.0,0.0,False,False,0,0,0.0,0.0,False,False,0,0,0.0,0.0,False,False,0,0,0.0,0.0,False,False,0,0,0.0,0.0,False,False,0,0,0.0,0.0
409828_2018-11-20_12-12-08_filtered_2026-04-09_05-50-16,3,105,0.16388000000006286,False,False,0,0,0.0,0.0,False,False,0,0,0.0,0.0,False,False,0,0,0.0,0.0,False,False,0,0,0.0,0.0,False,False,0,0,0.0,0.0,False,False,0,0,0.0,0.0
409828_2018-11-20_12-12-08_filtered_2026-04-09_05-50-16,3,106,0.16388000000006286,False,False,0,0,0.0,0.0,False,False,0,0,0.0,0.0,False,False,0,0,0.0,0.0,False,False,0,0,0.0,0.0,False,False,0,0,0.0,0.0,False,False,0,0,0.0,0.0
409828_2018-11-20_12-12-08_filtered_2026-04-09_05-50-16,3,107,0.16388000000006286,False,False,0,0,0.0,0.0,False,False,0,0,0.0,0.0,False,False,0,0,0.0,0.0,False,False,0,0,0.0,0.0,False,False,0,0,0.0,0.0,False,False,0,0,0.0,0.0
409828_2018-11-20_12-12-08_filtered_2026-04-09_05-50-16,3,108,0.16388000000006286,False,False,0,0,0.0,0.0,False,False,0,0,0.0,0.0,False,False,0,0,0.0,0.0,False,False,0,0,0.0,0.0,False,False,0,0,0.0,0.0,False,False,0,0,0.0,0.0
409828_2018-11-20_12-12-08_filtered_2026-04-09_05-50-16,3,109,0.16388000000006286,False,False,0,0,0.0,0.0,False,False,0,0,0.0,0.0,False,False,0,0,0.0,0.0,False,False,0,0,0.0,0.0,False,False,0,0,0.0,0.0,False,False,0,0,0.0,0.0
409828_2018-11-20_12-12-08_filtered_2026-04-09_05-50-16,3,111,0.16388000000006286,False,False,0,0,0.0,0.0,False,False,0,0,0.0,0.0,False,False,0,0,0.0,0.0,False,False,0,0,0.0,0.0,False,False,0,0,0.0,0.0,True,False,1,0,1.0,0.0
409828_2018-11-20_12-12-08_filtered_2026-04-09_05-50-16,3,112,0.16388000000006286,False,True,0,1,0.0,1.0,True,True,2,1,0.5,1.0,True,True,2,2,0.8333333333333334,0.5,False,False,0,0,0.0,0.0,True,False,1,0,1.0,0.0,True,True,3,3,0.7142857142857143,0.5
409828_2018-11-20_12-12-08_filtered_2026-04-09_05-50-16,3,113,0.16388000000006286,False,False,0,0,0.0,0.0,False,False,0,0,0.0,0.0,False,True,0,1,0.0,1.0,False,False,0,0,0.0,0.0,False,False,0,0,0.0,0.0,False,False,0,0,0.0,0.0
409828_2018-11-20_12-12-08_filtered_2026-04-09_05-50-16,3,114,0.16388000000006286,False,False,0,0,0.0,0.0,False,False,0,0,0.0,0.0,False,False,0,0,0.0,0.0,False,False,0,0,0.0,0.0,False,False,0,0,0.0,0.0,False,False,0,0,0.0,0.0
409828_2018-11-20_12-12-08_filtered_2026-04-09_05-50-16,3,115,0.16388000000006286,False,False,0,0,0.0,0.0,False,False,0,0,0.0,0.0,False,False,0,0,0.0,0.0,False,False,0,0,0.0,0.0,False,False,0,0,0.0,0.0,False,False,0,0,0.0,0.0
409828_2018-11-20_12-12-08_filtered_2026-04-09_05-50-16,3,116,0.16388000000006286,False,False,0,0,0.0,0.0,False,False,0,0,0.0,0.0,False,False,0,0,0.0,0.0,False,False,0,0,0.0,0.0,False,False,0,0,0.0,0.0,False,False,0,0,0.0,0.0
409828_2018-11-20_12-12-08_filtered_2026-04-09_05-50-16,3,117,0.16388000000006286,False,False,0,0,0.0,0.0,False,True,0,3,0.0,0.5,True,True,1,5,1.0,0.42857142857142855,False,True,0,1,0.0,1.0,False,True,0,1,0.0,1.0,False,True,0,3,0.0,0.5
409828_2018-11-20_12-12-08_filtered_2026-04-09_05-50-16,3,118,0.16388000000006286,False,False,0,0,0.0,0.0,False,False,0,0,0.0,0.0,False,False,0,0,0.0,0.0,False,False,0,0,0.0,0.0,False,False,0,0,0.0,0.0,False,False,0,0,0.0,0.0
409828_2018-11-20_12-12-08_filtered_2026-04-09_05-50-16,3,119,0.16388000000006286,False,False,0,0,0.0,0.0,False,False,0,0,0.0,0.0,False,False,0,0,0.0,0.0,False,False,0,0,0.0,0.0,False,False,0,0,0.0,0.0,False,False,0,0,0.0,0.0
409828_2018-11-20_12-12-08_filtered_2026-04-09_05-50-16,3,121,0.16388000000006286,False,False,0,0,0.0,0.0,False,False,0,0,0.0,0.0,False,False,0,0,0.0,0.0,False,False,0,0,0.0,0.0,False,False,0,0,0.0,0.0,False,False,0,0,0.0,0.0
409828_2018-11-20_12-12-08_filtered_2026-04-09_05-50-16,3,122,0.16388000000006286,False,False,0,0,0.0,0.0,False,False,0,0,0.0,0.0,False,True,0,1,0.0,1.0,False,False,0,0,0.0,0.0,False,True,0,1,0.0,1.0,False,True,0,2,0.0,0.6666666666666666
409828_2018-11-20_12-12-08_filtered_2026-04-09_05-50-16,3,124,0.16388000000006286,False,False,0,0,0.0,0.0,False,False,0,0,0.0,0.0,False,False,0,0,0.0,0.0,False,False,0,0,0.0,0.0,False,False,0,0,0.0,0.0,False,False,0,0,0.0,0.0
409828_2018-11-20_12-12-08_filtered_2026-04-09_05-50-16,3,125,0.16388000000006286,False,False,0,0,0.0,0.0,False,False,0,0,0.0,0.0,False,False,0,0,0.0,0.0,False,False,0,0,0.0,0.0,False,False,0,0,0.0,0.0,False,False,0,0,0.0,0.0
409828_2018-11-20_12-12-08_filtered_2026-04-09_05-50-16,3,126,0.16388000000006286,False,False,0,0,0.0,0.0,False,False,0,0,0.0,0.0,False,True,0,1,0.0,1.0,False,False,0,0,0.0,0.0,False,False,0,0,0.0,0.0,False,False,0,0,0.0,0.0
409828_2018-11-20_12-12-08_filtered_2026-04-09_05-50-16,3,127,0.16388000000006286,False,False,0,0,0.0,0.0,False,False,0,0,0.0,0.0,False,False,0,0,0.0,0.0,False,False,0,0,0.0,0.0,False,False,0,0,0.0,0.0,False,True,0,1,0.0,1.0
409828_2018-11-20_12-12-08_filtered_2026-04-09_05-50-16,3,128,0.16388000000006286,False,False,0,0,0.0,0.0,False,False,0,0,0.0,0.0,False,False,0,0,0.0,0.0,False,False,0,0,0.0,0.0,False,False,0,0,0.0,0.0,False,False,0,0,0.0,0.0
409828_2018-11-20_12-12-08_filtered_2026-04-09_05-50-16,3,129,0.16388000000006286,False,False,0,0,0.0,0.0,False,False,0,0,0.0,0.0,False,False,0,0,0.0,0.0,False,False,0,0,0.0,0.0,False,False,0,0,0.0,0.0,False,False,0,0,0.0,0.0
409828_2018-11-20_12-12-08_filtered_2026-04-09_05-50-16,3,130,0.16388000000006286,False,False,0,0,0.0,0.0,False,False,0,0,0.0,0.0,False,False,0,0,0.0,0.0,False,False,0,0,0.0,0.0,False,False,0,0,0.0,0.0,False,False,0,0,0.0,0.0
409828_2018-11-20_12-12-08_filtered_2026-04-09_05-50-16,3,131,0.16388000000006286,False,False,0,0,0.0,0.0,False,False,0,0,0.0,0.0,False,False,0,0,0.0,0.0,False,False,0,0,0.0,0.0,False,False,0,0,0.0,0.0,False,False,0,0,0.0,0.0
409828_2018-11-20_12-12-08_filtered_2026-04-09_05-50-16,3,132,0.16388000000006286,False,False,0,0,0.0,0.0,False,False,0,0,0.0,0.0,True,False,1,0,1.0,0.0,False,False,0,0,0.0,0.0,False,False,0,0,0.0,0.0,False,False,0,0,0.0,0.0
409828_2018-11-20_12-12-08_filtered_2026-04-09_05-50-16,3,133,0.16388000000006286,False,False,0,0,0.0,0.0,False,False,0,0,0.0,0.0,False,False,0,0,0.0,0.0,False,False,0,0,0.0,0.0,False,False,0,0,0.0,0.0,False,False,0,0,0.0,0.0
409828_2018-11-20_12-12-08_filtered_2026-04-09_05-50-16,3,134,0.16388000000006286,False,False,0,0,0.0,0.0,True,True,1,1,1.0,1.0,True,True,4,6,0.4,0.4444444444444444,False,True,0,1,0.0,1.0,False,True,0,1,0.0,1.0,True,True,4,3,0.4,0.6666666666666666
409828_2018-11-20_12-12-08_filtered_2026-04-09_05-50-16,3,135,0.16388000000006286,False,False,0,0,0.0,0.0,False,False,0,0,0.0,0.0,False,False,0,0,0.0,0.0,False,False,0,0,0.0,0.0,False,False,0,0,0.0,0.0,False,False,0,0,0.0,0.0
409828_2018-11-20_12-12-08_filtered_2026-04-09_05-50-16,3,136,0.16388000000006286,False,False,0,0,0.0,0.0,False,False,0,0,0.0,0.0,True,False,1,0,1.0,0.0,False,False,0,0,0.0,0.0,True,False,1,0,1.0,0.0,True,False,1,0,1.0,0.0
409828_2018-11-20_12-12-08_filtered_2026-04-09_05-50-16,3,137,0.16388000000006286,False,False,0,0,0.0,0.0,False,False,0,0,0.0,0.0,False,True,0,1,0.0,1.0,False,False,0,0,0.0,0.0,False,True,0,1,0.0,1.0,False,True,0,1,0.0,1.0
409828_2018-11-20_12-12-08_filtered_2026-04-09_05-50-16,3,138,0.16388000000006286,False,False,0,0,0.0,0.0,False,False,0,0,0.0,0.0,False,False,0,0,0.0,0.0,False,False,0,0,0.0,0.0,False,False,0,0,0.0,0.0,False,False,0,0,0.0,0.0
409828_2018-11-20_12-12-08_filtered_2026-04-09_05-50-16,3,140,0.16388000000006286,False,False,0,0,0.0,0.0,True,True,1,3,1.0,0.3333333333333333,True,True,8,4,0.25,0.25,False,False,0,0,0.0,0.0,False,True,0,1,0.0,1.0,True,True,4,2,0.42857142857142855,0.6666666666666666
409828_2018-11-20_12-12-08_filtered_2026-04-09_05-50-16,3,141,0.16388000000006286,False,False,0,0,0.0,0.0,False,False,0,0,0.0,0.0,False,False,0,0,0.0,0.0,False,False,0,0,0.0,0.0,False,False,0,0,0.0,0.0,False,False,0,0,0.0,0.0
409828_2018-11-20_12-12-08_filtered_2026-04-09_05-50-16,3,142,0.16388000000006286,False,False,0,0,0.0,0.0,False,False,0,0,0.0,0.0,False,False,0,0,0.0,0.0,False,False,0,0,0.0,0.0,False,False,0,0,0.0,0.0,False,False,0,0,0.0,0.0
409828_2018-11-20_12-12-08_filtered_2026-04-09_05-50-16,3,143,0.16388000000006286,False,False,0,0,0.0,0.0,False,False,0,0,0.0,0.0,False,False,0,0,0.0,0.0,False,False,0,0,0.0,0.0,False,False,0,0,0.0,0.0,False,False,0,0,0.0,0.0
409828_2018-11-20_12-12-08_filtered_2026-04-09_05-50-16,3,144,0.16388000000006286,False,False,0,0,0.0,0.0,False,False,0,0,0.0,0.0,False,False,0,0,0.0,0.0,False,False,0,0,0.0,0.0,False,False,0,0,0.0,0.0,False,False,0,0,0.0,0.0
409828_2018-11-20_12-12-08_filtered_2026-04-09_05-50-16,3,145,0.16388000000006286,False,False,0,0,0.0,0.0,False,False,0,0,0.0,0.0,False,False,0,0,0.0,0.0,False,False,0,0,0.0,0.0,False,False,0,0,0.0,0.0,False,False,0,0,0.0,0.0
409828_2018-11-20_12-12-08_filtered_2026-04-09_05-50-16,3,146,0.16388000000006286,False,True,0,1,0.0,1.0,False,False,0,0,0.0,0.0,False,False,0,0,0.0,0.0,False,False,0,0,0.0,0.0,False,False,0,0,0.0,0.0,True,False,1,0,1.0,0.0
409828_2018-11-20_12-12-08_filtered_2026-04-09_05-50-16,3,147,0.16388000000006286,False,False,0,0,0.0,0.0,False,False,0,0,0.0,0.0,False,False,0,0,0.0,0.0,False,False,0,0,0.0,0.0,False,False,0,0,0.0,0.0,False,False,0,0,0.0,0.0
409828_2018-11-20_12-12-08_filtered_2026-04-09_05-50-16,3,148,0.16388000000006286,False,False,0,0,0.0,0.0,False,False,0,0,0.0,0.0,False,False,0,0,0.0,0.0,False,False,0,0,0.0,0.0,False,False,0,0,0.0,0.0,False,False,0,0,0.0,0.0
409828_2018-11-20_12-12-08_filtered_2026-04-09_05-50-16,3,149,0.16388000000006286,False,False,0,0,0.0,0.0,True,False,1,0,1.0,0.0,True,False,1,0,1.0,0.0,False,False,0,0,0.0,0.0,True,False,1,0,1.0,0.0,True,False,1,0,1.0,0.0
409828_2018-11-20_12-12-08_filtered_2026-04-09_05-50-16,3,150,0.16388000000006286,False,False,0,0,0.0,0.0,False,True,0,2,0.0,0.5,True,True,1,1,1.0,1.0,False,False,0,0,0.0,0.0,False,True,0,1,0.0,1.0,False,True,0,1,0.0,1.0
409828_2018-11-20_12-12-08_filtered_2026-04-09_05-50-16,3,151,0.16388000000006286,False,False,0,0,0.0,0.0,False,False,0,0,0.0,0.0,False,True,0,2,0.0,0.5,False,False,0,0,0.0,0.0,False,True,0,1,0.0,1.0,False,True,0,1,0.0,1.0
409828_2018-11-20_12-12-08_filtered_2026-04-09_05-50-16,3,152,0.16388000000006286,False,False,0,0,0.0,0.0,False,False,0,0,0.0,0.0,False,False,0,0,0.0,0.0,False,False,0,0,0.0,0.0,False,False,0,0,0.0,0.0,False,False,0,0,0.0,0.0
409828_2018-11-20_12-12-08_filtered_2026-04-09_05-50-16,3,153,0.16388000000006286,False,False,0,0,0.0,0.0,False,False,0,0,0.0,0.0,False,False,0,0,0.0,0.0,False,False,0,0,0.0,0.0,False,False,0,0,0.0,0.0,False,False,0,0,0.0,0.0
409828_2018-11-20_12-12-08_filtered_2026-04-09_05-50-16,3,154,0.16388000000006286,False,False,0,0,0.0,0.0,False,True,0,1,0.0,1.0,False,False,0,0,0.0,0.0,False,False,0,0,0.0,0.0,False,False,0,0,0.0,0.0,False,False,0,0,0.0,0.0
409828_2018-11-20_12-12-08_filtered_2026-04-09_05-50-16,3,155,0.16388000000006286,False,False,0,0,0.0,0.0,False,False,0,0,0.0,0.0,False,False,0,0,0.0,0.0,False,False,0,0,0.0,0.0,False,False,0,0,0.0,0.0,False,False,0,0,0.0,0.0
409828_2018-11-20_12-12-08_filtered_2026-04-09_05-50-16,3,156,0.16388000000006286,False,False,0,0,0.0,0.0,False,False,0,0,0.0,0.0,False,False,0,0,0.0,0.0,False,False,0,0,0.0,0.0,False,False,0,0,0.0,0.0,False,False,0,0,0.0,0.0
409828_2018-11-20_12-12-08_filtered_2026-04-09_05-50-16,3,157,0.16388000000006286,False,False,0,0,0.0,0.0,False,False,0,0,0.0,0.0,False,False,0,0,0.0,0.0,False,False,0,0,0.0,0.0,False,False,0,0,0.0,0.0,False,False,0,0,0.0,0.0
409828_2018-11-20_12-12-08_filtered_2026-04-09_05-50-16,3,158,0.16388000000006286,False,False,0,0,0.0,0.0,False,False,0,0,0.0,0.0,False,False,0,0,0.0,0.0,False,False,0,0,0.0,0.0,False,False,0,0,0.0,0.0,False,False,0,0,0.0,0.0
409828_2018-11-20_12-12-08_filtered_2026-04-09_05-50-16,3,159,0.16388000000006286,False,False,0,0,0.0,0.0,False,False,0,0,0.0,0.0,False,False,0,0,0.0,0.0,False,False,0,0,0.0,0.0,False,False,0,0,0.0,0.0,False,False,0,0,0.0,0.0
409828_2018-11-20_12-12-08_filtered_2026-04-09_05-50-16,3,160,0.16388000000006286,False,False,0,0,0.0,0.0,False,False,0,0,0.0,0.0,False,False,0,0,0.0,0.0,False,False,0,0,0.0,0.0,False,False,0,0,0.0,0.0,True,False,1,0,1.0,0.0
409828_2018-11-20_12-12-08_filtered_2026-04-09_05-50-16,3,161,0.16388000000006286,False,False,0,0,0.0,0.0,False,False,0,0,0.0,0.0,False,True,0,1,0.0,1.0,False,False,0,0,0.0,0.0,False,False,0,0,0.0,0.0,True,False,2,0,0.6666666666666666,0.0
409828_2018-11-20_12-12-08_filtered_2026-04-09_05-50-16,3,163,0.16388000000006286,False,False,0,0,0.0,0.0,False,False,0,0,0.0,0.0,False,False,0,0,0.0,0.0,False,False,0,0,0.0,0.0,False,False,0,0,0.0,0.0,False,False,0,0,0.0,0.0
409828_2018-11-20_12-12-08_filtered_2026-04-09_05-50-16,3,164,0.16388000000006286,False,False,0,0,0.0,0.0,False,False,0,0,0.0,0.0,False,False,0,0,0.0,0.0,False,False,0,0,0.0,0.0,False,False,0,0,0.0,0.0,False,False,0,0,0.0,0.0
409828_2018-11-20_12-12-08_filtered_2026-04-09_05-50-16,3,165,0.16388000000006286,False,False,0,0,0.0,0.0,False,False,0,0,0.0,0.0,True,True,1,1,1.0,1.0,False,False,0,0,0.0,0.0,True,False,1,0,1.0,0.0,True,True,1,1,1.0,1.0
409828_2018-11-20_12-12-08_filtered_2026-04-09_05-50-16,3,166,0.16388000000006286,False,False,0,0,0.0,0.0,False,False,0,0,0.0,0.0,False,False,0,0,0.0,0.0,False,False,0,0,0.0,0.0,False,False,0,0,0.0,0.0,False,False,0,0,0.0,0.0
409828_2018-11-20_12-12-08_filtered_2026-04-09_05-50-16,3,167,0.16388000000006286,False,False,0,0,0.0,0.0,False,False,0,0,0.0,0.0,False,True,0,1,0.0,1.0,False,False,0,0,0.0,0.0,False,True,0,1,0.0,1.0,False,True,0,1,0.0,1.0
409828_2018-11-20_12-12-08_filtered_2026-04-09_05-50-16,3,168,0.16388000000006286,False,False,0,0,0.0,0.0,False,False,0,0,0.0,0.0,False,False,0,0,0.0,0.0,False,False,0,0,0.0,0.0,False,False,0,0,0.0,0.0,False,False,0,0,0.0,0.0
409828_2018-11-20_12-12-08_filtered_2026-04-09_05-50-16,3,169,0.16388000000006286,False,False,0,0,0.0,0.0,False,False,0,0,0.0,0.0,False,False,0,0,0.0,0.0,False,False,0,0,0.0,0.0,False,False,0,0,0.0,0.0,False,False,0,0,0.0,0.0
409828_2018-11-20_12-12-08_filtered_2026-04-09_05-50-16,3,170,0.16388000000006286,False,False,0,0,0.0,0.0,False,False,0,0,0.0,0.0,True,False,1,0,1.0,0.0,False,False,0,0,0.0,0.0,True,False,1,0,1.0,0.0,True,False,1,0,1.0,0.0
409828_2018-11-20_12-12-08_filtered_2026-04-09_05-50-16,3,171,0.16388000000006286,False,False,0,0,0.0,0.0,False,False,0,0,0.0,0.0,False,False,0,0,0.0,0.0,False,False,0,0,0.0,0.0,False,False,0,0,0.0,0.0,False,False,0,0,0.0,0.0
409828_2018-11-20_12-12-08_filtered_2026-04-09_05-50-16,3,172,0.16388000000006286,False,False,0,0,0.0,0.0,False,False,0,0,0.0,0.0,False,False,0,0,0.0,0.0,False,False,0,0,0.0,0.0,False,False,0,0,0.0,0.0,False,False,0,0,0.0,0.0
409828_2018-11-20_12-12-08_filtered_2026-04-09_05-50-16,3,173,0.16388000000006286,False,False,0,0,0.0,0.0,False,False,0,0,0.0,0.0,False,False,0,0,0.0,0.0,False,False,0,0,0.0,0.0,False,False,0,0,0.0,0.0,False,False,0,0,0.0,0.0
409828_2018-11-20_12-12-08_filtered_2026-04-09_05-50-16,3,175,0.16388000000006286,False,False,0,0,0.0,0.0,False,False,0,0,0.0,0.0,False,False,0,0,0.0,0.0,False,False,0,0,0.0,0.0,False,False,0,0,0.0,0.0,False,False,0,0,0.0,0.0
409828_2018-11-20_12-12-08_filtered_2026-04-09_05-50-16,3,176,0.16388000000006286,False,False,0,0,0.0,0.0,False,False,0,0,0.0,0.0,False,False,0,0,0.0,0.0,False,False,0,0,0.0,0.0,False,False,0,0,0.0,0.0,False,False,0,0,0.0,0.0
409828_2018-11-20_12-12-08_filtered_2026-04-09_05-50-16,3,177,0.16388000000006286,False,False,0,0,0.0,0.0,False,False,0,0,0.0,0.0,False,False,0,0,0.0,0.0,False,False,0,0,0.0,0.0,False,False,0,0,0.0,0.0,False,False,0,0,0.0,0.0
409828_2018-11-20_12-12-08_filtered_2026-04-09_05-50-16,3,178,0.16388000000006286,False,False,0,0,0.0,0.0,False,False,0,0,0.0,0.0,False,False,0,0,0.0,0.0,False,False,0,0,0.0,0.0,False,False,0,0,0.0,0.0,False,False,0,0,0.0,0.0
409828_2018-11-20_12-12-08_filtered_2026-04-09_05-50-16,3,179,0.16388000000006286,False,False,0,0,0.0,0.0,False,False,0,0,0.0,0.0,False,False,0,0,0.0,0.0,False,False,0,0,0.0,0.0,False,False,0,0,0.0,0.0,False,False,0,0,0.0,0.0
409828_2018-11-20_12-12-08_filtered_2026-04-09_05-50-16,3,180,0.16388000000006286,False,False,0,0,0.0,0.0,False,False,0,0,0.0,0.0,False,False,0,0,0.0,0.0,False,False,0,0,0.0,0.0,False,False,0,0,0.0,0.0,False,False,0,0,0.0,0.0
409828_2018-11-20_12-12-08_filtered_2026-04-09_05-50-16,3,181,0.16388000000006286,False,False,0,0,0.0,0.0,False,False,0,0,0.0,0.0,True,True,1,1,1.0,1.0,False,False,0,0,0.0,0.0,False,False,0,0,0.0,0.0,False,False,0,0,0.0,0.0
409828_2018-11-20_12-12-08_filtered_2026-04-09_05-50-16,3,182,0.16388000000006286,False,False,0,0,0.0,0.0,False,False,0,0,0.0,0.0,False,False,0,0,0.0,0.0,False,False,0,0,0.0,0.0,False,False,0,0,0.0,0.0,False,False,0,0,0.0,0.0
409828_2018-11-20_12-12-08_filtered_2026-04-09_05-50-16,3,183,0.16388000000006286,False,False,0,0,0.0,0.0,False,False,0,0,0.0,0.0,False,False,0,0,0.0,0.0,False,False,0,0,0.0,0.0,False,False,0,0,0.0,0.0,False,False,0,0,0.0,0.0
409828_2018-11-20_12-12-08_filtered_2026-04-09_05-50-16,3,184,0.16388000000006286,False,False,0,0,0.0,0.0,False,False,0,0,0.0,0.0,False,False,0,0,0.0,0.0,False,False,0,0,0.0,0.0,False,False,0,0,0.0,0.0,False,False,0,0,0.0,0.0
409828_2018-11-20_12-12-08_filtered_2026-04-09_05-50-16,3,186,0.16388000000006286,False,False,0,0,0.0,0.0,False,False,0,0,0.0,0.0,False,False,0,0,0.0,0.0,False,False,0,0,0.0,0.0,False,False,0,0,0.0,0.0,False,False,0,0,0.0,0.0
409828_2018-11-20_12-12-08_filtered_2026-04-09_05-50-16,3,190,0.16388000000006286,False,False,0,0,0.0,0.0,False,False,0,0,0.0,0.0,False,False,0,0,0.0,0.0,False,False,0,0,0.0,0.0,False,False,0,0,0.0,0.0,False,False,0,0,0.0,0.0
409828_2018-11-20_12-12-08_filtered_2026-04-09_05-50-16,3,191,0.16388000000006286,False,False,0,0,0.0,0.0,False,False,0,0,0.0,0.0,False,False,0,0,0.0,0.0,False,False,0,0,0.0,0.0,False,False,0,0,0.0,0.0,False,False,0,0,0.0,0.0
409828_2018-11-20_12-12-08_filtered_2026-04-09_05-50-16,3,192,0.16388000000006286,False,False,0,0,0.0,0.0,False,False,0,0,0.0,0.0,False,False,0,0,0.0,0.0,False,False,0,0,0.0,0.0,False,False,0,0,0.0,0.0,False,False,0,0,0.0,0.0
409828_2018-11-20_12-12-08_filtered_2026-04-09_05-50-16,3,193,0.16388000000006286,False,False,0,0,0.0,0.0,False,False,0,0,0.0,0.0,True,False,1,0,1.0,0.0,False,False,0,0,0.0,0.0,True,False,1,0,1.0,0.0,True,True,2,1,0.6666666666666666,1.0
409828_2018-11-20_12-12-08_filtered_2026-04-09_05-50-16,3,194,0.16388000000006286,False,False,0,0,0.0,0.0,False,False,0,0,0.0,0.0,False,False,0,0,0.0,0.0,False,False,0,0,0.0,0.0,False,False,0,0,0.0,0.0,False,False,0,0,0.0,0.0
409828_2018-11-20_12-12-08_filtered_2026-04-09_05-50-16,3,195,0.16388000000006286,False,False,0,0,0.0,0.0,False,False,0,0,0.0,0.0,False,False,0,0,0.0,0.0,False,False,0,0,0.0,0.0,False,False,0,0,0.0,0.0,False,False,0,0,0.0,0.0
409828_2018-11-20_12-12-08_filtered_2026-04-09_05-50-16,3,196,0.16388000000006286,False,False,0,0,0.0,0.0,False,False,0,0,0.0,0.0,False,False,0,0,0.0,0.0,False,False,0,0,0.0,0.0,False,False,0,0,0.0,0.0,False,False,0,0,0.0,0.0
409828_2018-11-20_12-12-08_filtered_2026-04-09_05-50-16,3,197,0.16388000000006286,False,False,0,0,0.0,0.0,True,True,2,1,0.6666666666666666,1.0,True,True,2,3,0.75,0.3333333333333333,True,False,1,0,1.0,0.0,True,False,1,0,1.0,0.0,True,True,3,1,0.5,1.0
409828_2018-11-20_12-12-08_filtered_2026-04-09_05-50-16,3,199,0.16388000000006286,False,False,0,0,0.0,0.0,False,False,0,0,0.0,0.0,False,False,0,0,0.0,0.0,False,False,0,0,0.0,0.0,False,False,0,0,0.0,0.0,False,False,0,0,0.0,0.0
409828_2018-11-20_12-12-08_filtered_2026-04-09_05-50-16,3,201,0.16388000000006286,False,False,0,0,0.0,0.0,False,False,0,0,0.0,0.0,False,False,0,0,0.0,0.0,False,False,0,0,0.0,0.0,False,False,0,0,0.0,0.0,False,True,0,1,0.0,1.0
409828_2018-11-20_12-12-08_filtered_2026-04-09_05-50-16,3,202,0.16388000000006286,False,False,0,0,0.0,0.0,False,False,0,0,0.0,0.0,False,False,0,0,0.0,0.0,False,False,0,0,0.0,0.0,False,False,0,0,0.0,0.0,False,False,0,0,0.0,0.0
409828_2018-11-20_12-12-08_filtered_2026-04-09_05-50-16,3,203,0.16388000000006286,False,False,0,0,0.0,0.0,False,False,0,0,0.0,0.0,False,False,0,0,0.0,0.0,False,False,0,0,0.0,0.0,False,False,0,0,0.0,0.0,False,False,0,0,0.0,0.0
409828_2018-11-20_12-12-08_filtered_2026-04-09_05-50-16,3,205,0.16388000000006286,False,False,0,0,0.0,0.0,False,False,0,0,0.0,0.0,False,False,0,0,0.0,0.0,False,False,0,0,0.0,0.0,False,False,0,0,0.0,0.0,False,False,0,0,0.0,0.0
409828_2018-11-20_12-12-08_filtered_2026-04-09_05-50-16,3,206,0.16388000000006286,False,False,0,0,0.0,0.0,False,False,0,0,0.0,0.0,False,False,0,0,0.0,0.0,False,False,0,0,0.0,0.0,False,False,0,0,0.0,0.0,False,False,0,0,0.0,0.0
409828_2018-11-20_12-12-08_filtered_2026-04-09_05-50-16,3,207,0.16388000000006286,False,False,0,0,0.0,0.0,False,False,0,0,0.0,0.0,False,False,0,0,0.0,0.0,False,False,0,0,0.0,0.0,False,False,0,0,0.0,0.0,False,False,0,0,0.0,0.0
409828_2018-11-20_12-12-08_filtered_2026-04-09_05-50-16,3,208,0.16388000000006286,False,False,0,0,0.0,0.0,False,False,0,0,0.0,0.0,True,False,1,0,1.0,0.0,False,False,0,0,0.0,0.0,False,False,0,0,0.0,0.0,False,False,0,0,0.0,0.0
409828_2018-11-20_12-12-08_filtered_2026-04-09_05-50-16,3,209,0.16388000000006286,False,False,0,0,0.0,0.0,False,False,0,0,0.0,0.0,False,False,0,0,0.0,0.0,False,False,0,0,0.0,0.0,False,False,0,0,0.0,0.0,False,False,0,0,0.0,0.0
409828_2018-11-20_12-12-08_filtered_2026-04-09_05-50-16,3,210,0.16388000000006286,False,False,0,0,0.0,0.0,False,False,0,0,0.0,0.0,False,False,0,0,0.0,0.0,False,False,0,0,0.0,0.0,False,False,0,0,0.0,0.0,False,False,0,0,0.0,0.0
409828_2018-11-20_12-12-08_filtered_2026-04-09_05-50-16,3,211,0.16388000000006286,False,False,0,0,0.0,0.0,False,False,0,0,0.0,0.0,False,False,0,0,0.0,0.0,False,False,0,0,0.0,0.0,False,False,0,0,0.0,0.0,False,False,0,0,0.0,0.0
409828_2018-11-20_12-12-08_filtered_2026-04-09_05-50-16,3,213,0.16388000000006286,False,False,0,0,0.0,0.0,False,False,0,0,0.0,0.0,True,False,1,0,1.0,0.0,False,False,0,0,0.0,0.0,False,False,0,0,0.0,0.0,False,False,0,0,0.0,0.0
409828_2018-11-20_12-12-08_filtered_2026-04-09_05-50-16,3,216,0.16388000000006286,False,False,0,0,0.0,0.0,False,False,0,0,0.0,0.0,False,False,0,0,0.0,0.0,False,False,0,0,0.0,0.0,False,False,0,0,0.0,0.0,False,False,0,0,0.0,0.0
409828_2018-11-20_12-12-08_filtered_2026-04-09_05-50-16,3,217,0.16388000000006286,False,False,0,0,0.0,0.0,False,False,0,0,0.0,0.0,False,False,0,0,0.0,0.0,False,False,0,0,0.0,0.0,False,False,0,0,0.0,0.0,True,False,1,0,1.0,0.0
409828_2018-11-20_12-12-08_filtered_2026-04-09_05-50-16,3,219,0.16388000000006286,False,False,0,0,0.0,0.0,False,False,0,0,0.0,0.0,False,False,0,0,0.0,0.0,False,False,0,0,0.0,0.0,False,False,0,0,0.0,0.0,False,False,0,0,0.0,0.0
409828_2018-11-20_12-12-08_filtered_2026-04-09_05-50-16,3,220,0.16388000000006286,False,False,0,0,0.0,0.0,False,False,0,0,0.0,0.0,False,False,0,0,0.0,0.0,False,False,0,0,0.0,0.0,False,False,0,0,0.0,0.0,False,False,0,0,0.0,0.0
409828_2018-11-20_12-12-08_filtered_2026-04-09_05-50-16,3,221,0.16388000000006286,False,False,0,0,0.0,0.0,False,False,0,0,0.0,0.0,True,True,1,1,1.0,1.0,False,False,0,0,0.0,0.0,True,False,1,0,1.0,0.0,True,False,2,0,0.6666666666666666,0.0
409828_2018-11-20_12-12-08_filtered_2026-04-09_05-50-16,3,222,0.16388000000006286,False,False,0,0,0.0,0.0,False,False,0,0,0.0,0.0,False,True,0,1,0.0,1.0,False,False,0,0,0.0,0.0,False,False,0,0,0.0,0.0,False,False,0,0,0.0,0.0
409828_2018-11-20_12-12-08_filtered_2026-04-09_05-50-16,3,223,0.16388000000006286,False,False,0,0,0.0,0.0,False,False,0,0,0.0,0.0,False,False,0,0,0.0,0.0,False,False,0,0,0.0,0.0,False,False,0,0,0.0,0.0,False,False,0,0,0.0,0.0
409828_2018-11-20_12-12-08_filtered_2026-04-09_05-50-16,3,224,0.16388000000006286,False,False,0,0,0.0,0.0,False,False,0,0,0.0,0.0,False,False,0,0,0.0,0.0,False,False,0,0,0.0,0.0,False,False,0,0,0.0,0.0,False,False,0,0,0.0,0.0
409828_2018-11-20_12-12-08_filtered_2026-04-09_05-50-16,3,226,0.16388000000006286,False,False,0,0,0.0,0.0,False,False,0,0,0.0,0.0,False,False,0,0,0.0,0.0,False,False,0,0,0.0,0.0,False,False,0,0,0.0,0.0,False,False,0,0,0.0,0.0
409828_2018-11-20_12-12-08_filtered_2026-04-09_05-50-16,3,227,0.16388000000006286,False,False,0,0,0.0,0.0,False,False,0,0,0.0,0.0,False,False,0,0,0.0,0.0,False,False,0,0,0.0,0.0,False,False,0,0,0.0,0.0,False,False,0,0,0.0,0.0
409828_2018-11-20_12-12-08_filtered_2026-04-09_05-50-16,3,228,0.16388000000006286,False,False,0,0,0.0,0.0,False,False,0,0,0.0,0.0,False,False,0,0,0.0,0.0,False,False,0,0,0.0,0.0,False,False,0,0,0.0,0.0,False,False,0,0,0.0,0.0
409828_2018-11-20_12-12-08_filtered_2026-04-09_05-50-16,3,229,0.16388000000006286,False,False,0,0,0.0,0.0,False,False,0,0,0.0,0.0,False,False,0,0,0.0,0.0,False,False,0,0,0.0,0.0,False,False,0,0,0.0,0.0,False,False,0,0,0.0,0.0
409828_2018-11-20_12-12-08_filtered_2026-04-09_05-50-16,3,230,0.16388000000006286,False,False,0,0,0.0,0.0,False,False,0,0,0.0,0.0,False,False,0,0,0.0,0.0,False,False,0,0,0.0,0.0,False,False,0,0,0.0,0.0,False,False,0,0,0.0,0.0
409828_2018-11-20_12-12-08_filtered_2026-04-09_05-50-16,3,231,0.16388000000006286,False,False,0,0,0.0,0.0,False,False,0,0,0.0,0.0,True,False,1,0,1.0,0.0,False,False,0,0,0.0,0.0,False,False,0,0,0.0,0.0,False,False,0,0,0.0,0.0
409828_2018-11-20_12-12-08_filtered_2026-04-09_05-50-16,3,232,0.16388000000006286,False,False,0,0,0.0,0.0,False,False,0,0,0.0,0.0,False,False,0,0,0.0,0.0,False,False,0,0,0.0,0.0,False,False,0,0,0.0,0.0,False,False,0,0,0.0,0.0
409828_2018-11-20_12-12-08_filtered_2026-04-09_05-50-16,3,233,0.16388000000006286,False,False,0,0,0.0,0.0,False,False,0,0,0.0,0.0,False,False,0,0,0.0,0.0,False,False,0,0,0.0,0.0,False,False,0,0,0.0,0.0,False,False,0,0,0.0,0.0
409828_2018-11-20_12-12-08_filtered_2026-04-09_05-50-16,3,234,0.16388000000006286,False,False,0,0,0.0,0.0,False,False,0,0,0.0,0.0,True,True,1,1,1.0,1.0,False,False,0,0,0.0,0.0,False,True,0,1,0.0,1.0,True,True,1,1,1.0,1.0
409828_2018-11-20_12-12-08_filtered_2026-04-09_05-50-16,3,236,0.16388000000006286,False,False,0,0,0.0,0.0,False,False,0,0,0.0,0.0,True,False,1,0,1.0,0.0,False,False,0,0,0.0,0.0,True,False,1,0,1.0,0.0,True,False,1,0,1.0,0.0
409828_2018-11-20_12-12-08_filtered_2026-04-09_05-50-16,3,237,0.16388000000006286,False,False,0,0,0.0,0.0,False,False,0,0,0.0,0.0,False,False,0,0,0.0,0.0,False,False,0,0,0.0,0.0,False,False,0,0,0.0,0.0,False,False,0,0,0.0,0.0
409828_2018-11-20_12-12-08_filtered_2026-04-09_05-50-16,3,238,0.16388000000006286,False,False,0,0,0.0,0.0,False,False,0,0,0.0,0.0,False,False,0,0,0.0,0.0,False,False,0,0,0.0,0.0,False,False,0,0,0.0,0.0,False,False,0,0,0.0,0.0
409828_2018-11-20_12-12-08_filtered_2026-04-09_05-50-16,3,239,0.16388000000006286,False,False,0,0,0.0,0.0,False,False,0,0,0.0,0.0,False,False,0,0,0.0,0.0,False,False,0,0,0.0,0.0,False,False,0,0,0.0,0.0,True,True,1,2,1.0,0.5
409828_2018-11-20_12-12-08_filtered_2026-04-09_05-50-16,3,241,0.16388000000006286,False,False,0,0,0.0,0.0,False,False,0,0,0.0,0.0,False,True,0,1,0.0,1.0,False,False,0,0,0.0,0.0,False,True,0,1,0.0,1.0,False,True,0,1,0.0,1.0
409828_2018-11-20_12-12-08_filtered_2026-04-09_05-50-16,3,244,0.16388000000006286,False,False,0,0,0.0,0.0,False,False,0,0,0.0,0.0,False,False,0,0,0.0,0.0,False,False,0,0,0.0,0.0,False,False,0,0,0.0,0.0,False,False,0,0,0.0,0.0
409828_2018-11-20_12-12-08_filtered_2026-04-09_05-50-16,3,245,0.16388000000006286,False,False,0,0,0.0,0.0,False,False,0,0,0.0,0.0,False,False,0,0,0.0,0.0,False,False,0,0,0.0,0.0,False,False,0,0,0.0,0.0,False,False,0,0,0.0,0.0
409828_2018-11-20_12-12-08_filtered_2026-04-09_05-50-16,3,247,0.16388000000006286,False,False,0,0,0.0,0.0,False,False,0,0,0.0,0.0,False,False,0,0,0.0,0.0,False,False,0,0,0.0,0.0,False,False,0,0,0.0,0.0,False,False,0,0,0.0,0.0
409828_2018-11-20_12-12-08_filtered_2026-04-09_05-50-16,3,248,0.16388000000006286,False,False,0,0,0.0,0.0,False,False,0,0,0.0,0.0,False,False,0,0,0.0,0.0,False,False,0,0,0.0,0.0,False,False,0,0,0.0,0.0,False,False,0,0,0.0,0.0
409828_2018-11-20_12-12-08_filtered_2026-04-09_05-50-16,3,249,0.16388000000006286,False,False,0,0,0.0,0.0,False,False,0,0,0.0,0.0,False,False,0,0,0.0,0.0,False,False,0,0,0.0,0.0,False,False,0,0,0.0,0.0,False,False,0,0,0.0,0.0
409828_2018-11-20_12-12-08_filtered_2026-04-09_05-50-16,3,250,0.16388000000006286,False,False,0,0,0.0,0.0,False,False,0,0,0.0,0.0,False,False,0,0,0.0,0.0,False,False,0,0,0.0,0.0,False,False,0,0,0.0,0.0,False,False,0,0,0.0,0.0
409828_2018-11-20_12-12-08_filtered_2026-04-09_05-50-16,3,251,0.16388000000006286,False,False,0,0,0.0,0.0,False,False,0,0,0.0,0.0,False,False,0,0,0.0,0.0,False,False,0,0,0.0,0.0,False,False,0,0,0.0,0.0,False,False,0,0,0.0,0.0
409828_2018-11-20_12-12-08_filtered_2026-04-09_05-50-16,3,252,0.16388000000006286,False,False,0,0,0.0,0.0,False,False,0,0,0.0,0.0,True,True,4,3,0.25,0.3333333333333333,False,False,0,0,0.0,0.0,True,False,1,0,1.0,0.0,False,False,0,0,0.0,0.0
409828_2018-11-20_12-12-08_filtered_2026-04-09_05-50-16,3,254,0.16388000000006286,False,False,0,0,0.0,0.0,False,False,0,0,0.0,0.0,False,False,0,0,0.0,0.0,False,False,0,0,0.0,0.0,False,False,0,0,0.0,0.0,False,False,0,0,0.0,0.0
409828_2018-11-20_12-12-08_filtered_2026-04-09_05-50-16,3,256,0.16388000000006286,False,False,0,0,0.0,0.0,False,False,0,0,0.0,0.0,False,False,0,0,0.0,0.0,False,False,0,0,0.0,0.0,False,False,0,0,0.0,0.0,False,False,0,0,0.0,0.0
409828_2018-11-20_12-12-08_filtered_2026-04-09_05-50-16,3,257,0.16388000000006286,False,False,0,0,0.0,0.0,False,True,0,1,0.0,1.0,True,False,1,0,1.0,0.0,False,False,0,0,0.0,0.0,True,False,1,0,1.0,0.0,False,False,0,0,0.0,0.0
409828_2018-11-20_12-12-08_filtered_2026-04-09_05-50-16,3,259,0.16388000000006286,False,False,0,0,0.0,0.0,False,False,0,0,0.0,0.0,False,False,0,0,0.0,0.0,False,False,0,0,0.0,0.0,False,False,0,0,0.0,0.0,False,False,0,0,0.0,0.0
409828_2018-11-20_12-12-08_filtered_2026-04-09_05-50-16,3,261,0.16388000000006286,False,False,0,0,0.0,0.0,False,False,0,0,0.0,0.0,False,True,0,1,0.0,1.0,False,False,0,0,0.0,0.0,False,False,0,0,0.0,0.0,False,False,0,0,0.0,0.0
409828_2018-11-20_12-12-08_filtered_2026-04-09_05-50-16,3,263,0.16388000000006286,False,False,0,0,0.0,0.0,True,False,1,0,1.0,0.0,False,False,0,0,0.0,0.0,False,False,0,0,0.0,0.0,False,False,0,0,0.0,0.0,False,False,0,0,0.0,0.0
409828_2018-11-20_12-12-08_filtered_2026-04-09_05-50-16,3,264,0.16388000000006286,False,False,0,0,0.0,0.0,False,False,0,0,0.0,0.0,False,False,0,0,0.0,0.0,False,False,0,0,0.0,0.0,False,False,0,0,0.0,0.0,False,False,0,0,0.0,0.0
409828_2018-11-20_12-12-08_filtered_2026-04-09_05-50-16,3,267,0.16388000000006286,False,False,0,0,0.0,0.0,False,False,0,0,0.0,0.0,False,False,0,0,0.0,0.0,False,False,0,0,0.0,0.0,False,False,0,0,0.0,0.0,False,False,0,0,0.0,0.0
409828_2018-11-20_12-12-08_filtered_2026-04-09_05-50-16,3,269,0.16388000000006286,False,False,0,0,0.0,0.0,False,False,0,0,0.0,0.0,False,False,0,0,0.0,0.0,False,False,0,0,0.0,0.0,False,False,0,0,0.0,0.0,False,False,0,0,0.0,0.0
409828_2018-11-20_12-12-08_filtered_2026-04-09_05-50-16,3,271,0.16388000000006286,False,False,0,0,0.0,0.0,False,False,0,0,0.0,0.0,False,False,0,0,0.0,0.0,False,False,0,0,0.0,0.0,False,False,0,0,0.0,0.0,False,False,0,0,0.0,0.0
409828_2018-11-20_12-12-08_filtered_2026-04-09_05-50-16,3,272,0.16388000000006286,False,False,0,0,0.0,0.0,False,False,0,0,0.0,0.0,False,False,0,0,0.0,0.0,False,False,0,0,0.0,0.0,False,False,0,0,0.0,0.0,False,False,0,0,0.0,0.0
409828_2018-11-20_12-12-08_filtered_2026-04-09_05-50-16,3,275,0.16388000000006286,False,False,0,0,0.0,0.0,False,False,0,0,0.0,0.0,False,False,0,0,0.0,0.0,False,False,0,0,0.0,0.0,False,False,0,0,0.0,0.0,False,False,0,0,0.0,0.0
409828_2018-11-20_12-12-08_filtered_2026-04-09_05-50-16,3,276,0.16388000000006286,False,False,0,0,0.0,0.0,False,False,0,0,0.0,0.0,True,False,2,0,0.6666666666666666,0.0,False,False,0,0,0.0,0.0,False,False,0,0,0.0,0.0,False,False,0,0,0.0,0.0
409828_2018-11-20_12-12-08_filtered_2026-04-09_05-50-16,3,278,0.16388000000006286,False,False,0,0,0.0,0.0,False,False,0,0,0.0,0.0,False,False,0,0,0.0,0.0,False,False,0,0,0.0,0.0,False,False,0,0,0.0,0.0,False,False,0,0,0.0,0.0
409828_2018-11-20_12-12-08_filtered_2026-04-09_05-50-16,3,279,0.16388000000006286,False,False,0,0,0.0,0.0,False,False,0,0,0.0,0.0,False,False,0,0,0.0,0.0,False,False,0,0,0.0,0.0,False,False,0,0,0.0,0.0,False,False,0,0,0.0,0.0
409828_2018-11-20_12-12-08_filtered_2026-04-09_05-50-16,3,280,0.16388000000006286,False,False,0,0,0.0,0.0,False,False,0,0,0.0,0.0,False,False,0,0,0.0,0.0,False,False,0,0,0.0,0.0,False,False,0,0,0.0,0.0,False,False,0,0,0.0,0.0
409828_2018-11-20_12-12-08_filtered_2026-04-09_05-50-16,3,281,0.16388000000006286,False,False,0,0,0.0,0.0,False,False,0,0,0.0,0.0,False,False,0,0,0.0,0.0,False,False,0,0,0.0,0.0,False,False,0,0,0.0,0.0,False,False,0,0,0.0,0.0
409828_2018-11-20_12-12-08_filtered_2026-04-09_05-50-16,3,282,0.16388000000006286,False,False,0,0,0.0,0.0,False,False,0,0,0.0,0.0,False,False,0,0,0.0,0.0,False,False,0,0,0.0,0.0,False,False,0,0,0.0,0.0,False,False,0,0,0.0,0.0
409828_2018-11-20_12-12-08_filtered_2026-04-09_05-50-16,3,283,0.16388000000006286,False,False,0,0,0.0,0.0,False,False,0,0,0.0,0.0,False,False,0,0,0.0,0.0,False,False,0,0,0.0,0.0,False,False,0,0,0.0,0.0,False,False,0,0,0.0,0.0
409828_2018-11-20_12-12-08_filtered_2026-04-09_05-50-16,3,284,0.16388000000006286,False,False,0,0,0.0,0.0,False,False,0,0,0.0,0.0,False,False,0,0,0.0,0.0,False,False,0,0,0.0,0.0,False,False,0,0,0.0,0.0,False,False,0,0,0.0,0.0
409828_2018-11-20_12-12-08_filtered_2026-04-09_05-50-16,3,286,0.16388000000006286,True,False,1,0,1.0,0.0,False,False,0,0,0.0,0.0,False,False,0,0,0.0,0.0,False,False,0,0,0.0,0.0,False,False,0,0,0.0,0.0,False,False,0,0,0.0,0.0
409828_2018-11-20_12-12-08_filtered_2026-04-09_05-50-16,3,287,0.16388000000006286,False,False,0,0,0.0,0.0,False,False,0,0,0.0,0.0,False,False,0,0,0.0,0.0,False,False,0,0,0.0,0.0,False,False,0,0,0.0,0.0,False,False,0,0,0.0,0.0
409828_2018-11-20_12-12-08_filtered_2026-04-09_05-50-16,3,289,0.16388000000006286,False,False,0,0,0.0,0.0,False,False,0,0,0.0,0.0,False,False,0,0,0.0,0.0,False,False,0,0,0.0,0.0,False,False,0,0,0.0,0.0,False,False,0,0,0.0,0.0
409828_2018-11-20_12-12-08_filtered_2026-04-09_05-50-16,3,290,0.16388000000006286,False,False,0,0,0.0,0.0,False,False,0,0,0.0,0.0,False,False,0,0,0.0,0.0,False,False,0,0,0.0,0.0,False,False,0,0,0.0,0.0,False,False,0,0,0.0,0.0
409828_2018-11-20_12-12-08_filtered_2026-04-09_05-50-16,3,293,0.16388000000006286,False,False,0,0,0.0,0.0,False,False,0,0,0.0,0.0,False,False,0,0,0.0,0.0,False,False,0,0,0.0,0.0,False,False,0,0,0.0,0.0,False,False,0,0,0.0,0.0
409828_2018-11-20_12-12-08_filtered_2026-04-09_05-50-16,3,294,0.16388000000006286,False,False,0,0,0.0,0.0,False,False,0,0,0.0,0.0,False,False,0,0,0.0,0.0,False,False,0,0,0.0,0.0,False,False,0,0,0.0,0.0,False,False,0,0,0.0,0.0
409828_2018-11-20_12-12-08_filtered_2026-04-09_05-50-16,3,295,0.16388000000006286,False,False,0,0,0.0,0.0,False,False,0,0,0.0,0.0,False,True,0,1,0.0,1.0,False,True,0,1,0.0,1.0,False,True,0,1,0.0,1.0,False,True,0,1,0.0,1.0
409828_2018-11-20_12-12-08_filtered_2026-04-09_05-50-16,3,296,0.16388000000006286,False,False,0,0,0.0,0.0,False,False,0,0,0.0,0.0,False,False,0,0,0.0,0.0,False,False,0,0,0.0,0.0,False,False,0,0,0.0,0.0,False,False,0,0,0.0,0.0
409828_2018-11-20_12-12-08_filtered_2026-04-09_05-50-16,3,297,0.16388000000006286,False,False,0,0,0.0,0.0,False,False,0,0,0.0,0.0,True,False,1,0,1.0,0.0,False,False,0,0,0.0,0.0,True,False,1,0,1.0,0.0,True,False,1,0,1.0,0.0
409828_2018-11-20_12-12-08_filtered_2026-04-09_05-50-16,3,301,0.16388000000006286,False,False,0,0,0.0,0.0,False,False,0,0,0.0,0.0,False,False,0,0,0.0,0.0,False,False,0,0,0.0,0.0,False,False,0,0,0.0,0.0,False,False,0,0,0.0,0.0
409828_2018-11-20_12-12-08_filtered_2026-04-09_05-50-16,3,303,0.16388000000006286,False,False,0,0,0.0,0.0,False,False,0,0,0.0,0.0,False,False,0,0,0.0,0.0,False,False,0,0,0.0,0.0,False,False,0,0,0.0,0.0,False,False,0,0,0.0,0.0
409828_2018-11-20_12-12-08_filtered_2026-04-09_05-50-16,3,304,0.16388000000006286,False,False,0,0,0.0,0.0,False,False,0,0,0.0,0.0,False,False,0,0,0.0,0.0,False,False,0,0,0.0,0.0,False,False,0,0,0.0,0.0,False,False,0,0,0.0,0.0
409828_2018-11-20_12-12-08_filtered_2026-04-09_05-50-16,3,305,0.16388000000006286,False,False,0,0,0.0,0.0,False,False,0,0,0.0,0.0,False,False,0,0,0.0,0.0,False,False,0,0,0.0,0.0,False,False,0,0,0.0,0.0,False,False,0,0,0.0,0.0
409828_2018-11-20_12-12-08_filtered_2026-04-09_05-50-16,3,307,0.16388000000006286,False,False,0,0,0.0,0.0,False,False,0,0,0.0,0.0,False,False,0,0,0.0,0.0,False,False,0,0,0.0,0.0,False,False,0,0,0.0,0.0,False,False,0,0,0.0,0.0
409828_2018-11-20_12-12-08_filtered_2026-04-09_05-50-16,3,308,0.16388000000006286,False,False,0,0,0.0,0.0,False,True,0,2,0.0,0.5,True,True,3,3,0.6,0.3333333333333333,False,False,0,0,0.0,0.0,True,False,1,0,1.0,0.0,True,True,2,5,0.75,0.2
409828_2018-11-20_12-12-08_filtered_2026-04-09_05-50-16,3,309,0.16388000000006286,False,False,0,0,0.0,0.0,False,False,0,0,0.0,0.0,False,False,0,0,0.0,0.0,False,False,0,0,0.0,0.0,False,False,0,0,0.0,0.0,False,False,0,0,0.0,0.0
409828_2018-11-20_12-12-08_filtered_2026-04-09_05-50-16,3,314,0.16388000000006286,False,False,0,0,0.0,0.0,False,False,0,0,0.0,0.0,False,False,0,0,0.0,0.0,False,False,0,0,0.0,0.0,False,False,0,0,0.0,0.0,False,False,0,0,0.0,0.0
409828_2018-11-20_12-12-08_filtered_2026-04-09_05-50-16,3,318,0.16388000000006286,False,False,0,0,0.0,0.0,False,False,0,0,0.0,0.0,False,False,0,0,0.0,0.0,False,False,0,0,0.0,0.0,False,False,0,0,0.0,0.0,False,False,0,0,0.0,0.0
409828_2018-11-20_12-12-08_filtered_2026-04-09_05-50-16,3,321,0.16388000000006286,False,False,0,0,0.0,0.0,False,False,0,0,0.0,0.0,False,False,0,0,0.0,0.0,False,False,0,0,0.0,0.0,False,False,0,0,0.0,0.0,False,False,0,0,0.0,0.0
409828_2018-11-20_12-12-08_filtered_2026-04-09_05-50-16,3,323,0.16388000000006286,False,False,0,0,0.0,0.0,False,False,0,0,0.0,0.0,False,False,0,0,0.0,0.0,False,False,0,0,0.0,0.0,False,False,0,0,0.0,0.0,False,False,0,0,0.0,0.0
409828_2018-11-20_12-12-08_filtered_2026-04-09_05-50-16,3,325,0.16388000000006286,False,False,0,0,0.0,0.0,False,False,0,0,0.0,0.0,False,False,0,0,0.0,0.0,False,False,0,0,0.0,0.0,False,False,0,0,0.0,0.0,False,False,0,0,0.0,0.0
409828_2018-11-20_12-12-08_filtered_2026-04-09_05-50-16,3,326,0.16388000000006286,False,False,0,0,0.0,0.0,False,False,0,0,0.0,0.0,False,False,0,0,0.0,0.0,False,False,0,0,0.0,0.0,False,False,0,0,0.0,0.0,False,False,0,0,0.0,0.0
409828_2018-11-20_12-12-08_filtered_2026-04-09_05-50-16,3,328,0.16388000000006286,False,False,0,0,0.0,0.0,False,False,0,0,0.0,0.0,False,False,0,0,0.0,0.0,False,False,0,0,0.0,0.0,False,False,0,0,0.0,0.0,False,False,0,0,0.0,0.0
409828_2018-11-20_12-12-08_filtered_2026-04-09_05-50-16,3,331,0.16388000000006286,False,False,0,0,0.0,0.0,False,False,0,0,0.0,0.0,False,False,0,0,0.0,0.0,False,False,0,0,0.0,0.0,False,False,0,0,0.0,0.0,False,False,0,0,0.0,0.0
409828_2018-11-20_12-12-08_filtered_2026-04-09_05-50-16,3,332,0.16388000000006286,False,False,0,0,0.0,0.0,False,False,0,0,0.0,0.0,False,False,0,0,0.0,0.0,False,False,0,0,0.0,0.0,False,False,0,0,0.0,0.0,False,False,0,0,0.0,0.0
409828_2018-11-20_12-12-08_filtered_2026-04-09_05-50-16,3,352,0.16388000000006286,False,False,0,0,0.0,0.0,False,False,0,0,0.0,0.0,False,False,0,0,0.0,0.0,False,False,0,0,0.0,0.0,False,False,0,0,0.0,0.0,False,False,0,0,0.0,0.0
409828_2018-11-20_12-12-08_filtered_2026-04-09_05-50-16,3,353,0.16388000000006286,False,False,0,0,0.0,0.0,False,False,0,0,0.0,0.0,False,False,0,0,0.0,0.0,False,False,0,0,0.0,0.0,False,False,0,0,0.0,0.0,False,False,0,0,0.0,0.0
409828_2018-11-20_12-12-08_filtered_2026-04-09_05-50-16,3,357,0.16388000000006286,False,False,0,0,0.0,0.0,False,False,0,0,0.0,0.0,True,False,1,0,1.0,0.0,False,False,0,0,0.0,0.0,False,False,0,0,0.0,0.0,False,False,0,0,0.0,0.0
409828_2018-11-20_12-12-08_filtered_2026-04-09_05-50-16,3,359,0.16388000000006286,False,False,0,0,0.0,0.0,False,False,0,0,0.0,0.0,False,False,0,0,0.0,0.0,False,False,0,0,0.0,0.0,False,False,0,0,0.0,0.0,False,False,0,0,0.0,0.0
409828_2018-11-20_12-12-08_filtered_2026-04-09_05-50-16,3,364,0.16388000000006286,False,False,0,0,0.0,0.0,False,False,0,0,0.0,0.0,False,False,0,0,0.0,0.0,False,False,0,0,0.0,0.0,False,False,0,0,0.0,0.0,False,False,0,0,0.0,0.0
409828_2018-11-20_12-12-08_filtered_2026-04-09_05-50-16,3,365,0.16388000000006286,False,False,0,0,0.0,0.0,False,False,0,0,0.0,0.0,False,False,0,0,0.0,0.0,False,False,0,0,0.0,0.0,False,False,0,0,0.0,0.0,False,False,0,0,0.0,0.0
409828_2018-11-20_12-12-08_filtered_2026-04-09_05-50-16,3,373,0.16388000000006286,False,False,0,0,0.0,0.0,False,False,0,0,0.0,0.0,False,False,0,0,0.0,0.0,False,False,0,0,0.0,0.0,False,False,0,0,0.0,0.0,False,False,0,0,0.0,0.0
409828_2018-11-20_12-12-08_filtered_2026-04-09_05-50-16,3,376,0.16388000000006286,False,False,0,0,0.0,0.0,False,False,0,0,0.0,0.0,True,True,1,1,1.0,1.0,False,False,0,0,0.0,0.0,True,False,1,0,1.0,0.0,True,False,2,0,0.6666666666666666,0.0
409828_2018-11-20_12-12-08_filtered_2026-04-09_05-50-16,3,380,0.16388000000006286,False,False,0,0,0.0,0.0,False,False,0,0,0.0,0.0,False,False,0,0,0.0,0.0,False,False,0,0,0.0,0.0,False,False,0,0,0.0,0.0,False,False,0,0,0.0,0.0
409828_2018-11-20_12-12-08_filtered_2026-04-09_05-50-16,3,382,0.16388000000006286,False,False,0,0,0.0,0.0,False,False,0,0,0.0,0.0,False,False,0,0,0.0,0.0,False,False,0,0,0.0,0.0,False,False,0,0,0.0,0.0,False,False,0,0,0.0,0.0
409828_2018-11-20_12-12-08_filtered_2026-04-09_05-50-16,3,383,0.16388000000006286,False,False,0,0,0.0,0.0,False,False,0,0,0.0,0.0,False,False,0,0,0.0,0.0,False,False,0,0,0.0,0.0,False,False,0,0,0.0,0.0,False,False,0,0,0.0,0.0
409828_2018-11-20_12-12-08_filtered_2026-04-09_05-50-16,3,384,0.16388000000006286,False,False,0,0,0.0,0.0,False,False,0,0,0.0,0.0,False,False,0,0,0.0,0.0,False,False,0,0,0.0,0.0,False,False,0,0,0.0,0.0,False,False,0,0,0.0,0.0
409828_2018-11-20_12-12-08_filtered_2026-04-09_05-50-16,3,385,0.16388000000006286,False,False,0,0,0.0,0.0,False,False,0,0,0.0,0.0,False,False,0,0,0.0,0.0,False,False,0,0,0.0,0.0,False,False,0,0,0.0,0.0,False,False,0,0,0.0,0.0
409828_2018-11-20_12-12-08_filtered_2026-04-09_05-50-16,3,389,0.16388000000006286,False,False,0,0,0.0,0.0,False,False,0,0,0.0,0.0,False,False,0,0,0.0,0.0,False,False,0,0,0.0,0.0,False,False,0,0,0.0,0.0,False,False,0,0,0.0,0.0
409828_2018-11-20_12-12-08_filtered_2026-04-09_05-50-16,3,390,0.16388000000006286,False,False,0,0,0.0,0.0,False,False,0,0,0.0,0.0,False,False,0,0,0.0,0.0,False,False,0,0,0.0,0.0,False,False,0,0,0.0,0.0,False,False,0,0,0.0,0.0
409828_2018-11-20_12-12-08_filtered_2026-04-09_05-50-16,3,391,0.16388000000006286,False,False,0,0,0.0,0.0,False,False,0,0,0.0,0.0,False,False,0,0,0.0,0.0,False,False,0,0,0.0,0.0,False,False,0,0,0.0,0.0,False,False,0,0,0.0,0.0
409828_2018-11-20_12-12-08_filtered_2026-04-09_05-50-16,3,392,0.16388000000006286,False,False,0,0,0.0,0.0,False,False,0,0,0.0,0.0,False,False,0,0,0.0,0.0,False,False,0,0,0.0,0.0,False,False,0,0,0.0,0.0,False,False,0,0,0.0,0.0
409828_2018-11-20_12-12-08_filtered_2026-04-09_05-50-16,3,401,0.16388000000006286,False,False,0,0,0.0,0.0,False,False,0,0,0.0,0.0,False,False,0,0,0.0,0.0,False,False,0,0,0.0,0.0,False,False,0,0,0.0,0.0,False,False,0,0,0.0,0.0
409828_2018-11-20_12-12-08_filtered_2026-04-09_05-50-16,3,402,0.16388000000006286,False,False,0,0,0.0,0.0,False,False,0,0,0.0,0.0,False,True,0,1,0.0,1.0,False,False,0,0,0.0,0.0,False,True,0,1,0.0,1.0,False,False,0,0,0.0,0.0
409828_2018-11-20_12-12-08_filtered_2026-04-09_05-50-16,3,407,0.16388000000006286,False,False,0,0,0.0,0.0,False,False,0,0,0.0,0.0,False,False,0,0,0.0,0.0,False,False,0,0,0.0,0.0,False,False,0,0,0.0,0.0,True,False,1,0,1.0,0.0
409828_2018-11-20_12-12-08_filtered_2026-04-09_05-50-16,3,412,0.16388000000006286,False,False,0,0,0.0,0.0,False,False,0,0,0.0,0.0,False,False,0,0,0.0,0.0,False,False,0,0,0.0,0.0,False,False,0,0,0.0,0.0,False,False,0,0,0.0,0.0
409828_2018-11-20_12-12-08_filtered_2026-04-09_05-50-16,3,413,0.16388000000006286,False,False,0,0,0.0,0.0,False,False,0,0,0.0,0.0,False,False,0,0,0.0,0.0,False,False,0,0,0.0,0.0,False,False,0,0,0.0,0.0,False,False,0,0,0.0,0.0
409828_2018-11-20_12-12-08_filtered_2026-04-09_05-50-16,3,414,0.16388000000006286,False,False,0,0,0.0,0.0,False,False,0,0,0.0,0.0,False,False,0,0,0.0,0.0,False,False,0,0,0.0,0.0,False,False,0,0,0.0,0.0,False,False,0,0,0.0,0.0
409828_2018-11-20_12-12-08_filtered_2026-04-09_05-50-16,3,423,0.16388000000006286,False,False,0,0,0.0,0.0,False,False,0,0,0.0,0.0,False,False,0,0,0.0,0.0,False,False,0,0,0.0,0.0,False,False,0,0,0.0,0.0,False,False,0,0,0.0,0.0
409828_2018-11-20_12-12-08_filtered_2026-04-09_05-50-16,3,439,0.16388000000006286,False,False,0,0,0.0,0.0,False,False,0,0,0.0,0.0,False,False,0,0,0.0,0.0,False,False,0,0,0.0,0.0,False,False,0,0,0.0,0.0,False,False,0,0,0.0,0.0
409828_2018-11-20_12-12-08_filtered_2026-04-09_05-50-16,3,444,0.16388000000006286,False,False,0,0,0.0,0.0,False,False,0,0,0.0,0.0,False,False,0,0,0.0,0.0,False,False,0,0,0.0,0.0,False,False,0,0,0.0,0.0,False,False,0,0,0.0,0.0
409828_2018-11-20_12-12-08_filtered_2026-04-09_05-50-16,3,446,0.16388000000006286,False,False,0,0,0.0,0.0,False,False,0,0,0.0,0.0,True,True,1,1,1.0,1.0,False,False,0,0,0.0,0.0,False,False,0,0,0.0,0.0,False,True,0,1,0.0,1.0
409828_2018-11-20_12-12-08_filtered_2026-04-09_05-50-16,3,451,0.16388000000006286,False,False,0,0,0.0,0.0,False,False,0,0,0.0,0.0,True,True,3,2,0.3333333333333333,0.5,False,True,0,1,0.0,1.0,False,True,0,1,0.0,1.0,False,True,0,1,0.0,1.0
409828_2018-11-20_12-12-08_filtered_2026-04-09_05-50-16,3,473,0.16388000000006286,False,False,0,0,0.0,0.0,False,False,0,0,0.0,0.0,False,False,0,0,0.0,0.0,False,False,0,0,0.0,0.0,False,False,0,0,0.0,0.0,False,False,0,0,0.0,0.0
409828_2018-11-20_12-12-08_filtered_2026-04-09_05-50-16,3,478,0.16388000000006286,False,False,0,0,0.0,0.0,False,False,0,0,0.0,0.0,False,False,0,0,0.0,0.0,False,False,0,0,0.0,0.0,False,False,0,0,0.0,0.0,False,False,0,0,0.0,0.0
409828_2018-11-20_12-12-08_filtered_2026-04-09_05-50-16,3,484,0.16388000000006286,False,False,0,0,0.0,0.0,False,False,0,0,0.0,0.0,False,False,0,0,0.0,0.0,False,False,0,0,0.0,0.0,False,False,0,0,0.0,0.0,False,False,0,0,0.0,0.0
409828_2018-11-20_12-12-08_filtered_2026-04-09_05-50-16,3,488,0.16388000000006286,False,False,0,0,0.0,0.0,False,False,0,0,0.0,0.0,False,False,0,0,0.0,0.0,False,False,0,0,0.0,0.0,False,False,0,0,0.0,0.0,False,False,0,0,0.0,0.0
409828_2018-11-20_12-12-08_filtered_2026-04-09_05-50-16,3,499,0.16388000000006286,False,False,0,0,0.0,0.0,False,False,0,0,0.0,0.0,False,False,0,0,0.0,0.0,False,False,0,0,0.0,0.0,False,False,0,0,0.0,0.0,False,False,0,0,0.0,0.0
409828_2018-11-20_12-12-08_filtered_2026-04-09_05-50-16,3,506,0.16388000000006286,False,False,0,0,0.0,0.0,False,False,0,0,0.0,0.0,False,False,0,0,0.0,0.0,False,False,0,0,0.0,0.0,False,False,0,0,0.0,0.0,False,False,0,0,0.0,0.0
409828_2018-11-20_12-12-08_filtered_2026-04-09_05-50-16,3,514,0.16388000000006286,False,False,0,0,0.0,0.0,False,False,0,0,0.0,0.0,False,False,0,0,0.0,0.0,False,False,0,0,0.0,0.0,False,False,0,0,0.0,0.0,False,False,0,0,0.0,0.0
409828_2018-11-20_12-12-08_filtered_2026-04-09_05-50-16,3,526,0.16388000000006286,False,False,0,0,0.0,0.0,False,False,0,0,0.0,0.0,False,False,0,0,0.0,0.0,False,False,0,0,0.0,0.0,False,False,0,0,0.0,0.0,False,False,0,0,0.0,0.0
409828_2018-11-20_12-12-08_filtered_2026-04-09_05-50-16,3,527,0.16388000000006286,False,False,0,0,0.0,0.0,False,False,0,0,0.0,0.0,False,False,0,0,0.0,0.0,False,False,0,0,0.0,0.0,False,False,0,0,0.0,0.0,False,False,0,0,0.0,0.0
409828_2018-11-20_12-12-08_filtered_2026-04-09_05-50-16,3,531,0.16388000000006286,False,False,0,0,0.0,0.0,False,False,0,0,0.0,0.0,False,False,0,0,0.0,0.0,False,False,0,0,0.0,0.0,False,False,0,0,0.0,0.0,False,False,0,0,0.0,0.0
409828_2018-11-20_12-12-08_filtered_2026-04-09_05-50-16,3,547,0.16388000000006286,False,False,0,0,0.0,0.0,False,False,0,0,0.0,0.0,False,False,0,0,0.0,0.0,False,False,0,0,0.0,0.0,False,False,0,0,0.0,0.0,False,False,0,0,0.0,0.0
409828_2018-11-20_12-12-08_filtered_2026-04-09_05-50-16,3,548,0.16388000000006286,False,False,0,0,0.0,0.0,False,False,0,0,0.0,0.0,False,True,0,1,0.0,1.0,False,False,0,0,0.0,0.0,False,False,0,0,0.0,0.0,False,False,0,0,0.0,0.0
409828_2018-11-20_12-12-08_filtered_2026-04-09_05-50-16,3,560,0.16388000000006286,False,False,0,0,0.0,0.0,False,False,0,0,0.0,0.0,False,False,0,0,0.0,0.0,False,False,0,0,0.0,0.0,False,False,0,0,0.0,0.0,False,False,0,0,0.0,0.0
409828_2018-11-20_12-12-08_filtered_2026-04-09_05-50-16,3,582,0.16388000000006286,False,False,0,0,0.0,0.0,True,False,1,0,1.0,0.0,False,False,0,0,0.0,0.0,False,False,0,0,0.0,0.0,False,False,0,0,0.0,0.0,False,False,0,0,0.0,0.0
409828_2018-11-20_12-12-08_filtered_2026-04-09_05-50-16,3,602,0.16388000000006286,False,False,0,0,0.0,0.0,False,False,0,0,0.0,0.0,False,False,0,0,0.0,0.0,False,False,0,0,0.0,0.0,False,False,0,0,0.0,0.0,False,False,0,0,0.0,0.0
409828_2018-11-20_12-12-08_filtered_2026-04-09_05-50-16,3,619,0.16388000000006286,False,False,0,0,0.0,0.0,False,False,0,0,0.0,0.0,False,False,0,0,0.0,0.0,False,False,0,0,0.0,0.0,False,False,0,0,0.0,0.0,False,False,0,0,0.0,0.0
409828_2018-11-20_12-12-08_filtered_2026-04-09_05-50-16,4,0,0.16388000000006286,False,False,0,0,0.0,0.0,False,False,0,0,0.0,0.0,False,False,0,0,0.0,0.0,False,False,0,0,0.0,0.0,False,False,0,0,0.0,0.0,False,False,0,0,0.0,0.0
409828_2018-11-20_12-12-08_filtered_2026-04-09_05-50-16,4,1,0.16388000000006286,False,False,0,0,0.0,0.0,False,False,0,0,0.0,0.0,False,False,0,0,0.0,0.0,True,False,1,0,1.0,0.0,True,False,1,0,1.0,0.0,True,False,1,0,1.0,0.0
409828_2018-11-20_12-12-08_filtered_2026-04-09_05-50-16,4,2,0.16388000000006286,False,False,0,0,0.0,0.0,False,False,0,0,0.0,0.0,False,False,0,0,0.0,0.0,False,False,0,0,0.0,0.0,False,False,0,0,0.0,0.0,False,False,0,0,0.0,0.0
409828_2018-11-20_12-12-08_filtered_2026-04-09_05-50-16,4,3,0.16388000000006286,False,False,0,0,0.0,0.0,False,False,0,0,0.0,0.0,False,False,0,0,0.0,0.0,False,False,0,0,0.0,0.0,False,False,0,0,0.0,0.0,False,False,0,0,0.0,0.0
409828_2018-11-20_12-12-08_filtered_2026-04-09_05-50-16,4,4,0.16388000000006286,False,False,0,0,0.0,0.0,False,False,0,0,0.0,0.0,False,False,0,0,0.0,0.0,False,False,0,0,0.0,0.0,False,False,0,0,0.0,0.0,False,True,0,1,0.0,1.0
409828_2018-11-20_12-12-08_filtered_2026-04-09_05-50-16,4,5,0.16388000000006286,False,False,0,0,0.0,0.0,False,False,0,0,0.0,0.0,False,False,0,0,0.0,0.0,False,False,0,0,0.0,0.0,False,False,0,0,0.0,0.0,False,False,0,0,0.0,0.0
409828_2018-11-20_12-12-08_filtered_2026-04-09_05-50-16,4,6,0.16388000000006286,False,False,0,0,0.0,0.0,False,False,0,0,0.0,0.0,False,False,0,0,0.0,0.0,False,False,0,0,0.0,0.0,False,False,0,0,0.0,0.0,False,False,0,0,0.0,0.0
409828_2018-11-20_12-12-08_filtered_2026-04-09_05-50-16,4,7,0.16388000000006286,False,False,0,0,0.0,0.0,False,False,0,0,0.0,0.0,False,False,0,0,0.0,0.0,False,False,0,0,0.0,0.0,False,False,0,0,0.0,0.0,False,False,0,0,0.0,0.0
409828_2018-11-20_12-12-08_filtered_2026-04-09_05-50-16,4,8,0.16388000000006286,False,False,0,0,0.0,0.0,False,False,0,0,0.0,0.0,False,False,0,0,0.0,0.0,False,False,0,0,0.0,0.0,False,False,0,0,0.0,0.0,False,False,0,0,0.0,0.0
409828_2018-11-20_12-12-08_filtered_2026-04-09_05-50-16,4,9,0.16388000000006286,False,False,0,0,0.0,0.0,True,False,1,0,1.0,0.0,False,False,0,0,0.0,0.0,False,False,0,0,0.0,0.0,False,False,0,0,0.0,0.0,False,False,0,0,0.0,0.0
409828_2018-11-20_12-12-08_filtered_2026-04-09_05-50-16,4,10,0.16388000000006286,False,True,0,1,0.0,1.0,False,False,0,0,0.0,0.0,False,False,0,0,0.0,0.0,False,False,0,0,0.0,0.0,False,False,0,0,0.0,0.0,False,False,0,0,0.0,0.0
409828_2018-11-20_12-12-08_filtered_2026-04-09_05-50-16,4,11,0.16388000000006286,False,False,0,0,0.0,0.0,False,False,0,0,0.0,0.0,False,False,0,0,0.0,0.0,False,False,0,0,0.0,0.0,False,False,0,0,0.0,0.0,False,False,0,0,0.0,0.0
409828_2018-11-20_12-12-08_filtered_2026-04-09_05-50-16,4,12,0.16388000000006286,False,False,0,0,0.0,0.0,False,False,0,0,0.0,0.0,False,False,0,0,0.0,0.0,False,False,0,0,0.0,0.0,False,False,0,0,0.0,0.0,False,True,0,1,0.0,1.0
409828_2018-11-20_12-12-08_filtered_2026-04-09_05-50-16,4,13,0.16388000000006286,False,False,0,0,0.0,0.0,False,False,0,0,0.0,0.0,False,False,0,0,0.0,0.0,False,False,0,0,0.0,0.0,False,False,0,0,0.0,0.0,False,False,0,0,0.0,0.0
409828_2018-11-20_12-12-08_filtered_2026-04-09_05-50-16,4,14,0.16388000000006286,False,False,0,0,0.0,0.0,False,False,0,0,0.0,0.0,False,False,0,0,0.0,0.0,False,False,0,0,0.0,0.0,False,False,0,0,0.0,0.0,False,False,0,0,0.0,0.0
409828_2018-11-20_12-12-08_filtered_2026-04-09_05-50-16,4,15,0.16388000000006286,False,False,0,0,0.0,0.0,False,False,0,0,0.0,0.0,False,False,0,0,0.0,0.0,False,False,0,0,0.0,0.0,False,False,0,0,0.0,0.0,False,False,0,0,0.0,0.0
409828_2018-11-20_12-12-08_filtered_2026-04-09_05-50-16,4,16,0.16388000000006286,False,False,0,0,0.0,0.0,False,False,0,0,0.0,0.0,False,False,0,0,0.0,0.0,False,False,0,0,0.0,0.0,False,False,0,0,0.0,0.0,False,False,0,0,0.0,0.0
409828_2018-11-20_12-12-08_filtered_2026-04-09_05-50-16,4,17,0.16388000000006286,True,False,1,0,1.0,0.0,False,False,0,0,0.0,0.0,True,True,3,2,0.3333333333333333,0.5,False,False,0,0,0.0,0.0,True,False,1,0,1.0,0.0,True,True,2,2,0.5,0.5
409828_2018-11-20_12-12-08_filtered_2026-04-09_05-50-16,4,18,0.16388000000006286,False,False,0,0,0.0,0.0,False,False,0,0,0.0,0.0,False,False,0,0,0.0,0.0,False,False,0,0,0.0,0.0,False,False,0,0,0.0,0.0,False,False,0,0,0.0,0.0
409828_2018-11-20_12-12-08_filtered_2026-04-09_05-50-16,4,19,0.16388000000006286,False,False,0,0,0.0,0.0,False,False,0,0,0.0,0.0,False,False,0,0,0.0,0.0,False,False,0,0,0.0,0.0,False,False,0,0,0.0,0.0,False,False,0,0,0.0,0.0
409828_2018-11-20_12-12-08_filtered_2026-04-09_05-50-16,4,20,0.16388000000006286,False,False,0,0,0.0,0.0,False,False,0,0,0.0,0.0,False,False,0,0,0.0,0.0,False,False,0,0,0.0,0.0,False,False,0,0,0.0,0.0,False,False,0,0,0.0,0.0
409828_2018-11-20_12-12-08_filtered_2026-04-09_05-50-16,4,21,0.16388000000006286,False,False,0,0,0.0,0.0,False,False,0,0,0.0,0.0,False,False,0,0,0.0,0.0,False,False,0,0,0.0,0.0,False,False,0,0,0.0,0.0,False,False,0,0,0.0,0.0
409828_2018-11-20_12-12-08_filtered_2026-04-09_05-50-16,4,22,0.16388000000006286,False,False,0,0,0.0,0.0,False,False,0,0,0.0,0.0,False,False,0,0,0.0,0.0,False,False,0,0,0.0,0.0,False,False,0,0,0.0,0.0,False,False,0,0,0.0,0.0
409828_2018-11-20_12-12-08_filtered_2026-04-09_05-50-16,4,23,0.16388000000006286,True,False,1,0,1.0,0.0,False,False,0,0,0.0,0.0,True,True,3,1,0.3333333333333333,1.0,False,False,0,0,0.0,0.0,False,False,0,0,0.0,0.0,False,True,0,2,0.0,0.5
409828_2018-11-20_12-12-08_filtered_2026-04-09_05-50-16,4,24,0.16388000000006286,False,False,0,0,0.0,0.0,False,True,0,1,0.0,1.0,False,True,0,1,0.0,1.0,False,False,0,0,0.0,0.0,False,False,0,0,0.0,0.0,False,True,0,1,0.0,1.0
409828_2018-11-20_12-12-08_filtered_2026-04-09_05-50-16,4,25,0.16388000000006286,False,False,0,0,0.0,0.0,False,False,0,0,0.0,0.0,False,False,0,0,0.0,0.0,False,False,0,0,0.0,0.0,False,False,0,0,0.0,0.0,False,False,0,0,0.0,0.0
409828_2018-11-20_12-12-08_filtered_2026-04-09_05-50-16,4,26,0.16388000000006286,False,False,0,0,0.0,0.0,False,False,0,0,0.0,0.0,False,False,0,0,0.0,0.0,False,False,0,0,0.0,0.0,False,False,0,0,0.0,0.0,False,False,0,0,0.0,0.0
409828_2018-11-20_12-12-08_filtered_2026-04-09_05-50-16,4,27,0.16388000000006286,False,False,0,0,0.0,0.0,False,False,0,0,0.0,0.0,True,False,1,0,1.0,0.0,False,False,0,0,0.0,0.0,False,False,0,0,0.0,0.0,True,True,2,1,0.5,1.0
409828_2018-11-20_12-12-08_filtered_2026-04-09_05-50-16,4,28,0.16388000000006286,False,False,0,0,0.0,0.0,False,False,0,0,0.0,0.0,True,False,1,0,1.0,0.0,False,False,0,0,0.0,0.0,False,False,0,0,0.0,0.0,False,False,0,0,0.0,0.0
409828_2018-11-20_12-12-08_filtered_2026-04-09_05-50-16,4,29,0.16388000000006286,False,False,0,0,0.0,0.0,False,False,0,0,0.0,0.0,False,False,0,0,0.0,0.0,False,False,0,0,0.0,0.0,False,False,0,0,0.0,0.0,False,False,0,0,0.0,0.0
409828_2018-11-20_12-12-08_filtered_2026-04-09_05-50-16,4,30,0.16388000000006286,False,False,0,0,0.0,0.0,False,False,0,0,0.0,0.0,False,False,0,0,0.0,0.0,False,False,0,0,0.0,0.0,False,False,0,0,0.0,0.0,False,False,0,0,0.0,0.0
409828_2018-11-20_12-12-08_filtered_2026-04-09_05-50-16,4,31,0.16388000000006286,False,True,0,1,0.0,1.0,False,False,0,0,0.0,0.0,False,False,0,0,0.0,0.0,False,False,0,0,0.0,0.0,False,False,0,0,0.0,0.0,False,False,0,0,0.0,0.0
409828_2018-11-20_12-12-08_filtered_2026-04-09_05-50-16,4,32,0.16388000000006286,False,False,0,0,0.0,0.0,False,False,0,0,0.0,0.0,False,False,0,0,0.0,0.0,False,False,0,0,0.0,0.0,False,False,0,0,0.0,0.0,False,False,0,0,0.0,0.0
409828_2018-11-20_12-12-08_filtered_2026-04-09_05-50-16,4,33,0.16388000000006286,False,False,0,0,0.0,0.0,False,False,0,0,0.0,0.0,False,False,0,0,0.0,0.0,False,False,0,0,0.0,0.0,False,False,0,0,0.0,0.0,False,False,0,0,0.0,0.0
409828_2018-11-20_12-12-08_filtered_2026-04-09_05-50-16,4,34,0.16388000000006286,False,False,0,0,0.0,0.0,False,False,0,0,0.0,0.0,False,False,0,0,0.0,0.0,False,False,0,0,0.0,0.0,False,False,0,0,0.0,0.0,False,False,0,0,0.0,0.0
409828_2018-11-20_12-12-08_filtered_2026-04-09_05-50-16,4,35,0.16388000000006286,False,False,0,0,0.0,0.0,False,False,0,0,0.0,0.0,False,False,0,0,0.0,0.0,False,False,0,0,0.0,0.0,False,False,0,0,0.0,0.0,False,False,0,0,0.0,0.0
409828_2018-11-20_12-12-08_filtered_2026-04-09_05-50-16,4,36,0.16388000000006286,False,False,0,0,0.0,0.0,False,False,0,0,0.0,0.0,False,False,0,0,0.0,0.0,False,False,0,0,0.0,0.0,False,False,0,0,0.0,0.0,False,False,0,0,0.0,0.0
409828_2018-11-20_12-12-08_filtered_2026-04-09_05-50-16,4,37,0.16388000000006286,False,False,0,0,0.0,0.0,False,False,0,0,0.0,0.0,False,False,0,0,0.0,0.0,False,False,0,0,0.0,0.0,False,False,0,0,0.0,0.0,False,False,0,0,0.0,0.0
409828_2018-11-20_12-12-08_filtered_2026-04-09_05-50-16,4,38,0.16388000000006286,False,False,0,0,0.0,0.0,False,False,0,0,0.0,0.0,False,False,0,0,0.0,0.0,False,False,0,0,0.0,0.0,False,False,0,0,0.0,0.0,False,False,0,0,0.0,0.0
409828_2018-11-20_12-12-08_filtered_2026-04-09_05-50-16,4,39,0.16388000000006286,False,False,0,0,0.0,0.0,False,False,0,0,0.0,0.0,False,False,0,0,0.0,0.0,False,False,0,0,0.0,0.0,False,False,0,0,0.0,0.0,False,False,0,0,0.0,0.0
409828_2018-11-20_12-12-08_filtered_2026-04-09_05-50-16,4,40,0.16388000000006286,False,False,0,0,0.0,0.0,False,False,0,0,0.0,0.0,False,False,0,0,0.0,0.0,False,False,0,0,0.0,0.0,False,False,0,0,0.0,0.0,False,False,0,0,0.0,0.0
409828_2018-11-20_12-12-08_filtered_2026-04-09_05-50-16,4,41,0.16388000000006286,False,False,0,0,0.0,0.0,False,False,0,0,0.0,0.0,False,False,0,0,0.0,0.0,False,False,0,0,0.0,0.0,False,False,0,0,0.0,0.0,False,False,0,0,0.0,0.0
409828_2018-11-20_12-12-08_filtered_2026-04-09_05-50-16,4,42,0.16388000000006286,False,False,0,0,0.0,0.0,False,False,0,0,0.0,0.0,False,False,0,0,0.0,0.0,False,False,0,0,0.0,0.0,False,False,0,0,0.0,0.0,False,True,0,1,0.0,1.0
409828_2018-11-20_12-12-08_filtered_2026-04-09_05-50-16,4,43,0.16388000000006286,False,False,0,0,0.0,0.0,False,False,0,0,0.0,0.0,False,False,0,0,0.0,0.0,False,False,0,0,0.0,0.0,False,False,0,0,0.0,0.0,False,False,0,0,0.0,0.0
409828_2018-11-20_12-12-08_filtered_2026-04-09_05-50-16,4,44,0.16388000000006286,False,False,0,0,0.0,0.0,False,False,0,0,0.0,0.0,False,False,0,0,0.0,0.0,False,False,0,0,0.0,0.0,False,False,0,0,0.0,0.0,False,False,0,0,0.0,0.0
409828_2018-11-20_12-12-08_filtered_2026-04-09_05-50-16,4,45,0.16388000000006286,False,False,0,0,0.0,0.0,False,False,0,0,0.0,0.0,False,False,0,0,0.0,0.0,False,False,0,0,0.0,0.0,False,False,0,0,0.0,0.0,True,False,1,0,1.0,0.0
409828_2018-11-20_12-12-08_filtered_2026-04-09_05-50-16,4,46,0.16388000000006286,False,False,0,0,0.0,0.0,False,False,0,0,0.0,0.0,False,False,0,0,0.0,0.0,False,False,0,0,0.0,0.0,False,False,0,0,0.0,0.0,False,False,0,0,0.0,0.0
409828_2018-11-20_12-12-08_filtered_2026-04-09_05-50-16,4,47,0.16388000000006286,False,False,0,0,0.0,0.0,False,False,0,0,0.0,0.0,False,False,0,0,0.0,0.0,False,False,0,0,0.0,0.0,False,False,0,0,0.0,0.0,False,False,0,0,0.0,0.0
409828_2018-11-20_12-12-08_filtered_2026-04-09_05-50-16,4,48,0.16388000000006286,False,False,0,0,0.0,0.0,False,False,0,0,0.0,0.0,False,False,0,0,0.0,0.0,False,False,0,0,0.0,0.0,False,False,0,0,0.0,0.0,False,True,0,1,0.0,1.0
409828_2018-11-20_12-12-08_filtered_2026-04-09_05-50-16,4,49,0.16388000000006286,False,False,0,0,0.0,0.0,False,False,0,0,0.0,0.0,False,False,0,0,0.0,0.0,False,False,0,0,0.0,0.0,False,False,0,0,0.0,0.0,False,False,0,0,0.0,0.0
409828_2018-11-20_12-12-08_filtered_2026-04-09_05-50-16,4,50,0.16388000000006286,False,False,0,0,0.0,0.0,False,False,0,0,0.0,0.0,False,False,0,0,0.0,0.0,False,False,0,0,0.0,0.0,False,False,0,0,0.0,0.0,False,False,0,0,0.0,0.0
409828_2018-11-20_12-12-08_filtered_2026-04-09_05-50-16,4,51,0.16388000000006286,False,False,0,0,0.0,0.0,False,False,0,0,0.0,0.0,False,False,0,0,0.0,0.0,False,False,0,0,0.0,0.0,False,False,0,0,0.0,0.0,False,False,0,0,0.0,0.0
409828_2018-11-20_12-12-08_filtered_2026-04-09_05-50-16,4,52,0.16388000000006286,False,False,0,0,0.0,0.0,False,False,0,0,0.0,0.0,False,False,0,0,0.0,0.0,False,False,0,0,0.0,0.0,False,False,0,0,0.0,0.0,False,True,0,1,0.0,1.0
409828_2018-11-20_12-12-08_filtered_2026-04-09_05-50-16,4,53,0.16388000000006286,False,False,0,0,0.0,0.0,False,False,0,0,0.0,0.0,False,False,0,0,0.0,0.0,False,False,0,0,0.0,0.0,False,False,0,0,0.0,0.0,False,False,0,0,0.0,0.0
409828_2018-11-20_12-12-08_filtered_2026-04-09_05-50-16,4,54,0.16388000000006286,False,False,0,0,0.0,0.0,False,False,0,0,0.0,0.0,False,False,0,0,0.0,0.0,False,False,0,0,0.0,0.0,False,False,0,0,0.0,0.0,False,False,0,0,0.0,0.0
409828_2018-11-20_12-12-08_filtered_2026-04-09_05-50-16,4,55,0.16388000000006286,False,False,0,0,0.0,0.0,False,False,0,0,0.0,0.0,False,False,0,0,0.0,0.0,False,False,0,0,0.0,0.0,False,False,0,0,0.0,0.0,False,False,0,0,0.0,0.0
409828_2018-11-20_12-12-08_filtered_2026-04-09_05-50-16,4,56,0.16388000000006286,False,False,0,0,0.0,0.0,False,False,0,0,0.0,0.0,False,False,0,0,0.0,0.0,False,False,0,0,0.0,0.0,False,False,0,0,0.0,0.0,False,False,0,0,0.0,0.0
409828_2018-11-20_12-12-08_filtered_2026-04-09_05-50-16,4,57,0.16388000000006286,False,False,0,0,0.0,0.0,False,False,0,0,0.0,0.0,False,False,0,0,0.0,0.0,False,False,0,0,0.0,0.0,False,False,0,0,0.0,0.0,False,False,0,0,0.0,0.0
409828_2018-11-20_12-12-08_filtered_2026-04-09_05-50-16,4,58,0.16388000000006286,False,False,0,0,0.0,0.0,False,False,0,0,0.0,0.0,False,False,0,0,0.0,0.0,False,False,0,0,0.0,0.0,False,False,0,0,0.0,0.0,False,False,0,0,0.0,0.0
409828_2018-11-20_12-12-08_filtered_2026-04-09_05-50-16,4,59,0.16388000000006286,False,False,0,0,0.0,0.0,False,False,0,0,0.0,0.0,True,True,3,1,0.3333333333333333,1.0,False,False,0,0,0.0,0.0,True,False,1,0,1.0,0.0,True,True,2,2,0.5,0.5
409828_2018-11-20_12-12-08_filtered_2026-04-09_05-50-16,4,60,0.16388000000006286,False,False,0,0,0.0,0.0,False,False,0,0,0.0,0.0,False,False,0,0,0.0,0.0,False,False,0,0,0.0,0.0,False,False,0,0,0.0,0.0,False,False,0,0,0.0,0.0
409828_2018-11-20_12-12-08_filtered_2026-04-09_05-50-16,4,62,0.16388000000006286,False,False,0,0,0.0,0.0,True,False,1,0,1.0,0.0,False,False,0,0,0.0,0.0,False,False,0,0,0.0,0.0,False,False,0,0,0.0,0.0,True,False,1,0,1.0,0.0
409828_2018-11-20_12-12-08_filtered_2026-04-09_05-50-16,4,63,0.16388000000006286,False,False,0,0,0.0,0.0,False,False,0,0,0.0,0.0,False,False,0,0,0.0,0.0,False,False,0,0,0.0,0.0,False,False,0,0,0.0,0.0,False,False,0,0,0.0,0.0
409828_2018-11-20_12-12-08_filtered_2026-04-09_05-50-16,4,64,0.16388000000006286,False,False,0,0,0.0,0.0,False,False,0,0,0.0,0.0,False,False,0,0,0.0,0.0,False,False,0,0,0.0,0.0,False,False,0,0,0.0,0.0,False,False,0,0,0.0,0.0
409828_2018-11-20_12-12-08_filtered_2026-04-09_05-50-16,4,65,0.16388000000006286,False,False,0,0,0.0,0.0,False,False,0,0,0.0,0.0,False,False,0,0,0.0,0.0,False,False,0,0,0.0,0.0,False,False,0,0,0.0,0.0,False,False,0,0,0.0,0.0
409828_2018-11-20_12-12-08_filtered_2026-04-09_05-50-16,4,66,0.16388000000006286,False,False,0,0,0.0,0.0,False,False,0,0,0.0,0.0,False,False,0,0,0.0,0.0,False,False,0,0,0.0,0.0,False,False,0,0,0.0,0.0,False,False,0,0,0.0,0.0
409828_2018-11-20_12-12-08_filtered_2026-04-09_05-50-16,4,67,0.16388000000006286,False,False,0,0,0.0,0.0,False,False,0,0,0.0,0.0,False,False,0,0,0.0,0.0,False,False,0,0,0.0,0.0,False,False,0,0,0.0,0.0,False,False,0,0,0.0,0.0
409828_2018-11-20_12-12-08_filtered_2026-04-09_05-50-16,4,68,0.16388000000006286,False,False,0,0,0.0,0.0,False,False,0,0,0.0,0.0,False,False,0,0,0.0,0.0,False,False,0,0,0.0,0.0,False,False,0,0,0.0,0.0,False,False,0,0,0.0,0.0
409828_2018-11-20_12-12-08_filtered_2026-04-09_05-50-16,4,69,0.16388000000006286,False,False,0,0,0.0,0.0,False,False,0,0,0.0,0.0,False,False,0,0,0.0,0.0,False,False,0,0,0.0,0.0,False,False,0,0,0.0,0.0,False,False,0,0,0.0,0.0
409828_2018-11-20_12-12-08_filtered_2026-04-09_05-50-16,4,70,0.16388000000006286,False,False,0,0,0.0,0.0,False,False,0,0,0.0,0.0,False,False,0,0,0.0,0.0,False,False,0,0,0.0,0.0,False,False,0,0,0.0,0.0,False,False,0,0,0.0,0.0
409828_2018-11-20_12-12-08_filtered_2026-04-09_05-50-16,4,71,0.16388000000006286,False,False,0,0,0.0,0.0,False,False,0,0,0.0,0.0,False,False,0,0,0.0,0.0,False,False,0,0,0.0,0.0,False,False,0,0,0.0,0.0,False,False,0,0,0.0,0.0
409828_2018-11-20_12-12-08_filtered_2026-04-09_05-50-16,4,72,0.16388000000006286,False,False,0,0,0.0,0.0,False,False,0,0,0.0,0.0,False,False,0,0,0.0,0.0,False,False,0,0,0.0,0.0,False,False,0,0,0.0,0.0,False,False,0,0,0.0,0.0
409828_2018-11-20_12-12-08_filtered_2026-04-09_05-50-16,4,73,0.16388000000006286,False,False,0,0,0.0,0.0,False,False,0,0,0.0,0.0,False,False,0,0,0.0,0.0,False,False,0,0,0.0,0.0,False,False,0,0,0.0,0.0,False,False,0,0,0.0,0.0
409828_2018-11-20_12-12-08_filtered_2026-04-09_05-50-16,4,74,0.16388000000006286,False,False,0,0,0.0,0.0,False,False,0,0,0.0,0.0,False,False,0,0,0.0,0.0,False,False,0,0,0.0,0.0,False,False,0,0,0.0,0.0,True,False,1,0,1.0,0.0
409828_2018-11-20_12-12-08_filtered_2026-04-09_05-50-16,4,75,0.16388000000006286,False,False,0,0,0.0,0.0,False,False,0,0,0.0,0.0,False,False,0,0,0.0,0.0,False,False,0,0,0.0,0.0,False,False,0,0,0.0,0.0,True,True,3,1,0.5,1.0
409828_2018-11-20_12-12-08_filtered_2026-04-09_05-50-16,4,76,0.16388000000006286,False,False,0,0,0.0,0.0,False,False,0,0,0.0,0.0,False,False,0,0,0.0,0.0,False,False,0,0,0.0,0.0,False,False,0,0,0.0,0.0,False,False,0,0,0.0,0.0
409828_2018-11-20_12-12-08_filtered_2026-04-09_05-50-16,4,77,0.16388000000006286,False,False,0,0,0.0,0.0,False,False,0,0,0.0,0.0,False,False,0,0,0.0,0.0,False,False,0,0,0.0,0.0,False,False,0,0,0.0,0.0,False,False,0,0,0.0,0.0
409828_2018-11-20_12-12-08_filtered_2026-04-09_05-50-16,4,78,0.16388000000006286,False,False,0,0,0.0,0.0,False,False,0,0,0.0,0.0,False,False,0,0,0.0,0.0,False,False,0,0,0.0,0.0,False,False,0,0,0.0,0.0,False,False,0,0,0.0,0.0
409828_2018-11-20_12-12-08_filtered_2026-04-09_05-50-16,4,79,0.16388000000006286,False,False,0,0,0.0,0.0,False,False,0,0,0.0,0.0,False,False,0,0,0.0,0.0,False,False,0,0,0.0,0.0,False,False,0,0,0.0,0.0,False,False,0,0,0.0,0.0
409828_2018-11-20_12-12-08_filtered_2026-04-09_05-50-16,4,80,0.16388000000006286,False,False,0,0,0.0,0.0,False,False,0,0,0.0,0.0,False,True,0,1,0.0,1.0,False,False,0,0,0.0,0.0,False,False,0,0,0.0,0.0,True,True,1,1,1.0,1.0
409828_2018-11-20_12-12-08_filtered_2026-04-09_05-50-16,4,81,0.16388000000006286,False,False,0,0,0.0,0.0,False,False,0,0,0.0,0.0,False,False,0,0,0.0,0.0,False,False,0,0,0.0,0.0,False,False,0,0,0.0,0.0,False,False,0,0,0.0,0.0
409828_2018-11-20_12-12-08_filtered_2026-04-09_05-50-16,4,82,0.16388000000006286,False,False,0,0,0.0,0.0,False,False,0,0,0.0,0.0,False,False,0,0,0.0,0.0,False,False,0,0,0.0,0.0,False,False,0,0,0.0,0.0,False,True,0,1,0.0,1.0
409828_2018-11-20_12-12-08_filtered_2026-04-09_05-50-16,4,83,0.16388000000006286,True,False,2,0,0.5,0.0,True,True,4,2,0.25,0.6666666666666666,True,True,2,8,0.5,0.3,False,False,0,0,0.0,0.0,False,True,0,1,0.0,1.0,True,True,4,3,0.25,0.6
409828_2018-11-20_12-12-08_filtered_2026-04-09_05-50-16,4,84,0.16388000000006286,False,False,0,0,0.0,0.0,False,False,0,0,0.0,0.0,False,False,0,0,0.0,0.0,False,False,0,0,0.0,0.0,False,False,0,0,0.0,0.0,False,False,0,0,0.0,0.0
409828_2018-11-20_12-12-08_filtered_2026-04-09_05-50-16,4,85,0.16388000000006286,False,False,0,0,0.0,0.0,False,False,0,0,0.0,0.0,False,False,0,0,0.0,0.0,False,False,0,0,0.0,0.0,False,False,0,0,0.0,0.0,False,False,0,0,0.0,0.0
409828_2018-11-20_12-12-08_filtered_2026-04-09_05-50-16,4,86,0.16388000000006286,False,False,0,0,0.0,0.0,False,False,0,0,0.0,0.0,False,False,0,0,0.0,0.0,False,False,0,0,0.0,0.0,False,False,0,0,0.0,0.0,False,False,0,0,0.0,0.0
409828_2018-11-20_12-12-08_filtered_2026-04-09_05-50-16,4,87,0.16388000000006286,False,False,0,0,0.0,0.0,False,False,0,0,0.0,0.0,False,False,0,0,0.0,0.0,False,False,0,0,0.0,0.0,False,False,0,0,0.0,0.0,False,False,0,0,0.0,0.0
409828_2018-11-20_12-12-08_filtered_2026-04-09_05-50-16,4,88,0.16388000000006286,False,False,0,0,0.0,0.0,False,False,0,0,0.0,0.0,False,False,0,0,0.0,0.0,False,False,0,0,0.0,0.0,False,True,0,1,0.0,1.0,False,True,0,1,0.0,1.0
409828_2018-11-20_12-12-08_filtered_2026-04-09_05-50-16,4,89,0.16388000000006286,False,False,0,0,0.0,0.0,False,False,0,0,0.0,0.0,False,False,0,0,0.0,0.0,False,False,0,0,0.0,0.0,False,False,0,0,0.0,0.0,True,False,1,0,1.0,0.0
409828_2018-11-20_12-12-08_filtered_2026-04-09_05-50-16,4,90,0.16388000000006286,True,False,1,0,1.0,0.0,True,True,1,1,1.0,1.0,True,True,8,8,0.2222222222222222,0.23076923076923078,False,False,0,0,0.0,0.0,False,False,0,0,0.0,0.0,True,True,1,2,1.0,0.6666666666666666
409828_2018-11-20_12-12-08_filtered_2026-04-09_05-50-16,4,91,0.16388000000006286,False,False,0,0,0.0,0.0,False,False,0,0,0.0,0.0,False,False,0,0,0.0,0.0,False,False,0,0,0.0,0.0,False,False,0,0,0.0,0.0,False,False,0,0,0.0,0.0
409828_2018-11-20_12-12-08_filtered_2026-04-09_05-50-16,4,92,0.16388000000006286,False,False,0,0,0.0,0.0,False,False,0,0,0.0,0.0,False,False,0,0,0.0,0.0,False,False,0,0,0.0,0.0,False,False,0,0,0.0,0.0,True,False,1,0,1.0,0.0
409828_2018-11-20_12-12-08_filtered_2026-04-09_05-50-16,4,93,0.16388000000006286,False,False,0,0,0.0,0.0,False,False,0,0,0.0,0.0,False,False,0,0,0.0,0.0,False,False,0,0,0.0,0.0,False,False,0,0,0.0,0.0,False,False,0,0,0.0,0.0
409828_2018-11-20_12-12-08_filtered_2026-04-09_05-50-16,4,94,0.16388000000006286,False,False,0,0,0.0,0.0,False,False,0,0,0.0,0.0,False,False,0,0,0.0,0.0,False,False,0,0,0.0,0.0,False,False,0,0,0.0,0.0,False,False,0,0,0.0,0.0
409828_2018-11-20_12-12-08_filtered_2026-04-09_05-50-16,4,95,0.16388000000006286,False,False,0,0,0.0,0.0,False,False,0,0,0.0,0.0,False,False,0,0,0.0,0.0,False,False,0,0,0.0,0.0,False,False,0,0,0.0,0.0,False,False,0,0,0.0,0.0
409828_2018-11-20_12-12-08_filtered_2026-04-09_05-50-16,4,96,0.16388000000006286,False,False,0,0,0.0,0.0,False,False,0,0,0.0,0.0,False,False,0,0,0.0,0.0,False,False,0,0,0.0,0.0,False,False,0,0,0.0,0.0,False,False,0,0,0.0,0.0
409828_2018-11-20_12-12-08_filtered_2026-04-09_05-50-16,4,97,0.16388000000006286,False,False,0,0,0.0,0.0,False,False,0,0,0.0,0.0,False,False,0,0,0.0,0.0,False,False,0,0,0.0,0.0,False,False,0,0,0.0,0.0,False,False,0,0,0.0,0.0
409828_2018-11-20_12-12-08_filtered_2026-04-09_05-50-16,4,98,0.16388000000006286,False,False,0,0,0.0,0.0,False,False,0,0,0.0,0.0,False,False,0,0,0.0,0.0,False,False,0,0,0.0,0.0,False,False,0,0,0.0,0.0,False,False,0,0,0.0,0.0
409828_2018-11-20_12-12-08_filtered_2026-04-09_05-50-16,4,99,0.16388000000006286,False,False,0,0,0.0,0.0,False,False,0,0,0.0,0.0,False,True,0,1,0.0,1.0,False,False,0,0,0.0,0.0,False,False,0,0,0.0,0.0,False,True,0,1,0.0,1.0
409828_2018-11-20_12-12-08_filtered_2026-04-09_05-50-16,4,100,0.16388000000006286,True,False,1,0,1.0,0.0,False,False,0,0,0.0,0.0,False,False,0,0,0.0,0.0,False,False,0,0,0.0,0.0,False,False,0,0,0.0,0.0,False,False,0,0,0.0,0.0
409828_2018-11-20_12-12-08_filtered_2026-04-09_05-50-16,4,101,0.16388000000006286,False,False,0,0,0.0,0.0,False,False,0,0,0.0,0.0,False,False,0,0,0.0,0.0,False,False,0,0,0.0,0.0,False,False,0,0,0.0,0.0,False,False,0,0,0.0,0.0
409828_2018-11-20_12-12-08_filtered_2026-04-09_05-50-16,4,102,0.16388000000006286,False,False,0,0,0.0,0.0,False,False,0,0,0.0,0.0,False,False,0,0,0.0,0.0,False,False,0,0,0.0,0.0,False,False,0,0,0.0,0.0,False,False,0,0,0.0,0.0
409828_2018-11-20_12-12-08_filtered_2026-04-09_05-50-16,4,103,0.16388000000006286,False,False,0,0,0.0,0.0,False,False,0,0,0.0,0.0,False,False,0,0,0.0,0.0,False,False,0,0,0.0,0.0,False,False,0,0,0.0,0.0,False,False,0,0,0.0,0.0
409828_2018-11-20_12-12-08_filtered_2026-04-09_05-50-16,4,104,0.16388000000006286,False,False,0,0,0.0,0.0,False,False,0,0,0.0,0.0,False,False,0,0,0.0,0.0,False,False,0,0,0.0,0.0,False,False,0,0,0.0,0.0,False,False,0,0,0.0,0.0
409828_2018-11-20_12-12-08_filtered_2026-04-09_05-50-16,4,105,0.16388000000006286,False,False,0,0,0.0,0.0,False,False,0,0,0.0,0.0,False,False,0,0,0.0,0.0,False,False,0,0,0.0,0.0,False,False,0,0,0.0,0.0,False,False,0,0,0.0,0.0
409828_2018-11-20_12-12-08_filtered_2026-04-09_05-50-16,4,106,0.16388000000006286,False,False,0,0,0.0,0.0,False,False,0,0,0.0,0.0,False,False,0,0,0.0,0.0,False,False,0,0,0.0,0.0,False,False,0,0,0.0,0.0,False,False,0,0,0.0,0.0
409828_2018-11-20_12-12-08_filtered_2026-04-09_05-50-16,4,107,0.16388000000006286,False,False,0,0,0.0,0.0,False,False,0,0,0.0,0.0,False,False,0,0,0.0,0.0,False,False,0,0,0.0,0.0,False,False,0,0,0.0,0.0,False,False,0,0,0.0,0.0
409828_2018-11-20_12-12-08_filtered_2026-04-09_05-50-16,4,108,0.16388000000006286,False,False,0,0,0.0,0.0,False,False,0,0,0.0,0.0,False,False,0,0,0.0,0.0,False,False,0,0,0.0,0.0,False,False,0,0,0.0,0.0,False,False,0,0,0.0,0.0
409828_2018-11-20_12-12-08_filtered_2026-04-09_05-50-16,4,109,0.16388000000006286,False,False,0,0,0.0,0.0,False,False,0,0,0.0,0.0,False,False,0,0,0.0,0.0,False,False,0,0,0.0,0.0,False,False,0,0,0.0,0.0,False,False,0,0,0.0,0.0
409828_2018-11-20_12-12-08_filtered_2026-04-09_05-50-16,4,110,0.16388000000006286,False,False,0,0,0.0,0.0,False,False,0,0,0.0,0.0,False,False,0,0,0.0,0.0,False,False,0,0,0.0,0.0,False,False,0,0,0.0,0.0,False,False,0,0,0.0,0.0
409828_2018-11-20_12-12-08_filtered_2026-04-09_05-50-16,4,111,0.16388000000006286,False,False,0,0,0.0,0.0,False,False,0,0,0.0,0.0,True,True,1,2,1.0,0.5,False,False,0,0,0.0,0.0,False,False,0,0,0.0,0.0,True,False,1,0,1.0,0.0
409828_2018-11-20_12-12-08_filtered_2026-04-09_05-50-16,4,112,0.16388000000006286,False,False,0,0,0.0,0.0,False,False,0,0,0.0,0.0,False,False,0,0,0.0,0.0,False,False,0,0,0.0,0.0,False,False,0,0,0.0,0.0,False,False,0,0,0.0,0.0
409828_2018-11-20_12-12-08_filtered_2026-04-09_05-50-16,4,113,0.16388000000006286,False,False,0,0,0.0,0.0,False,False,0,0,0.0,0.0,False,False,0,0,0.0,0.0,False,False,0,0,0.0,0.0,False,False,0,0,0.0,0.0,False,False,0,0,0.0,0.0
409828_2018-11-20_12-12-08_filtered_2026-04-09_05-50-16,4,114,0.16388000000006286,False,False,0,0,0.0,0.0,False,True,0,1,0.0,1.0,False,True,0,1,0.0,1.0,False,False,0,0,0.0,0.0,False,False,0,0,0.0,0.0,False,False,0,0,0.0,0.0
409828_2018-11-20_12-12-08_filtered_2026-04-09_05-50-16,4,115,0.16388000000006286,False,False,0,0,0.0,0.0,False,False,0,0,0.0,0.0,False,True,0,1,0.0,1.0,False,False,0,0,0.0,0.0,False,False,0,0,0.0,0.0,False,True,0,1,0.0,1.0
409828_2018-11-20_12-12-08_filtered_2026-04-09_05-50-16,4,116,0.16388000000006286,False,False,0,0,0.0,0.0,False,False,0,0,0.0,0.0,False,False,0,0,0.0,0.0,False,False,0,0,0.0,0.0,False,False,0,0,0.0,0.0,False,False,0,0,0.0,0.0
409828_2018-11-20_12-12-08_filtered_2026-04-09_05-50-16,4,117,0.16388000000006286,False,False,0,0,0.0,0.0,True,True,1,1,1.0,1.0,True,True,1,1,1.0,1.0,False,False,0,0,0.0,0.0,True,True,1,1,1.0,1.0,True,True,2,1,0.5,1.0
409828_2018-11-20_12-12-08_filtered_2026-04-09_05-50-16,4,118,0.16388000000006286,False,False,0,0,0.0,0.0,False,False,0,0,0.0,0.0,False,False,0,0,0.0,0.0,False,False,0,0,0.0,0.0,False,False,0,0,0.0,0.0,False,False,0,0,0.0,0.0
409828_2018-11-20_12-12-08_filtered_2026-04-09_05-50-16,4,119,0.16388000000006286,False,False,0,0,0.0,0.0,False,False,0,0,0.0,0.0,False,False,0,0,0.0,0.0,False,False,0,0,0.0,0.0,False,False,0,0,0.0,0.0,False,False,0,0,0.0,0.0
409828_2018-11-20_12-12-08_filtered_2026-04-09_05-50-16,4,120,0.16388000000006286,False,False,0,0,0.0,0.0,False,False,0,0,0.0,0.0,False,False,0,0,0.0,0.0,False,False,0,0,0.0,0.0,False,False,0,0,0.0,0.0,False,False,0,0,0.0,0.0
409828_2018-11-20_12-12-08_filtered_2026-04-09_05-50-16,4,121,0.16388000000006286,False,False,0,0,0.0,0.0,False,False,0,0,0.0,0.0,False,False,0,0,0.0,0.0,False,False,0,0,0.0,0.0,False,False,0,0,0.0,0.0,False,False,0,0,0.0,0.0
409828_2018-11-20_12-12-08_filtered_2026-04-09_05-50-16,4,122,0.16388000000006286,False,False,0,0,0.0,0.0,False,False,0,0,0.0,0.0,False,False,0,0,0.0,0.0,False,False,0,0,0.0,0.0,False,True,0,1,0.0,1.0,False,False,0,0,0.0,0.0
409828_2018-11-20_12-12-08_filtered_2026-04-09_05-50-16,4,123,0.16388000000006286,False,False,0,0,0.0,0.0,False,False,0,0,0.0,0.0,False,True,0,1,0.0,1.0,False,False,0,0,0.0,0.0,False,False,0,0,0.0,0.0,True,True,1,1,1.0,1.0
409828_2018-11-20_12-12-08_filtered_2026-04-09_05-50-16,4,124,0.16388000000006286,False,False,0,0,0.0,0.0,False,False,0,0,0.0,0.0,False,False,0,0,0.0,0.0,False,False,0,0,0.0,0.0,False,False,0,0,0.0,0.0,False,False,0,0,0.0,0.0
409828_2018-11-20_12-12-08_filtered_2026-04-09_05-50-16,4,125,0.16388000000006286,False,False,0,0,0.0,0.0,False,False,0,0,0.0,0.0,False,False,0,0,0.0,0.0,False,False,0,0,0.0,0.0,False,False,0,0,0.0,0.0,False,False,0,0,0.0,0.0
409828_2018-11-20_12-12-08_filtered_2026-04-09_05-50-16,4,126,0.16388000000006286,False,False,0,0,0.0,0.0,False,False,0,0,0.0,0.0,False,False,0,0,0.0,0.0,False,False,0,0,0.0,0.0,False,False,0,0,0.0,0.0,False,False,0,0,0.0,0.0
409828_2018-11-20_12-12-08_filtered_2026-04-09_05-50-16,4,127,0.16388000000006286,False,False,0,0,0.0,0.0,False,False,0,0,0.0,0.0,False,False,0,0,0.0,0.0,False,False,0,0,0.0,0.0,False,False,0,0,0.0,0.0,False,False,0,0,0.0,0.0
409828_2018-11-20_12-12-08_filtered_2026-04-09_05-50-16,4,128,0.16388000000006286,False,False,0,0,0.0,0.0,False,False,0,0,0.0,0.0,False,False,0,0,0.0,0.0,False,False,0,0,0.0,0.0,False,False,0,0,0.0,0.0,False,True,0,1,0.0,1.0
409828_2018-11-20_12-12-08_filtered_2026-04-09_05-50-16,4,129,0.16388000000006286,False,False,0,0,0.0,0.0,False,False,0,0,0.0,0.0,False,False,0,0,0.0,0.0,False,False,0,0,0.0,0.0,False,False,0,0,0.0,0.0,False,False,0,0,0.0,0.0
409828_2018-11-20_12-12-08_filtered_2026-04-09_05-50-16,4,130,0.16388000000006286,False,False,0,0,0.0,0.0,False,False,0,0,0.0,0.0,True,False,1,0,1.0,0.0,False,False,0,0,0.0,0.0,False,False,0,0,0.0,0.0,False,False,0,0,0.0,0.0
409828_2018-11-20_12-12-08_filtered_2026-04-09_05-50-16,4,131,0.16388000000006286,False,False,0,0,0.0,0.0,False,False,0,0,0.0,0.0,False,False,0,0,0.0,0.0,False,False,0,0,0.0,0.0,False,False,0,0,0.0,0.0,False,False,0,0,0.0,0.0
409828_2018-11-20_12-12-08_filtered_2026-04-09_05-50-16,4,132,0.16388000000006286,False,False,0,0,0.0,0.0,False,False,0,0,0.0,0.0,False,False,0,0,0.0,0.0,False,False,0,0,0.0,0.0,False,False,0,0,0.0,0.0,False,False,0,0,0.0,0.0
409828_2018-11-20_12-12-08_filtered_2026-04-09_05-50-16,4,133,0.16388000000006286,False,False,0,0,0.0,0.0,False,False,0,0,0.0,0.0,False,False,0,0,0.0,0.0,False,False,0,0,0.0,0.0,False,False,0,0,0.0,0.0,False,False,0,0,0.0,0.0
409828_2018-11-20_12-12-08_filtered_2026-04-09_05-50-16,4,134,0.16388000000006286,False,False,0,0,0.0,0.0,False,False,0,0,0.0,0.0,False,False,0,0,0.0,0.0,False,False,0,0,0.0,0.0,False,False,0,0,0.0,0.0,False,False,0,0,0.0,0.0
409828_2018-11-20_12-12-08_filtered_2026-04-09_05-50-16,4,135,0.16388000000006286,False,False,0,0,0.0,0.0,True,False,1,0,1.0,0.0,False,False,0,0,0.0,0.0,False,False,0,0,0.0,0.0,False,False,0,0,0.0,0.0,True,False,1,0,1.0,0.0
409828_2018-11-20_12-12-08_filtered_2026-04-09_05-50-16,4,136,0.16388000000006286,False,False,0,0,0.0,0.0,False,False,0,0,0.0,0.0,False,False,0,0,0.0,0.0,False,False,0,0,0.0,0.0,False,False,0,0,0.0,0.0,False,False,0,0,0.0,0.0
409828_2018-11-20_12-12-08_filtered_2026-04-09_05-50-16,4,137,0.16388000000006286,False,False,0,0,0.0,0.0,False,False,0,0,0.0,0.0,False,False,0,0,0.0,0.0,False,False,0,0,0.0,0.0,False,False,0,0,0.0,0.0,False,False,0,0,0.0,0.0
409828_2018-11-20_12-12-08_filtered_2026-04-09_05-50-16,4,138,0.16388000000006286,False,False,0,0,0.0,0.0,False,False,0,0,0.0,0.0,False,False,0,0,0.0,0.0,False,False,0,0,0.0,0.0,False,False,0,0,0.0,0.0,False,False,0,0,0.0,0.0
409828_2018-11-20_12-12-08_filtered_2026-04-09_05-50-16,4,140,0.16388000000006286,False,False,0,0,0.0,0.0,False,False,0,0,0.0,0.0,False,False,0,0,0.0,0.0,False,False,0,0,0.0,0.0,False,False,0,0,0.0,0.0,False,False,0,0,0.0,0.0
409828_2018-11-20_12-12-08_filtered_2026-04-09_05-50-16,4,141,0.16388000000006286,False,False,0,0,0.0,0.0,False,False,0,0,0.0,0.0,False,False,0,0,0.0,0.0,False,False,0,0,0.0,0.0,False,False,0,0,0.0,0.0,False,False,0,0,0.0,0.0
409828_2018-11-20_12-12-08_filtered_2026-04-09_05-50-16,4,142,0.16388000000006286,False,False,0,0,0.0,0.0,False,False,0,0,0.0,0.0,False,False,0,0,0.0,0.0,False,False,0,0,0.0,0.0,False,False,0,0,0.0,0.0,False,False,0,0,0.0,0.0
409828_2018-11-20_12-12-08_filtered_2026-04-09_05-50-16,4,143,0.16388000000006286,False,False,0,0,0.0,0.0,False,False,0,0,0.0,0.0,False,False,0,0,0.0,0.0,False,False,0,0,0.0,0.0,False,False,0,0,0.0,0.0,False,False,0,0,0.0,0.0
409828_2018-11-20_12-12-08_filtered_2026-04-09_05-50-16,4,144,0.16388000000006286,False,False,0,0,0.0,0.0,False,False,0,0,0.0,0.0,False,False,0,0,0.0,0.0,False,False,0,0,0.0,0.0,False,False,0,0,0.0,0.0,False,False,0,0,0.0,0.0
409828_2018-11-20_12-12-08_filtered_2026-04-09_05-50-16,4,145,0.16388000000006286,False,False,0,0,0.0,0.0,False,False,0,0,0.0,0.0,False,True,0,1,0.0,1.0,False,False,0,0,0.0,0.0,False,False,0,0,0.0,0.0,False,False,0,0,0.0,0.0
409828_2018-11-20_12-12-08_filtered_2026-04-09_05-50-16,4,147,0.16388000000006286,False,False,0,0,0.0,0.0,False,False,0,0,0.0,0.0,False,False,0,0,0.0,0.0,False,False,0,0,0.0,0.0,False,False,0,0,0.0,0.0,False,False,0,0,0.0,0.0
409828_2018-11-20_12-12-08_filtered_2026-04-09_05-50-16,4,148,0.16388000000006286,False,False,0,0,0.0,0.0,False,False,0,0,0.0,0.0,False,False,0,0,0.0,0.0,False,False,0,0,0.0,0.0,False,False,0,0,0.0,0.0,False,False,0,0,0.0,0.0
409828_2018-11-20_12-12-08_filtered_2026-04-09_05-50-16,4,149,0.16388000000006286,False,False,0,0,0.0,0.0,False,False,0,0,0.0,0.0,False,False,0,0,0.0,0.0,False,False,0,0,0.0,0.0,False,False,0,0,0.0,0.0,False,False,0,0,0.0,0.0
409828_2018-11-20_12-12-08_filtered_2026-04-09_05-50-16,4,150,0.16388000000006286,False,False,0,0,0.0,0.0,False,False,0,0,0.0,0.0,False,False,0,0,0.0,0.0,False,False,0,0,0.0,0.0,False,False,0,0,0.0,0.0,False,False,0,0,0.0,0.0
409828_2018-11-20_12-12-08_filtered_2026-04-09_05-50-16,4,153,0.16388000000006286,False,False,0,0,0.0,0.0,False,False,0,0,0.0,0.0,False,False,0,0,0.0,0.0,False,False,0,0,0.0,0.0,False,False,0,0,0.0,0.0,False,False,0,0,0.0,0.0
409828_2018-11-20_12-12-08_filtered_2026-04-09_05-50-16,4,155,0.16388000000006286,False,False,0,0,0.0,0.0,False,False,0,0,0.0,0.0,False,False,0,0,0.0,0.0,False,False,0,0,0.0,0.0,False,False,0,0,0.0,0.0,False,False,0,0,0.0,0.0
409828_2018-11-20_12-12-08_filtered_2026-04-09_05-50-16,4,156,0.16388000000006286,False,False,0,0,0.0,0.0,False,False,0,0,0.0,0.0,False,False,0,0,0.0,0.0,False,False,0,0,0.0,0.0,False,False,0,0,0.0,0.0,False,False,0,0,0.0,0.0
409828_2018-11-20_12-12-08_filtered_2026-04-09_05-50-16,4,158,0.16388000000006286,False,False,0,0,0.0,0.0,False,False,0,0,0.0,0.0,False,False,0,0,0.0,0.0,False,False,0,0,0.0,0.0,False,False,0,0,0.0,0.0,False,False,0,0,0.0,0.0
409828_2018-11-20_12-12-08_filtered_2026-04-09_05-50-16,4,160,0.16388000000006286,False,False,0,0,0.0,0.0,False,False,0,0,0.0,0.0,False,False,0,0,0.0,0.0,False,False,0,0,0.0,0.0,False,False,0,0,0.0,0.0,False,False,0,0,0.0,0.0
409828_2018-11-20_12-12-08_filtered_2026-04-09_05-50-16,4,162,0.16388000000006286,True,False,1,0,1.0,0.0,False,False,0,0,0.0,0.0,True,True,2,2,0.5,0.6666666666666666,False,False,0,0,0.0,0.0,False,True,0,1,0.0,1.0,True,True,2,1,0.5,1.0
409828_2018-11-20_12-12-08_filtered_2026-04-09_05-50-16,4,163,0.16388000000006286,False,False,0,0,0.0,0.0,False,False,0,0,0.0,0.0,True,False,1,0,1.0,0.0,True,False,1,0,1.0,0.0,True,False,1,0,1.0,0.0,True,False,1,0,1.0,0.0
409828_2018-11-20_12-12-08_filtered_2026-04-09_05-50-16,4,164,0.16388000000006286,False,False,0,0,0.0,0.0,False,False,0,0,0.0,0.0,False,False,0,0,0.0,0.0,False,False,0,0,0.0,0.0,False,False,0,0,0.0,0.0,False,False,0,0,0.0,0.0
409828_2018-11-20_12-12-08_filtered_2026-04-09_05-50-16,4,165,0.16388000000006286,False,False,0,0,0.0,0.0,False,False,0,0,0.0,0.0,False,False,0,0,0.0,0.0,False,False,0,0,0.0,0.0,False,True,0,1,0.0,1.0,False,False,0,0,0.0,0.0
409828_2018-11-20_12-12-08_filtered_2026-04-09_05-50-16,4,168,0.16388000000006286,False,False,0,0,0.0,0.0,True,False,1,0,1.0,0.0,False,False,0,0,0.0,0.0,False,False,0,0,0.0,0.0,False,False,0,0,0.0,0.0,False,False,0,0,0.0,0.0
409828_2018-11-20_12-12-08_filtered_2026-04-09_05-50-16,4,169,0.16388000000006286,False,False,0,0,0.0,0.0,False,False,0,0,0.0,0.0,False,False,0,0,0.0,0.0,False,False,0,0,0.0,0.0,False,False,0,0,0.0,0.0,False,False,0,0,0.0,0.0
409828_2018-11-20_12-12-08_filtered_2026-04-09_05-50-16,4,170,0.16388000000006286,False,False,0,0,0.0,0.0,False,False,0,0,0.0,0.0,True,True,1,2,1.0,0.5,False,False,0,0,0.0,0.0,True,False,1,0,1.0,0.0,True,False,1,0,1.0,0.0
409828_2018-11-20_12-12-08_filtered_2026-04-09_05-50-16,4,172,0.16388000000006286,False,False,0,0,0.0,0.0,False,False,0,0,0.0,0.0,False,False,0,0,0.0,0.0,False,False,0,0,0.0,0.0,False,False,0,0,0.0,0.0,False,False,0,0,0.0,0.0
409828_2018-11-20_12-12-08_filtered_2026-04-09_05-50-16,4,173,0.16388000000006286,False,False,0,0,0.0,0.0,False,False,0,0,0.0,0.0,False,False,0,0,0.0,0.0,False,False,0,0,0.0,0.0,False,False,0,0,0.0,0.0,False,False,0,0,0.0,0.0
409828_2018-11-20_12-12-08_filtered_2026-04-09_05-50-16,4,174,0.16388000000006286,False,False,0,0,0.0,0.0,False,False,0,0,0.0,0.0,True,False,1,0,1.0,0.0,False,False,0,0,0.0,0.0,True,False,1,0,1.0,0.0,True,False,1,0,1.0,0.0
409828_2018-11-20_12-12-08_filtered_2026-04-09_05-50-16,4,175,0.16388000000006286,False,False,0,0,0.0,0.0,False,False,0,0,0.0,0.0,False,False,0,0,0.0,0.0,False,False,0,0,0.0,0.0,False,False,0,0,0.0,0.0,False,False,0,0,0.0,0.0
409828_2018-11-20_12-12-08_filtered_2026-04-09_05-50-16,4,176,0.16388000000006286,False,False,0,0,0.0,0.0,False,False,0,0,0.0,0.0,False,False,0,0,0.0,0.0,False,False,0,0,0.0,0.0,False,False,0,0,0.0,0.0,False,False,0,0,0.0,0.0
409828_2018-11-20_12-12-08_filtered_2026-04-09_05-50-16,4,177,0.16388000000006286,False,False,0,0,0.0,0.0,False,False,0,0,0.0,0.0,False,False,0,0,0.0,0.0,False,False,0,0,0.0,0.0,False,False,0,0,0.0,0.0,False,False,0,0,0.0,0.0
409828_2018-11-20_12-12-08_filtered_2026-04-09_05-50-16,4,178,0.16388000000006286,False,False,0,0,0.0,0.0,False,False,0,0,0.0,0.0,False,False,0,0,0.0,0.0,False,False,0,0,0.0,0.0,False,False,0,0,0.0,0.0,True,False,1,0,1.0,0.0
409828_2018-11-20_12-12-08_filtered_2026-04-09_05-50-16,4,179,0.16388000000006286,False,False,0,0,0.0,0.0,False,False,0,0,0.0,0.0,False,False,0,0,0.0,0.0,False,False,0,0,0.0,0.0,False,False,0,0,0.0,0.0,False,False,0,0,0.0,0.0
409828_2018-11-20_12-12-08_filtered_2026-04-09_05-50-16,4,181,0.16388000000006286,False,False,0,0,0.0,0.0,False,False,0,0,0.0,0.0,False,False,0,0,0.0,0.0,False,False,0,0,0.0,0.0,False,False,0,0,0.0,0.0,False,False,0,0,0.0,0.0
409828_2018-11-20_12-12-08_filtered_2026-04-09_05-50-16,4,182,0.16388000000006286,False,False,0,0,0.0,0.0,True,False,1,0,1.0,0.0,True,False,1,0,1.0,0.0,False,False,0,0,0.0,0.0,False,False,0,0,0.0,0.0,False,False,0,0,0.0,0.0
409828_2018-11-20_12-12-08_filtered_2026-04-09_05-50-16,4,183,0.16388000000006286,False,False,0,0,0.0,0.0,False,False,0,0,0.0,0.0,False,False,0,0,0.0,0.0,False,False,0,0,0.0,0.0,False,False,0,0,0.0,0.0,False,False,0,0,0.0,0.0
409828_2018-11-20_12-12-08_filtered_2026-04-09_05-50-16,4,184,0.16388000000006286,False,False,0,0,0.0,0.0,False,False,0,0,0.0,0.0,False,False,0,0,0.0,0.0,False,False,0,0,0.0,0.0,False,False,0,0,0.0,0.0,False,False,0,0,0.0,0.0
409828_2018-11-20_12-12-08_filtered_2026-04-09_05-50-16,4,185,0.16388000000006286,False,False,0,0,0.0,0.0,False,False,0,0,0.0,0.0,False,False,0,0,0.0,0.0,False,False,0,0,0.0,0.0,False,False,0,0,0.0,0.0,False,False,0,0,0.0,0.0
409828_2018-11-20_12-12-08_filtered_2026-04-09_05-50-16,4,186,0.16388000000006286,False,False,0,0,0.0,0.0,False,False,0,0,0.0,0.0,False,False,0,0,0.0,0.0,False,False,0,0,0.0,0.0,False,False,0,0,0.0,0.0,False,False,0,0,0.0,0.0
409828_2018-11-20_12-12-08_filtered_2026-04-09_05-50-16,4,188,0.16388000000006286,False,False,0,0,0.0,0.0,False,False,0,0,0.0,0.0,False,False,0,0,0.0,0.0,False,False,0,0,0.0,0.0,False,False,0,0,0.0,0.0,False,False,0,0,0.0,0.0
409828_2018-11-20_12-12-08_filtered_2026-04-09_05-50-16,4,189,0.16388000000006286,False,False,0,0,0.0,0.0,False,False,0,0,0.0,0.0,False,False,0,0,0.0,0.0,False,False,0,0,0.0,0.0,False,False,0,0,0.0,0.0,False,False,0,0,0.0,0.0
409828_2018-11-20_12-12-08_filtered_2026-04-09_05-50-16,4,190,0.16388000000006286,False,False,0,0,0.0,0.0,False,False,0,0,0.0,0.0,False,False,0,0,0.0,0.0,False,False,0,0,0.0,0.0,False,False,0,0,0.0,0.0,False,False,0,0,0.0,0.0
409828_2018-11-20_12-12-08_filtered_2026-04-09_05-50-16,4,191,0.16388000000006286,False,False,0,0,0.0,0.0,False,False,0,0,0.0,0.0,False,False,0,0,0.0,0.0,False,False,0,0,0.0,0.0,False,False,0,0,0.0,0.0,False,False,0,0,0.0,0.0
409828_2018-11-20_12-12-08_filtered_2026-04-09_05-50-16,4,192,0.16388000000006286,False,False,0,0,0.0,0.0,False,False,0,0,0.0,0.0,False,False,0,0,0.0,0.0,False,False,0,0,0.0,0.0,False,False,0,0,0.0,0.0,False,True,0,1,0.0,1.0
409828_2018-11-20_12-12-08_filtered_2026-04-09_05-50-16,4,193,0.16388000000006286,False,False,0,0,0.0,0.0,False,False,0,0,0.0,0.0,False,False,0,0,0.0,0.0,False,False,0,0,0.0,0.0,False,False,0,0,0.0,0.0,False,False,0,0,0.0,0.0
409828_2018-11-20_12-12-08_filtered_2026-04-09_05-50-16,4,194,0.16388000000006286,False,False,0,0,0.0,0.0,False,False,0,0,0.0,0.0,False,False,0,0,0.0,0.0,False,False,0,0,0.0,0.0,False,False,0,0,0.0,0.0,False,False,0,0,0.0,0.0
409828_2018-11-20_12-12-08_filtered_2026-04-09_05-50-16,4,195,0.16388000000006286,False,False,0,0,0.0,0.0,False,False,0,0,0.0,0.0,False,True,0,1,0.0,1.0,False,False,0,0,0.0,0.0,False,True,0,1,0.0,1.0,False,True,0,1,0.0,1.0
409828_2018-11-20_12-12-08_filtered_2026-04-09_05-50-16,4,196,0.16388000000006286,False,False,0,0,0.0,0.0,False,False,0,0,0.0,0.0,False,False,0,0,0.0,0.0,False,False,0,0,0.0,0.0,False,False,0,0,0.0,0.0,False,False,0,0,0.0,0.0
409828_2018-11-20_12-12-08_filtered_2026-04-09_05-50-16,4,197,0.16388000000006286,False,False,0,0,0.0,0.0,False,False,0,0,0.0,0.0,False,False,0,0,0.0,0.0,False,False,0,0,0.0,0.0,False,False,0,0,0.0,0.0,False,False,0,0,0.0,0.0
409828_2018-11-20_12-12-08_filtered_2026-04-09_05-50-16,4,198,0.16388000000006286,False,False,0,0,0.0,0.0,False,False,0,0,0.0,0.0,False,False,0,0,0.0,0.0,False,False,0,0,0.0,0.0,False,True,0,1,0.0,1.0,False,False,0,0,0.0,0.0
409828_2018-11-20_12-12-08_filtered_2026-04-09_05-50-16,4,199,0.16388000000006286,False,False,0,0,0.0,0.0,False,False,0,0,0.0,0.0,True,False,1,0,1.0,0.0,False,False,0,0,0.0,0.0,False,False,0,0,0.0,0.0,False,False,0,0,0.0,0.0
409828_2018-11-20_12-12-08_filtered_2026-04-09_05-50-16,4,201,0.16388000000006286,False,False,0,0,0.0,0.0,False,False,0,0,0.0,0.0,False,False,0,0,0.0,0.0,False,False,0,0,0.0,0.0,False,False,0,0,0.0,0.0,False,False,0,0,0.0,0.0
409828_2018-11-20_12-12-08_filtered_2026-04-09_05-50-16,4,203,0.16388000000006286,False,False,0,0,0.0,0.0,False,False,0,0,0.0,0.0,False,False,0,0,0.0,0.0,False,False,0,0,0.0,0.0,False,False,0,0,0.0,0.0,False,False,0,0,0.0,0.0
409828_2018-11-20_12-12-08_filtered_2026-04-09_05-50-16,4,205,0.16388000000006286,False,False,0,0,0.0,0.0,False,False,0,0,0.0,0.0,False,False,0,0,0.0,0.0,False,False,0,0,0.0,0.0,False,False,0,0,0.0,0.0,False,False,0,0,0.0,0.0
409828_2018-11-20_12-12-08_filtered_2026-04-09_05-50-16,4,207,0.16388000000006286,False,False,0,0,0.0,0.0,False,False,0,0,0.0,0.0,False,False,0,0,0.0,0.0,False,False,0,0,0.0,0.0,False,False,0,0,0.0,0.0,False,False,0,0,0.0,0.0
409828_2018-11-20_12-12-08_filtered_2026-04-09_05-50-16,4,208,0.16388000000006286,False,False,0,0,0.0,0.0,False,False,0,0,0.0,0.0,False,False,0,0,0.0,0.0,False,False,0,0,0.0,0.0,False,False,0,0,0.0,0.0,False,False,0,0,0.0,0.0
409828_2018-11-20_12-12-08_filtered_2026-04-09_05-50-16,4,209,0.16388000000006286,False,False,0,0,0.0,0.0,False,False,0,0,0.0,0.0,False,False,0,0,0.0,0.0,False,False,0,0,0.0,0.0,False,False,0,0,0.0,0.0,False,True,0,1,0.0,1.0
409828_2018-11-20_12-12-08_filtered_2026-04-09_05-50-16,4,210,0.16388000000006286,False,False,0,0,0.0,0.0,False,False,0,0,0.0,0.0,False,False,0,0,0.0,0.0,False,False,0,0,0.0,0.0,False,False,0,0,0.0,0.0,False,False,0,0,0.0,0.0
409828_2018-11-20_12-12-08_filtered_2026-04-09_05-50-16,4,211,0.16388000000006286,False,False,0,0,0.0,0.0,False,False,0,0,0.0,0.0,False,False,0,0,0.0,0.0,False,False,0,0,0.0,0.0,False,False,0,0,0.0,0.0,False,False,0,0,0.0,0.0
409828_2018-11-20_12-12-08_filtered_2026-04-09_05-50-16,4,212,0.16388000000006286,False,False,0,0,0.0,0.0,False,False,0,0,0.0,0.0,True,False,1,0,1.0,0.0,False,False,0,0,0.0,0.0,False,False,0,0,0.0,0.0,True,False,1,0,1.0,0.0
409828_2018-11-20_12-12-08_filtered_2026-04-09_05-50-16,4,213,0.16388000000006286,False,False,0,0,0.0,0.0,False,False,0,0,0.0,0.0,False,False,0,0,0.0,0.0,False,False,0,0,0.0,0.0,False,False,0,0,0.0,0.0,False,False,0,0,0.0,0.0
409828_2018-11-20_12-12-08_filtered_2026-04-09_05-50-16,4,214,0.16388000000006286,False,False,0,0,0.0,0.0,False,False,0,0,0.0,0.0,False,False,0,0,0.0,0.0,False,False,0,0,0.0,0.0,False,False,0,0,0.0,0.0,False,False,0,0,0.0,0.0
409828_2018-11-20_12-12-08_filtered_2026-04-09_05-50-16,4,216,0.16388000000006286,False,False,0,0,0.0,0.0,False,False,0,0,0.0,0.0,False,False,0,0,0.0,0.0,False,False,0,0,0.0,0.0,False,False,0,0,0.0,0.0,False,False,0,0,0.0,0.0
409828_2018-11-20_12-12-08_filtered_2026-04-09_05-50-16,4,218,0.16388000000006286,False,False,0,0,0.0,0.0,False,False,0,0,0.0,0.0,False,False,0,0,0.0,0.0,False,False,0,0,0.0,0.0,False,False,0,0,0.0,0.0,False,False,0,0,0.0,0.0
409828_2018-11-20_12-12-08_filtered_2026-04-09_05-50-16,4,219,0.16388000000006286,False,False,0,0,0.0,0.0,False,False,0,0,0.0,0.0,False,False,0,0,0.0,0.0,False,False,0,0,0.0,0.0,False,False,0,0,0.0,0.0,False,False,0,0,0.0,0.0
409828_2018-11-20_12-12-08_filtered_2026-04-09_05-50-16,4,220,0.16388000000006286,False,False,0,0,0.0,0.0,False,False,0,0,0.0,0.0,False,False,0,0,0.0,0.0,False,False,0,0,0.0,0.0,False,False,0,0,0.0,0.0,False,False,0,0,0.0,0.0
409828_2018-11-20_12-12-08_filtered_2026-04-09_05-50-16,4,222,0.16388000000006286,False,False,0,0,0.0,0.0,False,False,0,0,0.0,0.0,False,False,0,0,0.0,0.0,False,False,0,0,0.0,0.0,False,False,0,0,0.0,0.0,False,False,0,0,0.0,0.0
409828_2018-11-20_12-12-08_filtered_2026-04-09_05-50-16,4,223,0.16388000000006286,False,False,0,0,0.0,0.0,False,False,0,0,0.0,0.0,False,False,0,0,0.0,0.0,False,False,0,0,0.0,0.0,False,False,0,0,0.0,0.0,False,False,0,0,0.0,0.0
409828_2018-11-20_12-12-08_filtered_2026-04-09_05-50-16,4,224,0.16388000000006286,False,False,0,0,0.0,0.0,False,False,0,0,0.0,0.0,True,False,1,0,1.0,0.0,False,False,0,0,0.0,0.0,False,False,0,0,0.0,0.0,False,False,0,0,0.0,0.0
409828_2018-11-20_12-12-08_filtered_2026-04-09_05-50-16,4,225,0.16388000000006286,False,False,0,0,0.0,0.0,False,False,0,0,0.0,0.0,False,False,0,0,0.0,0.0,False,False,0,0,0.0,0.0,False,False,0,0,0.0,0.0,False,False,0,0,0.0,0.0
409828_2018-11-20_12-12-08_filtered_2026-04-09_05-50-16,4,226,0.16388000000006286,False,False,0,0,0.0,0.0,False,False,0,0,0.0,0.0,False,False,0,0,0.0,0.0,False,False,0,0,0.0,0.0,False,False,0,0,0.0,0.0,False,False,0,0,0.0,0.0
409828_2018-11-20_12-12-08_filtered_2026-04-09_05-50-16,4,227,0.16388000000006286,False,False,0,0,0.0,0.0,False,False,0,0,0.0,0.0,False,False,0,0,0.0,0.0,False,False,0,0,0.0,0.0,False,False,0,0,0.0,0.0,False,False,0,0,0.0,0.0
409828_2018-11-20_12-12-08_filtered_2026-04-09_05-50-16,4,228,0.16388000000006286,False,False,0,0,0.0,0.0,False,False,0,0,0.0,0.0,False,False,0,0,0.0,0.0,False,False,0,0,0.0,0.0,False,False,0,0,0.0,0.0,False,False,0,0,0.0,0.0
409828_2018-11-20_12-12-08_filtered_2026-04-09_05-50-16,4,229,0.16388000000006286,False,False,0,0,0.0,0.0,False,False,0,0,0.0,0.0,False,False,0,0,0.0,0.0,False,False,0,0,0.0,0.0,False,False,0,0,0.0,0.0,False,False,0,0,0.0,0.0
409828_2018-11-20_12-12-08_filtered_2026-04-09_05-50-16,4,232,0.16388000000006286,False,False,0,0,0.0,0.0,False,False,0,0,0.0,0.0,False,False,0,0,0.0,0.0,False,False,0,0,0.0,0.0,False,False,0,0,0.0,0.0,False,False,0,0,0.0,0.0
409828_2018-11-20_12-12-08_filtered_2026-04-09_05-50-16,4,233,0.16388000000006286,False,False,0,0,0.0,0.0,False,False,0,0,0.0,0.0,False,False,0,0,0.0,0.0,False,False,0,0,0.0,0.0,False,False,0,0,0.0,0.0,False,False,0,0,0.0,0.0
409828_2018-11-20_12-12-08_filtered_2026-04-09_05-50-16,4,234,0.16388000000006286,False,False,0,0,0.0,0.0,False,False,0,0,0.0,0.0,False,False,0,0,0.0,0.0,False,False,0,0,0.0,0.0,False,False,0,0,0.0,0.0,False,True,0,1,0.0,1.0
409828_2018-11-20_12-12-08_filtered_2026-04-09_05-50-16,4,236,0.16388000000006286,False,False,0,0,0.0,0.0,False,False,0,0,0.0,0.0,False,False,0,0,0.0,0.0,False,False,0,0,0.0,0.0,False,False,0,0,0.0,0.0,False,False,0,0,0.0,0.0
409828_2018-11-20_12-12-08_filtered_2026-04-09_05-50-16,4,237,0.16388000000006286,False,False,0,0,0.0,0.0,False,False,0,0,0.0,0.0,False,False,0,0,0.0,0.0,False,False,0,0,0.0,0.0,False,False,0,0,0.0,0.0,False,False,0,0,0.0,0.0
409828_2018-11-20_12-12-08_filtered_2026-04-09_05-50-16,4,238,0.16388000000006286,False,False,0,0,0.0,0.0,False,False,0,0,0.0,0.0,False,False,0,0,0.0,0.0,False,False,0,0,0.0,0.0,False,False,0,0,0.0,0.0,False,False,0,0,0.0,0.0
409828_2018-11-20_12-12-08_filtered_2026-04-09_05-50-16,4,239,0.16388000000006286,False,False,0,0,0.0,0.0,False,False,0,0,0.0,0.0,False,False,0,0,0.0,0.0,False,False,0,0,0.0,0.0,False,False,0,0,0.0,0.0,False,False,0,0,0.0,0.0
409828_2018-11-20_12-12-08_filtered_2026-04-09_05-50-16,4,240,0.16388000000006286,False,False,0,0,0.0,0.0,False,False,0,0,0.0,0.0,False,False,0,0,0.0,0.0,False,False,0,0,0.0,0.0,False,False,0,0,0.0,0.0,False,False,0,0,0.0,0.0
409828_2018-11-20_12-12-08_filtered_2026-04-09_05-50-16,4,241,0.16388000000006286,False,False,0,0,0.0,0.0,False,False,0,0,0.0,0.0,False,False,0,0,0.0,0.0,False,False,0,0,0.0,0.0,False,False,0,0,0.0,0.0,False,False,0,0,0.0,0.0
409828_2018-11-20_12-12-08_filtered_2026-04-09_05-50-16,4,242,0.16388000000006286,False,False,0,0,0.0,0.0,False,False,0,0,0.0,0.0,False,False,0,0,0.0,0.0,False,False,0,0,0.0,0.0,False,False,0,0,0.0,0.0,False,False,0,0,0.0,0.0
409828_2018-11-20_12-12-08_filtered_2026-04-09_05-50-16,4,244,0.16388000000006286,False,False,0,0,0.0,0.0,False,False,0,0,0.0,0.0,False,False,0,0,0.0,0.0,False,False,0,0,0.0,0.0,False,False,0,0,0.0,0.0,False,False,0,0,0.0,0.0
409828_2018-11-20_12-12-08_filtered_2026-04-09_05-50-16,4,248,0.16388000000006286,False,False,0,0,0.0,0.0,False,False,0,0,0.0,0.0,False,False,0,0,0.0,0.0,False,False,0,0,0.0,0.0,False,False,0,0,0.0,0.0,False,False,0,0,0.0,0.0
409828_2018-11-20_12-12-08_filtered_2026-04-09_05-50-16,4,249,0.16388000000006286,False,False,0,0,0.0,0.0,False,False,0,0,0.0,0.0,False,False,0,0,0.0,0.0,False,False,0,0,0.0,0.0,False,False,0,0,0.0,0.0,False,True,0,1,0.0,1.0
409828_2018-11-20_12-12-08_filtered_2026-04-09_05-50-16,4,250,0.16388000000006286,False,False,0,0,0.0,0.0,False,False,0,0,0.0,0.0,False,False,0,0,0.0,0.0,False,False,0,0,0.0,0.0,False,False,0,0,0.0,0.0,False,True,0,3,0.0,0.3333333333333333
409828_2018-11-20_12-12-08_filtered_2026-04-09_05-50-16,4,253,0.16388000000006286,False,False,0,0,0.0,0.0,False,False,0,0,0.0,0.0,False,False,0,0,0.0,0.0,False,False,0,0,0.0,0.0,False,False,0,0,0.0,0.0,False,False,0,0,0.0,0.0
409828_2018-11-20_12-12-08_filtered_2026-04-09_05-50-16,4,254,0.16388000000006286,False,False,0,0,0.0,0.0,False,False,0,0,0.0,0.0,False,False,0,0,0.0,0.0,False,False,0,0,0.0,0.0,False,False,0,0,0.0,0.0,False,False,0,0,0.0,0.0
409828_2018-11-20_12-12-08_filtered_2026-04-09_05-50-16,4,255,0.16388000000006286,False,False,0,0,0.0,0.0,True,False,1,0,1.0,0.0,True,True,1,1,1.0,1.0,False,False,0,0,0.0,0.0,False,False,0,0,0.0,0.0,True,False,1,0,1.0,0.0
409828_2018-11-20_12-12-08_filtered_2026-04-09_05-50-16,4,256,0.16388000000006286,False,False,0,0,0.0,0.0,False,False,0,0,0.0,0.0,False,False,0,0,0.0,0.0,False,False,0,0,0.0,0.0,False,False,0,0,0.0,0.0,False,False,0,0,0.0,0.0
409828_2018-11-20_12-12-08_filtered_2026-04-09_05-50-16,4,257,0.16388000000006286,False,False,0,0,0.0,0.0,False,False,0,0,0.0,0.0,False,False,0,0,0.0,0.0,False,False,0,0,0.0,0.0,False,False,0,0,0.0,0.0,False,False,0,0,0.0,0.0
409828_2018-11-20_12-12-08_filtered_2026-04-09_05-50-16,4,259,0.16388000000006286,False,False,0,0,0.0,0.0,False,False,0,0,0.0,0.0,False,False,0,0,0.0,0.0,False,False,0,0,0.0,0.0,False,False,0,0,0.0,0.0,False,False,0,0,0.0,0.0
409828_2018-11-20_12-12-08_filtered_2026-04-09_05-50-16,4,260,0.16388000000006286,False,False,0,0,0.0,0.0,False,False,0,0,0.0,0.0,False,False,0,0,0.0,0.0,False,False,0,0,0.0,0.0,False,False,0,0,0.0,0.0,False,False,0,0,0.0,0.0
409828_2018-11-20_12-12-08_filtered_2026-04-09_05-50-16,4,263,0.16388000000006286,False,False,0,0,0.0,0.0,False,False,0,0,0.0,0.0,False,False,0,0,0.0,0.0,False,False,0,0,0.0,0.0,False,False,0,0,0.0,0.0,False,False,0,0,0.0,0.0
409828_2018-11-20_12-12-08_filtered_2026-04-09_05-50-16,4,264,0.16388000000006286,False,False,0,0,0.0,0.0,False,False,0,0,0.0,0.0,False,False,0,0,0.0,0.0,False,False,0,0,0.0,0.0,False,False,0,0,0.0,0.0,True,False,1,0,1.0,0.0
409828_2018-11-20_12-12-08_filtered_2026-04-09_05-50-16,4,269,0.16388000000006286,False,False,0,0,0.0,0.0,False,False,0,0,0.0,0.0,True,True,1,1,1.0,1.0,False,False,0,0,0.0,0.0,True,False,1,0,1.0,0.0,True,True,1,1,1.0,1.0
409828_2018-11-20_12-12-08_filtered_2026-04-09_05-50-16,4,270,0.16388000000006286,False,False,0,0,0.0,0.0,False,False,0,0,0.0,0.0,False,False,0,0,0.0,0.0,False,False,0,0,0.0,0.0,False,False,0,0,0.0,0.0,False,False,0,0,0.0,0.0
409828_2018-11-20_12-12-08_filtered_2026-04-09_05-50-16,4,272,0.16388000000006286,True,False,1,0,1.0,0.0,False,False,0,0,0.0,0.0,False,False,0,0,0.0,0.0,False,False,0,0,0.0,0.0,False,False,0,0,0.0,0.0,False,False,0,0,0.0,0.0
409828_2018-11-20_12-12-08_filtered_2026-04-09_05-50-16,4,279,0.16388000000006286,False,False,0,0,0.0,0.0,False,False,0,0,0.0,0.0,False,False,0,0,0.0,0.0,False,False,0,0,0.0,0.0,False,False,0,0,0.0,0.0,False,False,0,0,0.0,0.0
409828_2018-11-20_12-12-08_filtered_2026-04-09_05-50-16,4,282,0.16388000000006286,False,False,0,0,0.0,0.0,False,False,0,0,0.0,0.0,False,False,0,0,0.0,0.0,False,False,0,0,0.0,0.0,False,False,0,0,0.0,0.0,False,False,0,0,0.0,0.0
409828_2018-11-20_12-12-08_filtered_2026-04-09_05-50-16,4,283,0.16388000000006286,False,True,0,1,0.0,1.0,False,False,0,0,0.0,0.0,True,False,1,0,1.0,0.0,False,False,0,0,0.0,0.0,False,True,0,1,0.0,1.0,False,True,0,1,0.0,1.0
409828_2018-11-20_12-12-08_filtered_2026-04-09_05-50-16,4,284,0.16388000000006286,False,False,0,0,0.0,0.0,False,False,0,0,0.0,0.0,True,False,1,0,1.0,0.0,False,False,0,0,0.0,0.0,True,False,1,0,1.0,0.0,True,False,2,0,0.6666666666666666,0.0
409828_2018-11-20_12-12-08_filtered_2026-04-09_05-50-16,4,285,0.16388000000006286,False,False,0,0,0.0,0.0,False,False,0,0,0.0,0.0,False,False,0,0,0.0,0.0,False,False,0,0,0.0,0.0,False,False,0,0,0.0,0.0,False,False,0,0,0.0,0.0
409828_2018-11-20_12-12-08_filtered_2026-04-09_05-50-16,4,289,0.16388000000006286,False,False,0,0,0.0,0.0,False,False,0,0,0.0,0.0,False,False,0,0,0.0,0.0,False,False,0,0,0.0,0.0,False,False,0,0,0.0,0.0,False,False,0,0,0.0,0.0
409828_2018-11-20_12-12-08_filtered_2026-04-09_05-50-16,4,293,0.16388000000006286,False,False,0,0,0.0,0.0,False,False,0,0,0.0,0.0,False,False,0,0,0.0,0.0,False,False,0,0,0.0,0.0,False,False,0,0,0.0,0.0,False,False,0,0,0.0,0.0
409828_2018-11-20_12-12-08_filtered_2026-04-09_05-50-16,4,295,0.16388000000006286,False,False,0,0,0.0,0.0,False,False,0,0,0.0,0.0,False,False,0,0,0.0,0.0,False,False,0,0,0.0,0.0,False,False,0,0,0.0,0.0,False,False,0,0,0.0,0.0
409828_2018-11-20_12-12-08_filtered_2026-04-09_05-50-16,4,304,0.16388000000006286,False,False,0,0,0.0,0.0,False,False,0,0,0.0,0.0,False,False,0,0,0.0,0.0,False,False,0,0,0.0,0.0,False,False,0,0,0.0,0.0,False,False,0,0,0.0,0.0
409828_2018-11-20_12-12-08_filtered_2026-04-09_05-50-16,4,305,0.16388000000006286,False,False,0,0,0.0,0.0,False,False,0,0,0.0,0.0,False,False,0,0,0.0,0.0,False,False,0,0,0.0,0.0,False,False,0,0,0.0,0.0,False,False,0,0,0.0,0.0
409828_2018-11-20_12-12-08_filtered_2026-04-09_05-50-16,4,306,0.16388000000006286,False,False,0,0,0.0,0.0,False,False,0,0,0.0,0.0,False,False,0,0,0.0,0.0,False,False,0,0,0.0,0.0,False,False,0,0,0.0,0.0,False,False,0,0,0.0,0.0
409828_2018-11-20_12-12-08_filtered_2026-04-09_05-50-16,4,307,0.16388000000006286,False,False,0,0,0.0,0.0,False,False,0,0,0.0,0.0,False,False,0,0,0.0,0.0,False,False,0,0,0.0,0.0,False,False,0,0,0.0,0.0,False,False,0,0,0.0,0.0
409828_2018-11-20_12-12-08_filtered_2026-04-09_05-50-16,4,310,0.16388000000006286,False,False,0,0,0.0,0.0,False,False,0,0,0.0,0.0,False,False,0,0,0.0,0.0,False,False,0,0,0.0,0.0,False,True,0,1,0.0,1.0,False,False,0,0,0.0,0.0
409828_2018-11-20_12-12-08_filtered_2026-04-09_05-50-16,4,317,0.16388000000006286,False,False,0,0,0.0,0.0,False,False,0,0,0.0,0.0,False,False,0,0,0.0,0.0,False,False,0,0,0.0,0.0,False,False,0,0,0.0,0.0,False,False,0,0,0.0,0.0
409828_2018-11-20_12-12-08_filtered_2026-04-09_05-50-16,4,323,0.16388000000006286,False,False,0,0,0.0,0.0,False,False,0,0,0.0,0.0,False,False,0,0,0.0,0.0,False,False,0,0,0.0,0.0,False,False,0,0,0.0,0.0,False,False,0,0,0.0,0.0
409828_2018-11-20_12-12-08_filtered_2026-04-09_05-50-16,4,325,0.16388000000006286,False,False,0,0,0.0,0.0,False,False,0,0,0.0,0.0,False,False,0,0,0.0,0.0,False,False,0,0,0.0,0.0,False,False,0,0,0.0,0.0,False,False,0,0,0.0,0.0
409828_2018-11-20_12-12-08_filtered_2026-04-09_05-50-16,4,326,0.16388000000006286,False,False,0,0,0.0,0.0,False,False,0,0,0.0,0.0,False,False,0,0,0.0,0.0,False,False,0,0,0.0,0.0,False,False,0,0,0.0,0.0,False,False,0,0,0.0,0.0
409828_2018-11-20_12-12-08_filtered_2026-04-09_05-50-16,4,332,0.16388000000006286,False,False,0,0,0.0,0.0,False,False,0,0,0.0,0.0,False,False,0,0,0.0,0.0,False,False,0,0,0.0,0.0,False,False,0,0,0.0,0.0,False,False,0,0,0.0,0.0
409828_2018-11-20_12-12-08_filtered_2026-04-09_05-50-16,4,335,0.16388000000006286,False,False,0,0,0.0,0.0,False,False,0,0,0.0,0.0,False,False,0,0,0.0,0.0,False,False,0,0,0.0,0.0,False,False,0,0,0.0,0.0,False,False,0,0,0.0,0.0
409828_2018-11-20_12-12-08_filtered_2026-04-09_05-50-16,4,336,0.16388000000006286,False,False,0,0,0.0,0.0,False,False,0,0,0.0,0.0,False,False,0,0,0.0,0.0,False,False,0,0,0.0,0.0,False,False,0,0,0.0,0.0,False,False,0,0,0.0,0.0
409828_2018-11-20_12-12-08_filtered_2026-04-09_05-50-16,4,343,0.16388000000006286,False,False,0,0,0.0,0.0,False,False,0,0,0.0,0.0,False,False,0,0,0.0,0.0,False,False,0,0,0.0,0.0,False,False,0,0,0.0,0.0,False,False,0,0,0.0,0.0
409828_2018-11-20_12-12-08_filtered_2026-04-09_05-50-16,4,347,0.16388000000006286,False,False,0,0,0.0,0.0,False,False,0,0,0.0,0.0,False,False,0,0,0.0,0.0,False,False,0,0,0.0,0.0,False,False,0,0,0.0,0.0,False,False,0,0,0.0,0.0
409828_2018-11-20_12-12-08_filtered_2026-04-09_05-50-16,4,349,0.16388000000006286,False,False,0,0,0.0,0.0,False,False,0,0,0.0,0.0,False,False,0,0,0.0,0.0,False,False,0,0,0.0,0.0,False,False,0,0,0.0,0.0,False,False,0,0,0.0,0.0
409828_2018-11-20_12-12-08_filtered_2026-04-09_05-50-16,4,352,0.16388000000006286,False,False,0,0,0.0,0.0,False,False,0,0,0.0,0.0,False,False,0,0,0.0,0.0,False,False,0,0,0.0,0.0,False,False,0,0,0.0,0.0,False,False,0,0,0.0,0.0
409828_2018-11-20_12-12-08_filtered_2026-04-09_05-50-16,4,360,0.16388000000006286,False,False,0,0,0.0,0.0,False,False,0,0,0.0,0.0,False,False,0,0,0.0,0.0,False,False,0,0,0.0,0.0,False,False,0,0,0.0,0.0,False,False,0,0,0.0,0.0
409828_2018-11-20_12-12-08_filtered_2026-04-09_05-50-16,4,363,0.16388000000006286,False,False,0,0,0.0,0.0,False,False,0,0,0.0,0.0,False,False,0,0,0.0,0.0,False,False,0,0,0.0,0.0,False,False,0,0,0.0,0.0,False,False,0,0,0.0,0.0
409828_2018-11-20_12-12-08_filtered_2026-04-09_05-50-16,4,364,0.16388000000006286,False,False,0,0,0.0,0.0,False,False,0,0,0.0,0.0,False,False,0,0,0.0,0.0,False,False,0,0,0.0,0.0,False,False,0,0,0.0,0.0,False,False,0,0,0.0,0.0
409828_2018-11-20_12-12-08_filtered_2026-04-09_05-50-16,4,365,0.16388000000006286,False,False,0,0,0.0,0.0,False,False,0,0,0.0,0.0,False,False,0,0,0.0,0.0,False,False,0,0,0.0,0.0,False,False,0,0,0.0,0.0,False,False,0,0,0.0,0.0
409828_2018-11-20_12-12-08_filtered_2026-04-09_05-50-16,4,371,0.16388000000006286,False,False,0,0,0.0,0.0,False,False,0,0,0.0,0.0,False,False,0,0,0.0,0.0,False,False,0,0,0.0,0.0,False,False,0,0,0.0,0.0,False,False,0,0,0.0,0.0
409828_2018-11-20_12-12-08_filtered_2026-04-09_05-50-16,4,375,0.16388000000006286,False,False,0,0,0.0,0.0,False,False,0,0,0.0,0.0,False,False,0,0,0.0,0.0,False,False,0,0,0.0,0.0,False,False,0,0,0.0,0.0,False,False,0,0,0.0,0.0
409828_2018-11-20_12-12-08_filtered_2026-04-09_05-50-16,4,382,0.16388000000006286,False,False,0,0,0.0,0.0,False,False,0,0,0.0,0.0,False,False,0,0,0.0,0.0,False,False,0,0,0.0,0.0,False,False,0,0,0.0,0.0,False,False,0,0,0.0,0.0
409828_2018-11-20_12-12-08_filtered_2026-04-09_05-50-16,4,386,0.16388000000006286,False,False,0,0,0.0,0.0,False,False,0,0,0.0,0.0,False,False,0,0,0.0,0.0,False,False,0,0,0.0,0.0,False,False,0,0,0.0,0.0,False,False,0,0,0.0,0.0
409828_2018-11-20_12-12-08_filtered_2026-04-09_05-50-16,4,387,0.16388000000006286,False,False,0,0,0.0,0.0,False,False,0,0,0.0,0.0,False,False,0,0,0.0,0.0,False,False,0,0,0.0,0.0,False,False,0,0,0.0,0.0,False,False,0,0,0.0,0.0
409828_2018-11-20_12-12-08_filtered_2026-04-09_05-50-16,4,388,0.16388000000006286,False,False,0,0,0.0,0.0,False,False,0,0,0.0,0.0,False,False,0,0,0.0,0.0,False,False,0,0,0.0,0.0,False,False,0,0,0.0,0.0,False,False,0,0,0.0,0.0
409828_2018-11-20_12-12-08_filtered_2026-04-09_05-50-16,4,389,0.16388000000006286,False,False,0,0,0.0,0.0,False,False,0,0,0.0,0.0,False,False,0,0,0.0,0.0,False,False,0,0,0.0,0.0,False,False,0,0,0.0,0.0,False,False,0,0,0.0,0.0
409828_2018-11-20_12-12-08_filtered_2026-04-09_05-50-16,4,394,0.16388000000006286,False,False,0,0,0.0,0.0,False,False,0,0,0.0,0.0,False,False,0,0,0.0,0.0,False,False,0,0,0.0,0.0,False,False,0,0,0.0,0.0,False,False,0,0,0.0,0.0
409828_2018-11-20_12-12-08_filtered_2026-04-09_05-50-16,4,402,0.16388000000006286,False,False,0,0,0.0,0.0,False,False,0,0,0.0,0.0,False,False,0,0,0.0,0.0,False,False,0,0,0.0,0.0,False,False,0,0,0.0,0.0,True,False,1,0,1.0,0.0
409828_2018-11-20_12-12-08_filtered_2026-04-09_05-50-16,4,407,0.16388000000006286,False,False,0,0,0.0,0.0,False,False,0,0,0.0,0.0,False,False,0,0,0.0,0.0,False,False,0,0,0.0,0.0,False,False,0,0,0.0,0.0,False,False,0,0,0.0,0.0
409828_2018-11-20_12-12-08_filtered_2026-04-09_05-50-16,4,412,0.16388000000006286,False,False,0,0,0.0,0.0,False,False,0,0,0.0,0.0,False,False,0,0,0.0,0.0,False,False,0,0,0.0,0.0,False,False,0,0,0.0,0.0,False,False,0,0,0.0,0.0
409828_2018-11-20_12-12-08_filtered_2026-04-09_05-50-16,4,423,0.16388000000006286,False,False,0,0,0.0,0.0,False,False,0,0,0.0,0.0,False,False,0,0,0.0,0.0,False,False,0,0,0.0,0.0,False,False,0,0,0.0,0.0,False,False,0,0,0.0,0.0
409828_2018-11-20_12-12-08_filtered_2026-04-09_05-50-16,4,433,0.16388000000006286,False,False,0,0,0.0,0.0,False,False,0,0,0.0,0.0,False,False,0,0,0.0,0.0,False,False,0,0,0.0,0.0,False,False,0,0,0.0,0.0,False,False,0,0,0.0,0.0
409828_2018-11-20_12-12-08_filtered_2026-04-09_05-50-16,4,451,0.16388000000006286,False,False,0,0,0.0,0.0,False,False,0,0,0.0,0.0,False,False,0,0,0.0,0.0,False,False,0,0,0.0,0.0,False,False,0,0,0.0,0.0,False,False,0,0,0.0,0.0
409828_2018-11-20_12-12-08_filtered_2026-04-09_05-50-16,4,468,0.16388000000006286,False,False,0,0,0.0,0.0,False,False,0,0,0.0,0.0,False,False,0,0,0.0,0.0,False,False,0,0,0.0,0.0,False,False,0,0,0.0,0.0,False,False,0,0,0.0,0.0
409828_2018-11-20_12-12-08_filtered_2026-04-09_05-50-16,4,474,0.16388000000006286,False,False,0,0,0.0,0.0,False,False,0,0,0.0,0.0,False,False,0,0,0.0,0.0,False,False,0,0,0.0,0.0,False,False,0,0,0.0,0.0,False,False,0,0,0.0,0.0
409828_2018-11-20_12-12-08_filtered_2026-04-09_05-50-16,4,489,0.16388000000006286,False,False,0,0,0.0,0.0,False,False,0,0,0.0,0.0,False,False,0,0,0.0,0.0,False,False,0,0,0.0,0.0,False,False,0,0,0.0,0.0,False,False,0,0,0.0,0.0
409828_2018-11-20_12-12-08_filtered_2026-04-09_05-50-16,4,491,0.16388000000006286,False,False,0,0,0.0,0.0,False,False,0,0,0.0,0.0,False,False,0,0,0.0,0.0,False,False,0,0,0.0,0.0,False,False,0,0,0.0,0.0,False,False,0,0,0.0,0.0
409828_2018-11-20_12-12-08_filtered_2026-04-09_05-50-16,4,497,0.16388000000006286,False,False,0,0,0.0,0.0,False,False,0,0,0.0,0.0,False,False,0,0,0.0,0.0,False,False,0,0,0.0,0.0,False,False,0,0,0.0,0.0,False,False,0,0,0.0,0.0
409828_2018-11-20_12-12-08_filtered_2026-04-09_05-50-16,4,504,0.16388000000006286,False,False,0,0,0.0,0.0,False,False,0,0,0.0,0.0,False,False,0,0,0.0,0.0,False,False,0,0,0.0,0.0,False,False,0,0,0.0,0.0,False,False,0,0,0.0,0.0
409828_2018-11-20_12-12-08_filtered_2026-04-09_05-50-16,4,527,0.16388000000006286,False,False,0,0,0.0,0.0,False,False,0,0,0.0,0.0,False,False,0,0,0.0,0.0,False,False,0,0,0.0,0.0,False,False,0,0,0.0,0.0,False,False,0,0,0.0,0.0
409828_2018-11-20_12-12-08_filtered_2026-04-09_05-50-16,4,536,0.16388000000006286,False,False,0,0,0.0,0.0,False,False,0,0,0.0,0.0,False,False,0,0,0.0,0.0,False,False,0,0,0.0,0.0,False,False,0,0,0.0,0.0,False,False,0,0,0.0,0.0
409828_2018-11-20_12-12-08_filtered_2026-04-09_05-50-16,4,545,0.16388000000006286,False,False,0,0,0.0,0.0,False,False,0,0,0.0,0.0,False,True,0,1,0.0,1.0,False,False,0,0,0.0,0.0,False,False,0,0,0.0,0.0,False,False,0,0,0.0,0.0
409828_2018-11-20_12-12-08_filtered_2026-04-09_05-50-16,4,576,0.16388000000006286,False,False,0,0,0.0,0.0,False,False,0,0,0.0,0.0,False,False,0,0,0.0,0.0,False,False,0,0,0.0,0.0,False,False,0,0,0.0,0.0,False,False,0,0,0.0,0.0
409828_2018-11-20_12-12-08_filtered_2026-04-09_05-50-16,4,619,0.16388000000006286,False,False,0,0,0.0,0.0,False,False,0,0,0.0,0.0,False,False,0,0,0.0,0.0,False,False,0,0,0.0,0.0,False,False,0,0,0.0,0.0,False,False,0,0,0.0,0.0
409828_2018-11-20_12-12-08_filtered_2026-04-09_05-50-16,4,622,0.16388000000006286,False,False,0,0,0.0,0.0,False,False,0,0,0.0,0.0,False,False,0,0,0.0,0.0,False,False,0,0,0.0,0.0,False,False,0,0,0.0,0.0,False,False,0,0,0.0,0.0
409828_2018-11-20_12-12-08_filtered_2026-04-09_05-50-16,4,624,0.16388000000006286,False,False,0,0,0.0,0.0,False,False,0,0,0.0,0.0,False,False,0,0,0.0,0.0,False,False,0,0,0.0,0.0,False,False,0,0,0.0,0.0,False,False,0,0,0.0,0.0
409828_2018-11-20_12-12-08_filtered_2026-04-09_05-50-16,5,0,0.16388000000006286,False,False,0,0,0.0,0.0,False,False,0,0,0.0,0.0,False,False,0,0,0.0,0.0,False,False,0,0,0.0,0.0,False,False,0,0,0.0,0.0,False,False,0,0,0.0,0.0
409828_2018-11-20_12-12-08_filtered_2026-04-09_05-50-16,5,1,0.16388000000006286,False,False,0,0,0.0,0.0,False,False,0,0,0.0,0.0,False,False,0,0,0.0,0.0,False,False,0,0,0.0,0.0,False,False,0,0,0.0,0.0,True,False,1,0,1.0,0.0
409828_2018-11-20_12-12-08_filtered_2026-04-09_05-50-16,5,2,0.16388000000006286,False,False,0,0,0.0,0.0,False,False,0,0,0.0,0.0,False,False,0,0,0.0,0.0,False,False,0,0,0.0,0.0,False,False,0,0,0.0,0.0,False,False,0,0,0.0,0.0
409828_2018-11-20_12-12-08_filtered_2026-04-09_05-50-16,5,3,0.16388000000006286,False,False,0,0,0.0,0.0,False,False,0,0,0.0,0.0,False,False,0,0,0.0,0.0,False,False,0,0,0.0,0.0,False,False,0,0,0.0,0.0,False,False,0,0,0.0,0.0
409828_2018-11-20_12-12-08_filtered_2026-04-09_05-50-16,5,4,0.16388000000006286,False,False,0,0,0.0,0.0,False,False,0,0,0.0,0.0,False,False,0,0,0.0,0.0,False,False,0,0,0.0,0.0,False,False,0,0,0.0,0.0,False,False,0,0,0.0,0.0
409828_2018-11-20_12-12-08_filtered_2026-04-09_05-50-16,5,5,0.16388000000006286,False,False,0,0,0.0,0.0,False,False,0,0,0.0,0.0,False,False,0,0,0.0,0.0,False,False,0,0,0.0,0.0,False,False,0,0,0.0,0.0,False,False,0,0,0.0,0.0
409828_2018-11-20_12-12-08_filtered_2026-04-09_05-50-16,5,6,0.16388000000006286,False,False,0,0,0.0,0.0,False,False,0,0,0.0,0.0,False,False,0,0,0.0,0.0,False,False,0,0,0.0,0.0,False,False,0,0,0.0,0.0,False,False,0,0,0.0,0.0
409828_2018-11-20_12-12-08_filtered_2026-04-09_05-50-16,5,7,0.16388000000006286,False,False,0,0,0.0,0.0,False,False,0,0,0.0,0.0,False,False,0,0,0.0,0.0,False,False,0,0,0.0,0.0,False,False,0,0,0.0,0.0,False,True,0,1,0.0,1.0
409828_2018-11-20_12-12-08_filtered_2026-04-09_05-50-16,5,8,0.16388000000006286,False,False,0,0,0.0,0.0,False,False,0,0,0.0,0.0,False,False,0,0,0.0,0.0,False,False,0,0,0.0,0.0,False,False,0,0,0.0,0.0,False,False,0,0,0.0,0.0
409828_2018-11-20_12-12-08_filtered_2026-04-09_05-50-16,5,9,0.16388000000006286,False,False,0,0,0.0,0.0,False,False,0,0,0.0,0.0,False,False,0,0,0.0,0.0,False,False,0,0,0.0,0.0,False,False,0,0,0.0,0.0,False,False,0,0,0.0,0.0
409828_2018-11-20_12-12-08_filtered_2026-04-09_05-50-16,5,10,0.16388000000006286,False,False,0,0,0.0,0.0,False,False,0,0,0.0,0.0,False,False,0,0,0.0,0.0,False,False,0,0,0.0,0.0,False,False,0,0,0.0,0.0,False,False,0,0,0.0,0.0
409828_2018-11-20_12-12-08_filtered_2026-04-09_05-50-16,5,11,0.16388000000006286,True,False,1,0,1.0,0.0,False,False,0,0,0.0,0.0,False,False,0,0,0.0,0.0,False,False,0,0,0.0,0.0,False,False,0,0,0.0,0.0,False,False,0,0,0.0,0.0
409828_2018-11-20_12-12-08_filtered_2026-04-09_05-50-16,5,12,0.16388000000006286,False,False,0,0,0.0,0.0,False,False,0,0,0.0,0.0,False,False,0,0,0.0,0.0,False,False,0,0,0.0,0.0,False,False,0,0,0.0,0.0,False,False,0,0,0.0,0.0
409828_2018-11-20_12-12-08_filtered_2026-04-09_05-50-16,5,13,0.16388000000006286,False,False,0,0,0.0,0.0,False,False,0,0,0.0,0.0,False,True,0,1,0.0,1.0,False,False,0,0,0.0,0.0,False,False,0,0,0.0,0.0,False,True,0,1,0.0,1.0
409828_2018-11-20_12-12-08_filtered_2026-04-09_05-50-16,5,14,0.16388000000006286,False,False,0,0,0.0,0.0,False,False,0,0,0.0,0.0,False,False,0,0,0.0,0.0,False,False,0,0,0.0,0.0,False,False,0,0,0.0,0.0,False,False,0,0,0.0,0.0
409828_2018-11-20_12-12-08_filtered_2026-04-09_05-50-16,5,15,0.16388000000006286,False,False,0,0,0.0,0.0,False,False,0,0,0.0,0.0,False,False,0,0,0.0,0.0,False,False,0,0,0.0,0.0,False,False,0,0,0.0,0.0,False,False,0,0,0.0,0.0
409828_2018-11-20_12-12-08_filtered_2026-04-09_05-50-16,5,16,0.16388000000006286,True,True,1,1,1.0,1.0,True,True,6,2,0.16666666666666666,0.5,True,True,7,2,0.14285714285714285,0.5,False,False,0,0,0.0,0.0,True,False,1,0,1.0,0.0,True,True,1,1,1.0,1.0
409828_2018-11-20_12-12-08_filtered_2026-04-09_05-50-16,5,17,0.16388000000006286,False,False,0,0,0.0,0.0,False,False,0,0,0.0,0.0,False,False,0,0,0.0,0.0,False,False,0,0,0.0,0.0,False,False,0,0,0.0,0.0,False,False,0,0,0.0,0.0
409828_2018-11-20_12-12-08_filtered_2026-04-09_05-50-16,5,18,0.16388000000006286,False,False,0,0,0.0,0.0,False,False,0,0,0.0,0.0,False,False,0,0,0.0,0.0,False,False,0,0,0.0,0.0,False,False,0,0,0.0,0.0,False,False,0,0,0.0,0.0
409828_2018-11-20_12-12-08_filtered_2026-04-09_05-50-16,5,19,0.16388000000006286,False,False,0,0,0.0,0.0,False,False,0,0,0.0,0.0,False,False,0,0,0.0,0.0,False,False,0,0,0.0,0.0,False,False,0,0,0.0,0.0,False,False,0,0,0.0,0.0
409828_2018-11-20_12-12-08_filtered_2026-04-09_05-50-16,5,20,0.16388000000006286,False,False,0,0,0.0,0.0,False,False,0,0,0.0,0.0,False,False,0,0,0.0,0.0,False,False,0,0,0.0,0.0,False,False,0,0,0.0,0.0,False,False,0,0,0.0,0.0
409828_2018-11-20_12-12-08_filtered_2026-04-09_05-50-16,5,21,0.16388000000006286,False,False,0,0,0.0,0.0,False,False,0,0,0.0,0.0,False,False,0,0,0.0,0.0,False,False,0,0,0.0,0.0,False,False,0,0,0.0,0.0,False,False,0,0,0.0,0.0
409828_2018-11-20_12-12-08_filtered_2026-04-09_05-50-16,5,22,0.16388000000006286,False,False,0,0,0.0,0.0,False,False,0,0,0.0,0.0,False,False,0,0,0.0,0.0,False,False,0,0,0.0,0.0,False,False,0,0,0.0,0.0,False,False,0,0,0.0,0.0
409828_2018-11-20_12-12-08_filtered_2026-04-09_05-50-16,5,23,0.16388000000006286,False,False,0,0,0.0,0.0,False,False,0,0,0.0,0.0,False,False,0,0,0.0,0.0,False,False,0,0,0.0,0.0,False,False,0,0,0.0,0.0,False,False,0,0,0.0,0.0
409828_2018-11-20_12-12-08_filtered_2026-04-09_05-50-16,5,24,0.16388000000006286,False,False,0,0,0.0,0.0,False,False,0,0,0.0,0.0,False,False,0,0,0.0,0.0,False,False,0,0,0.0,0.0,False,False,0,0,0.0,0.0,False,False,0,0,0.0,0.0
409828_2018-11-20_12-12-08_filtered_2026-04-09_05-50-16,5,25,0.16388000000006286,False,False,0,0,0.0,0.0,False,False,0,0,0.0,0.0,False,False,0,0,0.0,0.0,False,False,0,0,0.0,0.0,False,False,0,0,0.0,0.0,False,False,0,0,0.0,0.0
409828_2018-11-20_12-12-08_filtered_2026-04-09_05-50-16,5,26,0.16388000000006286,False,False,0,0,0.0,0.0,False,False,0,0,0.0,0.0,False,False,0,0,0.0,0.0,False,False,0,0,0.0,0.0,False,False,0,0,0.0,0.0,False,False,0,0,0.0,0.0
409828_2018-11-20_12-12-08_filtered_2026-04-09_05-50-16,5,27,0.16388000000006286,False,False,0,0,0.0,0.0,False,False,0,0,0.0,0.0,False,False,0,0,0.0,0.0,False,False,0,0,0.0,0.0,False,False,0,0,0.0,0.0,False,False,0,0,0.0,0.0
409828_2018-11-20_12-12-08_filtered_2026-04-09_05-50-16,5,28,0.16388000000006286,False,False,0,0,0.0,0.0,True,False,1,0,1.0,0.0,False,True,0,1,0.0,1.0,False,False,0,0,0.0,0.0,False,False,0,0,0.0,0.0,False,True,0,1,0.0,1.0
409828_2018-11-20_12-12-08_filtered_2026-04-09_05-50-16,5,29,0.16388000000006286,False,False,0,0,0.0,0.0,False,False,0,0,0.0,0.0,False,False,0,0,0.0,0.0,False,False,0,0,0.0,0.0,False,False,0,0,0.0,0.0,False,False,0,0,0.0,0.0
409828_2018-11-20_12-12-08_filtered_2026-04-09_05-50-16,5,30,0.16388000000006286,False,False,0,0,0.0,0.0,False,False,0,0,0.0,0.0,False,False,0,0,0.0,0.0,False,False,0,0,0.0,0.0,False,False,0,0,0.0,0.0,False,False,0,0,0.0,0.0
409828_2018-11-20_12-12-08_filtered_2026-04-09_05-50-16,5,31,0.16388000000006286,False,False,0,0,0.0,0.0,False,False,0,0,0.0,0.0,False,False,0,0,0.0,0.0,False,False,0,0,0.0,0.0,False,False,0,0,0.0,0.0,False,False,0,0,0.0,0.0
409828_2018-11-20_12-12-08_filtered_2026-04-09_05-50-16,5,32,0.16388000000006286,False,False,0,0,0.0,0.0,False,False,0,0,0.0,0.0,False,False,0,0,0.0,0.0,False,False,0,0,0.0,0.0,False,False,0,0,0.0,0.0,False,False,0,0,0.0,0.0
409828_2018-11-20_12-12-08_filtered_2026-04-09_05-50-16,5,33,0.16388000000006286,False,False,0,0,0.0,0.0,False,False,0,0,0.0,0.0,False,False,0,0,0.0,0.0,False,False,0,0,0.0,0.0,False,False,0,0,0.0,0.0,False,False,0,0,0.0,0.0
409828_2018-11-20_12-12-08_filtered_2026-04-09_05-50-16,5,34,0.16388000000006286,True,True,6,4,0.16666666666666666,0.3333333333333333,True,True,9,9,0.1111111111111111,0.16666666666666666,True,True,16,16,0.19047619047619047,0.20588235294117646,False,False,0,0,0.0,0.0,True,True,2,2,0.5,0.6666666666666666,True,True,15,15,0.125,0.28125
409828_2018-11-20_12-12-08_filtered_2026-04-09_05-50-16,5,35,0.16388000000006286,False,False,0,0,0.0,0.0,False,False,0,0,0.0,0.0,False,False,0,0,0.0,0.0,False,False,0,0,0.0,0.0,False,False,0,0,0.0,0.0,False,False,0,0,0.0,0.0
409828_2018-11-20_12-12-08_filtered_2026-04-09_05-50-16,5,36,0.16388000000006286,True,False,2,0,0.5,0.0,True,True,2,2,0.5,0.5,True,True,3,3,0.3333333333333333,0.6666666666666666,False,False,0,0,0.0,0.0,True,True,1,1,1.0,1.0,True,True,4,3,0.25,0.6666666666666666
409828_2018-11-20_12-12-08_filtered_2026-04-09_05-50-16,5,37,0.16388000000006286,False,False,0,0,0.0,0.0,False,False,0,0,0.0,0.0,False,False,0,0,0.0,0.0,False,False,0,0,0.0,0.0,False,False,0,0,0.0,0.0,True,False,1,0,1.0,0.0
409828_2018-11-20_12-12-08_filtered_2026-04-09_05-50-16,5,38,0.16388000000006286,False,False,0,0,0.0,0.0,False,False,0,0,0.0,0.0,False,False,0,0,0.0,0.0,False,False,0,0,0.0,0.0,False,False,0,0,0.0,0.0,True,False,1,0,1.0,0.0
409828_2018-11-20_12-12-08_filtered_2026-04-09_05-50-16,5,39,0.16388000000006286,False,False,0,0,0.0,0.0,False,False,0,0,0.0,0.0,False,False,0,0,0.0,0.0,False,False,0,0,0.0,0.0,False,False,0,0,0.0,0.0,False,False,0,0,0.0,0.0
409828_2018-11-20_12-12-08_filtered_2026-04-09_05-50-16,5,40,0.16388000000006286,False,False,0,0,0.0,0.0,False,False,0,0,0.0,0.0,False,False,0,0,0.0,0.0,False,False,0,0,0.0,0.0,False,False,0,0,0.0,0.0,False,False,0,0,0.0,0.0
409828_2018-11-20_12-12-08_filtered_2026-04-09_05-50-16,5,41,0.16388000000006286,False,False,0,0,0.0,0.0,False,True,0,1,0.0,1.0,False,False,0,0,0.0,0.0,False,False,0,0,0.0,0.0,False,False,0,0,0.0,0.0,False,False,0,0,0.0,0.0
409828_2018-11-20_12-12-08_filtered_2026-04-09_05-50-16,5,42,0.16388000000006286,False,False,0,0,0.0,0.0,False,False,0,0,0.0,0.0,False,False,0,0,0.0,0.0,False,False,0,0,0.0,0.0,False,False,0,0,0.0,0.0,False,False,0,0,0.0,0.0
409828_2018-11-20_12-12-08_filtered_2026-04-09_05-50-16,5,43,0.16388000000006286,False,False,0,0,0.0,0.0,False,False,0,0,0.0,0.0,False,False,0,0,0.0,0.0,False,False,0,0,0.0,0.0,False,False,0,0,0.0,0.0,False,False,0,0,0.0,0.0
409828_2018-11-20_12-12-08_filtered_2026-04-09_05-50-16,5,44,0.16388000000006286,False,False,0,0,0.0,0.0,False,False,0,0,0.0,0.0,False,False,0,0,0.0,0.0,False,False,0,0,0.0,0.0,False,False,0,0,0.0,0.0,False,False,0,0,0.0,0.0
409828_2018-11-20_12-12-08_filtered_2026-04-09_05-50-16,5,45,0.16388000000006286,False,False,0,0,0.0,0.0,False,False,0,0,0.0,0.0,False,False,0,0,0.0,0.0,False,False,0,0,0.0,0.0,False,False,0,0,0.0,0.0,False,False,0,0,0.0,0.0
409828_2018-11-20_12-12-08_filtered_2026-04-09_05-50-16,5,46,0.16388000000006286,False,False,0,0,0.0,0.0,False,False,0,0,0.0,0.0,False,False,0,0,0.0,0.0,False,False,0,0,0.0,0.0,False,False,0,0,0.0,0.0,False,False,0,0,0.0,0.0
409828_2018-11-20_12-12-08_filtered_2026-04-09_05-50-16,5,47,0.16388000000006286,False,False,0,0,0.0,0.0,False,False,0,0,0.0,0.0,False,False,0,0,0.0,0.0,False,False,0,0,0.0,0.0,False,False,0,0,0.0,0.0,False,False,0,0,0.0,0.0
409828_2018-11-20_12-12-08_filtered_2026-04-09_05-50-16,5,48,0.16388000000006286,False,False,0,0,0.0,0.0,True,False,1,0,1.0,0.0,False,False,0,0,0.0,0.0,False,False,0,0,0.0,0.0,False,False,0,0,0.0,0.0,False,False,0,0,0.0,0.0
409828_2018-11-20_12-12-08_filtered_2026-04-09_05-50-16,5,49,0.16388000000006286,False,False,0,0,0.0,0.0,False,False,0,0,0.0,0.0,False,False,0,0,0.0,0.0,False,False,0,0,0.0,0.0,False,False,0,0,0.0,0.0,True,False,1,0,1.0,0.0
409828_2018-11-20_12-12-08_filtered_2026-04-09_05-50-16,5,50,0.16388000000006286,False,False,0,0,0.0,0.0,False,False,0,0,0.0,0.0,False,False,0,0,0.0,0.0,False,False,0,0,0.0,0.0,False,False,0,0,0.0,0.0,False,False,0,0,0.0,0.0
409828_2018-11-20_12-12-08_filtered_2026-04-09_05-50-16,5,51,0.16388000000006286,False,False,0,0,0.0,0.0,False,False,0,0,0.0,0.0,False,False,0,0,0.0,0.0,False,False,0,0,0.0,0.0,False,False,0,0,0.0,0.0,False,False,0,0,0.0,0.0
409828_2018-11-20_12-12-08_filtered_2026-04-09_05-50-16,5,52,0.16388000000006286,False,False,0,0,0.0,0.0,False,False,0,0,0.0,0.0,False,False,0,0,0.0,0.0,False,False,0,0,0.0,0.0,False,False,0,0,0.0,0.0,False,False,0,0,0.0,0.0
409828_2018-11-20_12-12-08_filtered_2026-04-09_05-50-16,5,53,0.16388000000006286,False,False,0,0,0.0,0.0,False,False,0,0,0.0,0.0,False,False,0,0,0.0,0.0,False,False,0,0,0.0,0.0,False,False,0,0,0.0,0.0,False,False,0,0,0.0,0.0
409828_2018-11-20_12-12-08_filtered_2026-04-09_05-50-16,5,54,0.16388000000006286,False,False,0,0,0.0,0.0,False,False,0,0,0.0,0.0,False,True,0,1,0.0,1.0,False,False,0,0,0.0,0.0,False,False,0,0,0.0,0.0,False,True,0,1,0.0,1.0
409828_2018-11-20_12-12-08_filtered_2026-04-09_05-50-16,5,55,0.16388000000006286,False,False,0,0,0.0,0.0,False,False,0,0,0.0,0.0,False,False,0,0,0.0,0.0,False,False,0,0,0.0,0.0,False,False,0,0,0.0,0.0,False,False,0,0,0.0,0.0
409828_2018-11-20_12-12-08_filtered_2026-04-09_05-50-16,5,57,0.16388000000006286,False,False,0,0,0.0,0.0,False,False,0,0,0.0,0.0,False,False,0,0,0.0,0.0,False,False,0,0,0.0,0.0,False,False,0,0,0.0,0.0,False,False,0,0,0.0,0.0
409828_2018-11-20_12-12-08_filtered_2026-04-09_05-50-16,5,58,0.16388000000006286,False,False,0,0,0.0,0.0,False,False,0,0,0.0,0.0,False,False,0,0,0.0,0.0,False,False,0,0,0.0,0.0,False,False,0,0,0.0,0.0,False,False,0,0,0.0,0.0
409828_2018-11-20_12-12-08_filtered_2026-04-09_05-50-16,5,59,0.16388000000006286,False,False,0,0,0.0,0.0,False,False,0,0,0.0,0.0,False,False,0,0,0.0,0.0,False,False,0,0,0.0,0.0,False,False,0,0,0.0,0.0,False,False,0,0,0.0,0.0
409828_2018-11-20_12-12-08_filtered_2026-04-09_05-50-16,5,60,0.16388000000006286,True,True,2,3,0.5,0.3333333333333333,True,True,2,2,0.5,0.5,True,True,5,6,0.3333333333333333,0.2857142857142857,False,False,0,0,0.0,0.0,True,False,1,0,1.0,0.0,True,True,5,4,0.3333333333333333,0.4
409828_2018-11-20_12-12-08_filtered_2026-04-09_05-50-16,5,61,0.16388000000006286,False,False,0,0,0.0,0.0,False,False,0,0,0.0,0.0,False,False,0,0,0.0,0.0,False,False,0,0,0.0,0.0,False,False,0,0,0.0,0.0,False,False,0,0,0.0,0.0
409828_2018-11-20_12-12-08_filtered_2026-04-09_05-50-16,5,62,0.16388000000006286,False,False,0,0,0.0,0.0,False,False,0,0,0.0,0.0,False,False,0,0,0.0,0.0,False,False,0,0,0.0,0.0,False,False,0,0,0.0,0.0,False,False,0,0,0.0,0.0
409828_2018-11-20_12-12-08_filtered_2026-04-09_05-50-16,5,63,0.16388000000006286,False,False,0,0,0.0,0.0,False,False,0,0,0.0,0.0,False,False,0,0,0.0,0.0,False,False,0,0,0.0,0.0,False,False,0,0,0.0,0.0,False,True,0,1,0.0,1.0
409828_2018-11-20_12-12-08_filtered_2026-04-09_05-50-16,5,64,0.16388000000006286,False,False,0,0,0.0,0.0,True,False,1,0,1.0,0.0,False,True,0,1,0.0,1.0,False,False,0,0,0.0,0.0,False,False,0,0,0.0,0.0,False,True,0,1,0.0,1.0
409828_2018-11-20_12-12-08_filtered_2026-04-09_05-50-16,5,66,0.16388000000006286,False,True,0,1,0.0,1.0,False,False,0,0,0.0,0.0,False,False,0,0,0.0,0.0,False,False,0,0,0.0,0.0,False,False,0,0,0.0,0.0,False,False,0,0,0.0,0.0
409828_2018-11-20_12-12-08_filtered_2026-04-09_05-50-16,5,67,0.16388000000006286,False,False,0,0,0.0,0.0,False,False,0,0,0.0,0.0,False,False,0,0,0.0,0.0,False,False,0,0,0.0,0.0,False,False,0,0,0.0,0.0,False,False,0,0,0.0,0.0
409828_2018-11-20_12-12-08_filtered_2026-04-09_05-50-16,5,68,0.16388000000006286,False,False,0,0,0.0,0.0,False,False,0,0,0.0,0.0,False,False,0,0,0.0,0.0,False,False,0,0,0.0,0.0,False,False,0,0,0.0,0.0,False,False,0,0,0.0,0.0
409828_2018-11-20_12-12-08_filtered_2026-04-09_05-50-16,5,69,0.16388000000006286,False,False,0,0,0.0,0.0,False,False,0,0,0.0,0.0,True,True,1,1,1.0,1.0,False,False,0,0,0.0,0.0,False,False,0,0,0.0,0.0,False,False,0,0,0.0,0.0
409828_2018-11-20_12-12-08_filtered_2026-04-09_05-50-16,5,70,0.16388000000006286,False,False,0,0,0.0,0.0,False,False,0,0,0.0,0.0,False,False,0,0,0.0,0.0,False,False,0,0,0.0,0.0,False,False,0,0,0.0,0.0,False,False,0,0,0.0,0.0
409828_2018-11-20_12-12-08_filtered_2026-04-09_05-50-16,5,71,0.16388000000006286,False,False,0,0,0.0,0.0,False,False,0,0,0.0,0.0,False,False,0,0,0.0,0.0,False,False,0,0,0.0,0.0,False,False,0,0,0.0,0.0,False,False,0,0,0.0,0.0
409828_2018-11-20_12-12-08_filtered_2026-04-09_05-50-16,5,72,0.16388000000006286,False,False,0,0,0.0,0.0,False,False,0,0,0.0,0.0,False,False,0,0,0.0,0.0,False,False,0,0,0.0,0.0,False,False,0,0,0.0,0.0,False,False,0,0,0.0,0.0
409828_2018-11-20_12-12-08_filtered_2026-04-09_05-50-16,5,73,0.16388000000006286,False,False,0,0,0.0,0.0,False,False,0,0,0.0,0.0,False,False,0,0,0.0,0.0,False,False,0,0,0.0,0.0,False,False,0,0,0.0,0.0,False,False,0,0,0.0,0.0
409828_2018-11-20_12-12-08_filtered_2026-04-09_05-50-16,5,74,0.16388000000006286,False,False,0,0,0.0,0.0,False,False,0,0,0.0,0.0,False,False,0,0,0.0,0.0,False,False,0,0,0.0,0.0,False,False,0,0,0.0,0.0,False,False,0,0,0.0,0.0
409828_2018-11-20_12-12-08_filtered_2026-04-09_05-50-16,5,75,0.16388000000006286,False,False,0,0,0.0,0.0,False,False,0,0,0.0,0.0,False,False,0,0,0.0,0.0,False,False,0,0,0.0,0.0,False,False,0,0,0.0,0.0,False,False,0,0,0.0,0.0
409828_2018-11-20_12-12-08_filtered_2026-04-09_05-50-16,5,76,0.16388000000006286,False,False,0,0,0.0,0.0,False,False,0,0,0.0,0.0,False,False,0,0,0.0,0.0,False,False,0,0,0.0,0.0,False,False,0,0,0.0,0.0,False,False,0,0,0.0,0.0
409828_2018-11-20_12-12-08_filtered_2026-04-09_05-50-16,5,77,0.16388000000006286,False,False,0,0,0.0,0.0,False,False,0,0,0.0,0.0,False,False,0,0,0.0,0.0,False,False,0,0,0.0,0.0,False,False,0,0,0.0,0.0,False,False,0,0,0.0,0.0
409828_2018-11-20_12-12-08_filtered_2026-04-09_05-50-16,5,78,0.16388000000006286,False,False,0,0,0.0,0.0,False,False,0,0,0.0,0.0,False,False,0,0,0.0,0.0,False,False,0,0,0.0,0.0,False,False,0,0,0.0,0.0,False,True,0,1,0.0,1.0
409828_2018-11-20_12-12-08_filtered_2026-04-09_05-50-16,5,79,0.16388000000006286,False,False,0,0,0.0,0.0,False,False,0,0,0.0,0.0,False,False,0,0,0.0,0.0,False,False,0,0,0.0,0.0,False,False,0,0,0.0,0.0,False,True,0,1,0.0,1.0
409828_2018-11-20_12-12-08_filtered_2026-04-09_05-50-16,5,80,0.16388000000006286,False,False,0,0,0.0,0.0,False,False,0,0,0.0,0.0,False,False,0,0,0.0,0.0,False,False,0,0,0.0,0.0,False,False,0,0,0.0,0.0,False,False,0,0,0.0,0.0
409828_2018-11-20_12-12-08_filtered_2026-04-09_05-50-16,5,81,0.16388000000006286,False,False,0,0,0.0,0.0,False,False,0,0,0.0,0.0,False,False,0,0,0.0,0.0,False,False,0,0,0.0,0.0,False,False,0,0,0.0,0.0,False,False,0,0,0.0,0.0
409828_2018-11-20_12-12-08_filtered_2026-04-09_05-50-16,5,82,0.16388000000006286,False,False,0,0,0.0,0.0,False,False,0,0,0.0,0.0,False,False,0,0,0.0,0.0,False,False,0,0,0.0,0.0,False,False,0,0,0.0,0.0,False,False,0,0,0.0,0.0
409828_2018-11-20_12-12-08_filtered_2026-04-09_05-50-16,5,83,0.16388000000006286,False,False,0,0,0.0,0.0,False,False,0,0,0.0,0.0,False,True,0,1,0.0,1.0,False,False,0,0,0.0,0.0,False,False,0,0,0.0,0.0,False,False,0,0,0.0,0.0
409828_2018-11-20_12-12-08_filtered_2026-04-09_05-50-16,5,84,0.16388000000006286,False,False,0,0,0.0,0.0,False,False,0,0,0.0,0.0,False,True,0,1,0.0,1.0,False,False,0,0,0.0,0.0,False,True,0,1,0.0,1.0,False,True,0,1,0.0,1.0
409828_2018-11-20_12-12-08_filtered_2026-04-09_05-50-16,5,85,0.16388000000006286,False,False,0,0,0.0,0.0,False,False,0,0,0.0,0.0,False,False,0,0,0.0,0.0,False,False,0,0,0.0,0.0,False,False,0,0,0.0,0.0,False,False,0,0,0.0,0.0
409828_2018-11-20_12-12-08_filtered_2026-04-09_05-50-16,5,86,0.16388000000006286,False,False,0,0,0.0,0.0,False,False,0,0,0.0,0.0,False,False,0,0,0.0,0.0,False,False,0,0,0.0,0.0,False,False,0,0,0.0,0.0,False,False,0,0,0.0,0.0
409828_2018-11-20_12-12-08_filtered_2026-04-09_05-50-16,5,87,0.16388000000006286,False,False,0,0,0.0,0.0,False,False,0,0,0.0,0.0,False,False,0,0,0.0,0.0,False,False,0,0,0.0,0.0,False,False,0,0,0.0,0.0,True,False,2,0,0.5,0.0
409828_2018-11-20_12-12-08_filtered_2026-04-09_05-50-16,5,88,0.16388000000006286,False,False,0,0,0.0,0.0,False,False,0,0,0.0,0.0,False,False,0,0,0.0,0.0,False,False,0,0,0.0,0.0,False,False,0,0,0.0,0.0,False,False,0,0,0.0,0.0
409828_2018-11-20_12-12-08_filtered_2026-04-09_05-50-16,5,89,0.16388000000006286,False,False,0,0,0.0,0.0,False,False,0,0,0.0,0.0,False,False,0,0,0.0,0.0,False,False,0,0,0.0,0.0,False,False,0,0,0.0,0.0,False,False,0,0,0.0,0.0
409828_2018-11-20_12-12-08_filtered_2026-04-09_05-50-16,5,90,0.16388000000006286,False,False,0,0,0.0,0.0,False,False,0,0,0.0,0.0,False,False,0,0,0.0,0.0,False,False,0,0,0.0,0.0,False,False,0,0,0.0,0.0,False,False,0,0,0.0,0.0
409828_2018-11-20_12-12-08_filtered_2026-04-09_05-50-16,5,91,0.16388000000006286,False,False,0,0,0.0,0.0,False,False,0,0,0.0,0.0,False,True,0,1,0.0,1.0,False,False,0,0,0.0,0.0,False,False,0,0,0.0,0.0,False,False,0,0,0.0,0.0
409828_2018-11-20_12-12-08_filtered_2026-04-09_05-50-16,5,92,0.16388000000006286,False,False,0,0,0.0,0.0,False,False,0,0,0.0,0.0,False,False,0,0,0.0,0.0,False,False,0,0,0.0,0.0,False,False,0,0,0.0,0.0,False,False,0,0,0.0,0.0
409828_2018-11-20_12-12-08_filtered_2026-04-09_05-50-16,5,93,0.16388000000006286,False,False,0,0,0.0,0.0,False,False,0,0,0.0,0.0,False,False,0,0,0.0,0.0,False,False,0,0,0.0,0.0,False,False,0,0,0.0,0.0,False,False,0,0,0.0,0.0
409828_2018-11-20_12-12-08_filtered_2026-04-09_05-50-16,5,94,0.16388000000006286,False,False,0,0,0.0,0.0,False,False,0,0,0.0,0.0,False,False,0,0,0.0,0.0,False,False,0,0,0.0,0.0,False,False,0,0,0.0,0.0,False,False,0,0,0.0,0.0
409828_2018-11-20_12-12-08_filtered_2026-04-09_05-50-16,5,95,0.16388000000006286,False,False,0,0,0.0,0.0,False,False,0,0,0.0,0.0,False,False,0,0,0.0,0.0,False,False,0,0,0.0,0.0,False,False,0,0,0.0,0.0,False,False,0,0,0.0,0.0
409828_2018-11-20_12-12-08_filtered_2026-04-09_05-50-16,5,96,0.16388000000006286,False,False,0,0,0.0,0.0,True,False,1,0,1.0,0.0,True,True,3,3,0.3333333333333333,0.5,False,False,0,0,0.0,0.0,False,True,0,1,0.0,1.0,True,True,2,5,0.5,0.3333333333333333
409828_2018-11-20_12-12-08_filtered_2026-04-09_05-50-16,5,97,0.16388000000006286,False,False,0,0,0.0,0.0,False,False,0,0,0.0,0.0,False,False,0,0,0.0,0.0,False,False,0,0,0.0,0.0,False,False,0,0,0.0,0.0,False,False,0,0,0.0,0.0
409828_2018-11-20_12-12-08_filtered_2026-04-09_05-50-16,5,98,0.16388000000006286,False,False,0,0,0.0,0.0,False,False,0,0,0.0,0.0,False,False,0,0,0.0,0.0,False,False,0,0,0.0,0.0,False,False,0,0,0.0,0.0,False,False,0,0,0.0,0.0
409828_2018-11-20_12-12-08_filtered_2026-04-09_05-50-16,5,99,0.16388000000006286,False,False,0,0,0.0,0.0,False,False,0,0,0.0,0.0,False,True,0,1,0.0,1.0,False,False,0,0,0.0,0.0,False,False,0,0,0.0,0.0,False,False,0,0,0.0,0.0
409828_2018-11-20_12-12-08_filtered_2026-04-09_05-50-16,5,100,0.16388000000006286,False,False,0,0,0.0,0.0,False,False,0,0,0.0,0.0,False,False,0,0,0.0,0.0,False,False,0,0,0.0,0.0,False,False,0,0,0.0,0.0,False,False,0,0,0.0,0.0
409828_2018-11-20_12-12-08_filtered_2026-04-09_05-50-16,5,101,0.16388000000006286,False,False,0,0,0.0,0.0,False,False,0,0,0.0,0.0,False,False,0,0,0.0,0.0,False,False,0,0,0.0,0.0,False,False,0,0,0.0,0.0,False,False,0,0,0.0,0.0
409828_2018-11-20_12-12-08_filtered_2026-04-09_05-50-16,5,103,0.16388000000006286,False,False,0,0,0.0,0.0,False,False,0,0,0.0,0.0,False,False,0,0,0.0,0.0,False,False,0,0,0.0,0.0,False,False,0,0,0.0,0.0,False,False,0,0,0.0,0.0
409828_2018-11-20_12-12-08_filtered_2026-04-09_05-50-16,5,104,0.16388000000006286,False,False,0,0,0.0,0.0,False,False,0,0,0.0,0.0,False,False,0,0,0.0,0.0,False,False,0,0,0.0,0.0,False,False,0,0,0.0,0.0,False,False,0,0,0.0,0.0
409828_2018-11-20_12-12-08_filtered_2026-04-09_05-50-16,5,105,0.16388000000006286,False,False,0,0,0.0,0.0,False,False,0,0,0.0,0.0,False,False,0,0,0.0,0.0,False,False,0,0,0.0,0.0,False,False,0,0,0.0,0.0,False,False,0,0,0.0,0.0
409828_2018-11-20_12-12-08_filtered_2026-04-09_05-50-16,5,106,0.16388000000006286,False,False,0,0,0.0,0.0,False,False,0,0,0.0,0.0,False,False,0,0,0.0,0.0,False,False,0,0,0.0,0.0,False,False,0,0,0.0,0.0,False,False,0,0,0.0,0.0
409828_2018-11-20_12-12-08_filtered_2026-04-09_05-50-16,5,107,0.16388000000006286,False,False,0,0,0.0,0.0,False,False,0,0,0.0,0.0,False,False,0,0,0.0,0.0,False,False,0,0,0.0,0.0,False,False,0,0,0.0,0.0,False,False,0,0,0.0,0.0
409828_2018-11-20_12-12-08_filtered_2026-04-09_05-50-16,5,108,0.16388000000006286,False,False,0,0,0.0,0.0,False,False,0,0,0.0,0.0,False,False,0,0,0.0,0.0,False,False,0,0,0.0,0.0,False,False,0,0,0.0,0.0,False,False,0,0,0.0,0.0
409828_2018-11-20_12-12-08_filtered_2026-04-09_05-50-16,5,109,0.16388000000006286,False,False,0,0,0.0,0.0,False,False,0,0,0.0,0.0,False,False,0,0,0.0,0.0,False,False,0,0,0.0,0.0,False,False,0,0,0.0,0.0,False,False,0,0,0.0,0.0
409828_2018-11-20_12-12-08_filtered_2026-04-09_05-50-16,5,110,0.16388000000006286,False,False,0,0,0.0,0.0,False,False,0,0,0.0,0.0,False,False,0,0,0.0,0.0,False,False,0,0,0.0,0.0,False,False,0,0,0.0,0.0,False,False,0,0,0.0,0.0
409828_2018-11-20_12-12-08_filtered_2026-04-09_05-50-16,5,111,0.16388000000006286,False,False,0,0,0.0,0.0,False,False,0,0,0.0,0.0,False,False,0,0,0.0,0.0,False,False,0,0,0.0,0.0,False,False,0,0,0.0,0.0,False,False,0,0,0.0,0.0
409828_2018-11-20_12-12-08_filtered_2026-04-09_05-50-16,5,112,0.16388000000006286,False,False,0,0,0.0,0.0,False,False,0,0,0.0,0.0,False,False,0,0,0.0,0.0,False,False,0,0,0.0,0.0,False,False,0,0,0.0,0.0,False,False,0,0,0.0,0.0
409828_2018-11-20_12-12-08_filtered_2026-04-09_05-50-16,5,113,0.16388000000006286,False,False,0,0,0.0,0.0,True,True,1,1,1.0,1.0,False,False,0,0,0.0,0.0,False,False,0,0,0.0,0.0,False,False,0,0,0.0,0.0,False,False,0,0,0.0,0.0
409828_2018-11-20_12-12-08_filtered_2026-04-09_05-50-16,5,114,0.16388000000006286,False,True,0,1,0.0,1.0,True,False,1,0,1.0,0.0,True,True,1,1,1.0,1.0,False,False,0,0,0.0,0.0,False,False,0,0,0.0,0.0,True,False,1,0,1.0,0.0
409828_2018-11-20_12-12-08_filtered_2026-04-09_05-50-16,5,115,0.16388000000006286,False,False,0,0,0.0,0.0,False,False,0,0,0.0,0.0,False,False,0,0,0.0,0.0,False,False,0,0,0.0,0.0,False,False,0,0,0.0,0.0,False,False,0,0,0.0,0.0
409828_2018-11-20_12-12-08_filtered_2026-04-09_05-50-16,5,116,0.16388000000006286,True,False,1,0,1.0,0.0,True,True,2,2,0.5,0.5,True,True,8,2,0.2222222222222222,0.5,False,False,0,0,0.0,0.0,True,True,1,1,1.0,1.0,True,True,2,3,0.75,0.3333333333333333
409828_2018-11-20_12-12-08_filtered_2026-04-09_05-50-16,5,118,0.16388000000006286,False,False,0,0,0.0,0.0,False,False,0,0,0.0,0.0,False,False,0,0,0.0,0.0,False,False,0,0,0.0,0.0,False,False,0,0,0.0,0.0,False,False,0,0,0.0,0.0
409828_2018-11-20_12-12-08_filtered_2026-04-09_05-50-16,5,119,0.16388000000006286,False,False,0,0,0.0,0.0,False,False,0,0,0.0,0.0,False,False,0,0,0.0,0.0,False,False,0,0,0.0,0.0,False,False,0,0,0.0,0.0,False,False,0,0,0.0,0.0
409828_2018-11-20_12-12-08_filtered_2026-04-09_05-50-16,5,120,0.16388000000006286,False,False,0,0,0.0,0.0,False,False,0,0,0.0,0.0,False,False,0,0,0.0,0.0,False,False,0,0,0.0,0.0,False,False,0,0,0.0,0.0,False,False,0,0,0.0,0.0
409828_2018-11-20_12-12-08_filtered_2026-04-09_05-50-16,5,121,0.16388000000006286,False,False,0,0,0.0,0.0,False,False,0,0,0.0,0.0,False,False,0,0,0.0,0.0,False,False,0,0,0.0,0.0,False,False,0,0,0.0,0.0,False,False,0,0,0.0,0.0
409828_2018-11-20_12-12-08_filtered_2026-04-09_05-50-16,5,122,0.16388000000006286,False,False,0,0,0.0,0.0,False,False,0,0,0.0,0.0,False,False,0,0,0.0,0.0,False,False,0,0,0.0,0.0,False,False,0,0,0.0,0.0,False,False,0,0,0.0,0.0
409828_2018-11-20_12-12-08_filtered_2026-04-09_05-50-16,5,123,0.16388000000006286,False,False,0,0,0.0,0.0,False,False,0,0,0.0,0.0,False,False,0,0,0.0,0.0,False,False,0,0,0.0,0.0,False,False,0,0,0.0,0.0,False,False,0,0,0.0,0.0
409828_2018-11-20_12-12-08_filtered_2026-04-09_05-50-16,5,124,0.16388000000006286,False,False,0,0,0.0,0.0,False,False,0,0,0.0,0.0,False,False,0,0,0.0,0.0,False,False,0,0,0.0,0.0,False,False,0,0,0.0,0.0,False,False,0,0,0.0,0.0
409828_2018-11-20_12-12-08_filtered_2026-04-09_05-50-16,5,125,0.16388000000006286,False,False,0,0,0.0,0.0,False,False,0,0,0.0,0.0,False,False,0,0,0.0,0.0,False,False,0,0,0.0,0.0,False,False,0,0,0.0,0.0,False,False,0,0,0.0,0.0
409828_2018-11-20_12-12-08_filtered_2026-04-09_05-50-16,5,126,0.16388000000006286,False,False,0,0,0.0,0.0,False,False,0,0,0.0,0.0,False,False,0,0,0.0,0.0,False,False,0,0,0.0,0.0,False,False,0,0,0.0,0.0,False,False,0,0,0.0,0.0
409828_2018-11-20_12-12-08_filtered_2026-04-09_05-50-16,5,128,0.16388000000006286,False,False,0,0,0.0,0.0,False,False,0,0,0.0,0.0,False,False,0,0,0.0,0.0,False,False,0,0,0.0,0.0,False,False,0,0,0.0,0.0,False,False,0,0,0.0,0.0
409828_2018-11-20_12-12-08_filtered_2026-04-09_05-50-16,5,129,0.16388000000006286,False,False,0,0,0.0,0.0,False,False,0,0,0.0,0.0,False,False,0,0,0.0,0.0,False,False,0,0,0.0,0.0,False,False,0,0,0.0,0.0,False,False,0,0,0.0,0.0
409828_2018-11-20_12-12-08_filtered_2026-04-09_05-50-16,5,130,0.16388000000006286,False,False,0,0,0.0,0.0,False,False,0,0,0.0,0.0,False,False,0,0,0.0,0.0,False,False,0,0,0.0,0.0,False,False,0,0,0.0,0.0,False,False,0,0,0.0,0.0
409828_2018-11-20_12-12-08_filtered_2026-04-09_05-50-16,5,131,0.16388000000006286,True,False,1,0,1.0,0.0,False,False,0,0,0.0,0.0,True,False,1,0,1.0,0.0,False,False,0,0,0.0,0.0,True,False,1,0,1.0,0.0,True,True,1,1,1.0,1.0
409828_2018-11-20_12-12-08_filtered_2026-04-09_05-50-16,5,132,0.16388000000006286,False,False,0,0,0.0,0.0,False,False,0,0,0.0,0.0,False,False,0,0,0.0,0.0,False,False,0,0,0.0,0.0,False,False,0,0,0.0,0.0,False,False,0,0,0.0,0.0
409828_2018-11-20_12-12-08_filtered_2026-04-09_05-50-16,5,133,0.16388000000006286,False,False,0,0,0.0,0.0,False,False,0,0,0.0,0.0,False,False,0,0,0.0,0.0,False,False,0,0,0.0,0.0,False,False,0,0,0.0,0.0,False,False,0,0,0.0,0.0
409828_2018-11-20_12-12-08_filtered_2026-04-09_05-50-16,5,134,0.16388000000006286,False,False,0,0,0.0,0.0,False,True,0,1,0.0,1.0,True,False,1,0,1.0,0.0,False,False,0,0,0.0,0.0,False,False,0,0,0.0,0.0,True,False,1,0,1.0,0.0
409828_2018-11-20_12-12-08_filtered_2026-04-09_05-50-16,5,135,0.16388000000006286,False,False,0,0,0.0,0.0,False,False,0,0,0.0,0.0,False,False,0,0,0.0,0.0,False,False,0,0,0.0,0.0,False,False,0,0,0.0,0.0,False,False,0,0,0.0,0.0
409828_2018-11-20_12-12-08_filtered_2026-04-09_05-50-16,5,136,0.16388000000006286,False,False,0,0,0.0,0.0,False,False,0,0,0.0,0.0,False,False,0,0,0.0,0.0,False,False,0,0,0.0,0.0,False,False,0,0,0.0,0.0,False,False,0,0,0.0,0.0
409828_2018-11-20_12-12-08_filtered_2026-04-09_05-50-16,5,137,0.16388000000006286,False,False,0,0,0.0,0.0,False,True,0,1,0.0,1.0,False,True,0,2,0.0,0.75,False,False,0,0,0.0,0.0,False,True,0,1,0.0,1.0,False,True,0,1,0.0,1.0
409828_2018-11-20_12-12-08_filtered_2026-04-09_05-50-16,5,138,0.16388000000006286,False,False,0,0,0.0,0.0,False,False,0,0,0.0,0.0,False,False,0,0,0.0,0.0,False,False,0,0,0.0,0.0,False,False,0,0,0.0,0.0,False,False,0,0,0.0,0.0
409828_2018-11-20_12-12-08_filtered_2026-04-09_05-50-16,5,139,0.16388000000006286,False,False,0,0,0.0,0.0,False,False,0,0,0.0,0.0,False,False,0,0,0.0,0.0,False,False,0,0,0.0,0.0,False,False,0,0,0.0,0.0,False,True,0,1,0.0,1.0
409828_2018-11-20_12-12-08_filtered_2026-04-09_05-50-16,5,140,0.16388000000006286,False,False,0,0,0.0,0.0,False,False,0,0,0.0,0.0,False,False,0,0,0.0,0.0,False,False,0,0,0.0,0.0,False,False,0,0,0.0,0.0,False,False,0,0,0.0,0.0
409828_2018-11-20_12-12-08_filtered_2026-04-09_05-50-16,5,141,0.16388000000006286,False,False,0,0,0.0,0.0,False,False,0,0,0.0,0.0,False,False,0,0,0.0,0.0,False,False,0,0,0.0,0.0,False,False,0,0,0.0,0.0,True,False,1,0,1.0,0.0
409828_2018-11-20_12-12-08_filtered_2026-04-09_05-50-16,5,142,0.16388000000006286,False,False,0,0,0.0,0.0,False,False,0,0,0.0,0.0,False,False,0,0,0.0,0.0,False,False,0,0,0.0,0.0,False,False,0,0,0.0,0.0,False,False,0,0,0.0,0.0
409828_2018-11-20_12-12-08_filtered_2026-04-09_05-50-16,5,143,0.16388000000006286,False,False,0,0,0.0,0.0,False,False,0,0,0.0,0.0,True,False,1,0,1.0,0.0,False,False,0,0,0.0,0.0,False,False,0,0,0.0,0.0,False,False,0,0,0.0,0.0
409828_2018-11-20_12-12-08_filtered_2026-04-09_05-50-16,5,145,0.16388000000006286,False,False,0,0,0.0,0.0,False,False,0,0,0.0,0.0,False,False,0,0,0.0,0.0,False,False,0,0,0.0,0.0,False,False,0,0,0.0,0.0,False,False,0,0,0.0,0.0
409828_2018-11-20_12-12-08_filtered_2026-04-09_05-50-16,5,146,0.16388000000006286,False,False,0,0,0.0,0.0,False,False,0,0,0.0,0.0,True,False,1,0,1.0,0.0,False,False,0,0,0.0,0.0,False,False,0,0,0.0,0.0,False,True,0,1,0.0,1.0
409828_2018-11-20_12-12-08_filtered_2026-04-09_05-50-16,5,147,0.16388000000006286,False,False,0,0,0.0,0.0,False,False,0,0,0.0,0.0,False,False,0,0,0.0,0.0,False,False,0,0,0.0,0.0,False,False,0,0,0.0,0.0,False,False,0,0,0.0,0.0
409828_2018-11-20_12-12-08_filtered_2026-04-09_05-50-16,5,149,0.16388000000006286,False,False,0,0,0.0,0.0,False,False,0,0,0.0,0.0,False,False,0,0,0.0,0.0,False,False,0,0,0.0,0.0,False,False,0,0,0.0,0.0,False,False,0,0,0.0,0.0
409828_2018-11-20_12-12-08_filtered_2026-04-09_05-50-16,5,150,0.16388000000006286,False,False,0,0,0.0,0.0,False,False,0,0,0.0,0.0,False,False,0,0,0.0,0.0,False,False,0,0,0.0,0.0,True,False,1,0,1.0,0.0,True,False,1,0,1.0,0.0
409828_2018-11-20_12-12-08_filtered_2026-04-09_05-50-16,5,152,0.16388000000006286,False,False,0,0,0.0,0.0,False,False,0,0,0.0,0.0,False,False,0,0,0.0,0.0,False,False,0,0,0.0,0.0,False,False,0,0,0.0,0.0,False,False,0,0,0.0,0.0
409828_2018-11-20_12-12-08_filtered_2026-04-09_05-50-16,5,153,0.16388000000006286,False,False,0,0,0.0,0.0,False,False,0,0,0.0,0.0,False,False,0,0,0.0,0.0,False,False,0,0,0.0,0.0,False,False,0,0,0.0,0.0,False,False,0,0,0.0,0.0
409828_2018-11-20_12-12-08_filtered_2026-04-09_05-50-16,5,154,0.16388000000006286,False,False,0,0,0.0,0.0,False,True,0,2,0.0,0.5,True,True,3,1,0.3333333333333333,1.0,False,False,0,0,0.0,0.0,True,False,1,0,1.0,0.0,True,False,1,0,1.0,0.0
409828_2018-11-20_12-12-08_filtered_2026-04-09_05-50-16,5,155,0.16388000000006286,False,False,0,0,0.0,0.0,False,False,0,0,0.0,0.0,False,False,0,0,0.0,0.0,False,False,0,0,0.0,0.0,False,False,0,0,0.0,0.0,False,False,0,0,0.0,0.0
409828_2018-11-20_12-12-08_filtered_2026-04-09_05-50-16,5,156,0.16388000000006286,False,False,0,0,0.0,0.0,False,False,0,0,0.0,0.0,False,False,0,0,0.0,0.0,False,False,0,0,0.0,0.0,False,False,0,0,0.0,0.0,False,False,0,0,0.0,0.0
409828_2018-11-20_12-12-08_filtered_2026-04-09_05-50-16,5,157,0.16388000000006286,False,False,0,0,0.0,0.0,False,False,0,0,0.0,0.0,False,False,0,0,0.0,0.0,False,False,0,0,0.0,0.0,False,False,0,0,0.0,0.0,False,False,0,0,0.0,0.0
409828_2018-11-20_12-12-08_filtered_2026-04-09_05-50-16,5,158,0.16388000000006286,False,False,0,0,0.0,0.0,False,False,0,0,0.0,0.0,False,False,0,0,0.0,0.0,False,False,0,0,0.0,0.0,False,False,0,0,0.0,0.0,False,False,0,0,0.0,0.0
409828_2018-11-20_12-12-08_filtered_2026-04-09_05-50-16,5,160,0.16388000000006286,False,False,0,0,0.0,0.0,False,False,0,0,0.0,0.0,False,False,0,0,0.0,0.0,False,False,0,0,0.0,0.0,False,False,0,0,0.0,0.0,False,False,0,0,0.0,0.0
409828_2018-11-20_12-12-08_filtered_2026-04-09_05-50-16,5,162,0.16388000000006286,False,False,0,0,0.0,0.0,False,False,0,0,0.0,0.0,False,False,0,0,0.0,0.0,False,False,0,0,0.0,0.0,False,False,0,0,0.0,0.0,False,False,0,0,0.0,0.0
409828_2018-11-20_12-12-08_filtered_2026-04-09_05-50-16,5,163,0.16388000000006286,False,False,0,0,0.0,0.0,False,False,0,0,0.0,0.0,False,False,0,0,0.0,0.0,False,False,0,0,0.0,0.0,False,False,0,0,0.0,0.0,False,False,0,0,0.0,0.0
409828_2018-11-20_12-12-08_filtered_2026-04-09_05-50-16,5,165,0.16388000000006286,False,False,0,0,0.0,0.0,False,False,0,0,0.0,0.0,False,False,0,0,0.0,0.0,False,False,0,0,0.0,0.0,False,False,0,0,0.0,0.0,False,False,0,0,0.0,0.0
409828_2018-11-20_12-12-08_filtered_2026-04-09_05-50-16,5,166,0.16388000000006286,False,False,0,0,0.0,0.0,False,False,0,0,0.0,0.0,False,False,0,0,0.0,0.0,False,False,0,0,0.0,0.0,False,False,0,0,0.0,0.0,False,False,0,0,0.0,0.0
409828_2018-11-20_12-12-08_filtered_2026-04-09_05-50-16,5,168,0.16388000000006286,False,False,0,0,0.0,0.0,False,False,0,0,0.0,0.0,False,False,0,0,0.0,0.0,False,False,0,0,0.0,0.0,False,False,0,0,0.0,0.0,False,False,0,0,0.0,0.0
409828_2018-11-20_12-12-08_filtered_2026-04-09_05-50-16,5,170,0.16388000000006286,False,False,0,0,0.0,0.0,False,False,0,0,0.0,0.0,False,False,0,0,0.0,0.0,False,False,0,0,0.0,0.0,False,False,0,0,0.0,0.0,False,False,0,0,0.0,0.0
409828_2018-11-20_12-12-08_filtered_2026-04-09_05-50-16,5,171,0.16388000000006286,False,False,0,0,0.0,0.0,False,False,0,0,0.0,0.0,False,False,0,0,0.0,0.0,False,False,0,0,0.0,0.0,False,False,0,0,0.0,0.0,False,False,0,0,0.0,0.0
409828_2018-11-20_12-12-08_filtered_2026-04-09_05-50-16,5,173,0.16388000000006286,False,False,0,0,0.0,0.0,False,False,0,0,0.0,0.0,False,False,0,0,0.0,0.0,False,False,0,0,0.0,0.0,False,False,0,0,0.0,0.0,False,False,0,0,0.0,0.0
409828_2018-11-20_12-12-08_filtered_2026-04-09_05-50-16,5,174,0.16388000000006286,False,False,0,0,0.0,0.0,False,False,0,0,0.0,0.0,False,False,0,0,0.0,0.0,False,False,0,0,0.0,0.0,False,False,0,0,0.0,0.0,False,False,0,0,0.0,0.0
409828_2018-11-20_12-12-08_filtered_2026-04-09_05-50-16,5,175,0.16388000000006286,False,False,0,0,0.0,0.0,False,False,0,0,0.0,0.0,True,False,1,0,1.0,0.0,False,False,0,0,0.0,0.0,False,False,0,0,0.0,0.0,False,False,0,0,0.0,0.0
409828_2018-11-20_12-12-08_filtered_2026-04-09_05-50-16,5,177,0.16388000000006286,False,False,0,0,0.0,0.0,False,False,0,0,0.0,0.0,False,False,0,0,0.0,0.0,False,False,0,0,0.0,0.0,False,False,0,0,0.0,0.0,False,False,0,0,0.0,0.0
409828_2018-11-20_12-12-08_filtered_2026-04-09_05-50-16,5,179,0.16388000000006286,False,False,0,0,0.0,0.0,False,True,0,1,0.0,1.0,False,False,0,0,0.0,0.0,False,False,0,0,0.0,0.0,False,False,0,0,0.0,0.0,False,False,0,0,0.0,0.0
409828_2018-11-20_12-12-08_filtered_2026-04-09_05-50-16,5,180,0.16388000000006286,False,False,0,0,0.0,0.0,False,False,0,0,0.0,0.0,False,False,0,0,0.0,0.0,False,False,0,0,0.0,0.0,False,False,0,0,0.0,0.0,False,False,0,0,0.0,0.0
409828_2018-11-20_12-12-08_filtered_2026-04-09_05-50-16,5,181,0.16388000000006286,False,False,0,0,0.0,0.0,False,False,0,0,0.0,0.0,False,False,0,0,0.0,0.0,False,False,0,0,0.0,0.0,False,False,0,0,0.0,0.0,False,False,0,0,0.0,0.0
409828_2018-11-20_12-12-08_filtered_2026-04-09_05-50-16,5,182,0.16388000000006286,False,False,0,0,0.0,0.0,False,False,0,0,0.0,0.0,False,False,0,0,0.0,0.0,False,False,0,0,0.0,0.0,False,False,0,0,0.0,0.0,False,False,0,0,0.0,0.0
409828_2018-11-20_12-12-08_filtered_2026-04-09_05-50-16,5,183,0.16388000000006286,True,False,2,0,0.5,0.0,False,False,0,0,0.0,0.0,False,False,0,0,0.0,0.0,False,False,0,0,0.0,0.0,False,False,0,0,0.0,0.0,False,False,0,0,0.0,0.0
409828_2018-11-20_12-12-08_filtered_2026-04-09_05-50-16,5,185,0.16388000000006286,False,False,0,0,0.0,0.0,False,False,0,0,0.0,0.0,False,False,0,0,0.0,0.0,False,False,0,0,0.0,0.0,False,False,0,0,0.0,0.0,False,False,0,0,0.0,0.0
409828_2018-11-20_12-12-08_filtered_2026-04-09_05-50-16,5,186,0.16388000000006286,False,False,0,0,0.0,0.0,False,False,0,0,0.0,0.0,False,False,0,0,0.0,0.0,False,False,0,0,0.0,0.0,False,False,0,0,0.0,0.0,False,False,0,0,0.0,0.0
409828_2018-11-20_12-12-08_filtered_2026-04-09_05-50-16,5,187,0.16388000000006286,False,False,0,0,0.0,0.0,False,False,0,0,0.0,0.0,False,False,0,0,0.0,0.0,False,False,0,0,0.0,0.0,False,False,0,0,0.0,0.0,False,False,0,0,0.0,0.0
409828_2018-11-20_12-12-08_filtered_2026-04-09_05-50-16,5,188,0.16388000000006286,False,False,0,0,0.0,0.0,False,False,0,0,0.0,0.0,False,False,0,0,0.0,0.0,False,False,0,0,0.0,0.0,False,False,0,0,0.0,0.0,False,False,0,0,0.0,0.0
409828_2018-11-20_12-12-08_filtered_2026-04-09_05-50-16,5,189,0.16388000000006286,False,False,0,0,0.0,0.0,False,False,0,0,0.0,0.0,False,True,0,1,0.0,1.0,False,False,0,0,0.0,0.0,False,False,0,0,0.0,0.0,False,False,0,0,0.0,0.0
409828_2018-11-20_12-12-08_filtered_2026-04-09_05-50-16,5,190,0.16388000000006286,False,False,0,0,0.0,0.0,False,False,0,0,0.0,0.0,False,False,0,0,0.0,0.0,False,False,0,0,0.0,0.0,False,False,0,0,0.0,0.0,False,False,0,0,0.0,0.0
409828_2018-11-20_12-12-08_filtered_2026-04-09_05-50-16,5,191,0.16388000000006286,False,False,0,0,0.0,0.0,False,False,0,0,0.0,0.0,False,False,0,0,0.0,0.0,False,False,0,0,0.0,0.0,False,False,0,0,0.0,0.0,False,False,0,0,0.0,0.0
409828_2018-11-20_12-12-08_filtered_2026-04-09_05-50-16,5,192,0.16388000000006286,False,False,0,0,0.0,0.0,False,False,0,0,0.0,0.0,False,False,0,0,0.0,0.0,False,False,0,0,0.0,0.0,False,False,0,0,0.0,0.0,False,False,0,0,0.0,0.0
409828_2018-11-20_12-12-08_filtered_2026-04-09_05-50-16,5,193,0.16388000000006286,False,False,0,0,0.0,0.0,False,False,0,0,0.0,0.0,False,False,0,0,0.0,0.0,False,False,0,0,0.0,0.0,False,False,0,0,0.0,0.0,False,False,0,0,0.0,0.0
409828_2018-11-20_12-12-08_filtered_2026-04-09_05-50-16,5,194,0.16388000000006286,False,False,0,0,0.0,0.0,False,False,0,0,0.0,0.0,False,False,0,0,0.0,0.0,False,False,0,0,0.0,0.0,False,False,0,0,0.0,0.0,False,False,0,0,0.0,0.0
409828_2018-11-20_12-12-08_filtered_2026-04-09_05-50-16,5,195,0.16388000000006286,False,False,0,0,0.0,0.0,False,False,0,0,0.0,0.0,False,False,0,0,0.0,0.0,False,False,0,0,0.0,0.0,False,False,0,0,0.0,0.0,False,False,0,0,0.0,0.0
409828_2018-11-20_12-12-08_filtered_2026-04-09_05-50-16,5,196,0.16388000000006286,False,False,0,0,0.0,0.0,False,False,0,0,0.0,0.0,False,False,0,0,0.0,0.0,False,False,0,0,0.0,0.0,False,False,0,0,0.0,0.0,False,False,0,0,0.0,0.0
409828_2018-11-20_12-12-08_filtered_2026-04-09_05-50-16,5,200,0.16388000000006286,False,False,0,0,0.0,0.0,False,False,0,0,0.0,0.0,False,False,0,0,0.0,0.0,False,False,0,0,0.0,0.0,False,False,0,0,0.0,0.0,False,False,0,0,0.0,0.0
409828_2018-11-20_12-12-08_filtered_2026-04-09_05-50-16,5,201,0.16388000000006286,False,False,0,0,0.0,0.0,False,False,0,0,0.0,0.0,False,False,0,0,0.0,0.0,False,False,0,0,0.0,0.0,False,False,0,0,0.0,0.0,False,False,0,0,0.0,0.0
409828_2018-11-20_12-12-08_filtered_2026-04-09_05-50-16,5,202,0.16388000000006286,False,False,0,0,0.0,0.0,False,False,0,0,0.0,0.0,False,False,0,0,0.0,0.0,False,False,0,0,0.0,0.0,False,False,0,0,0.0,0.0,False,False,0,0,0.0,0.0
409828_2018-11-20_12-12-08_filtered_2026-04-09_05-50-16,5,205,0.16388000000006286,False,False,0,0,0.0,0.0,False,False,0,0,0.0,0.0,False,False,0,0,0.0,0.0,False,False,0,0,0.0,0.0,False,False,0,0,0.0,0.0,False,False,0,0,0.0,0.0
409828_2018-11-20_12-12-08_filtered_2026-04-09_05-50-16,5,206,0.16388000000006286,False,False,0,0,0.0,0.0,False,False,0,0,0.0,0.0,False,False,0,0,0.0,0.0,False,False,0,0,0.0,0.0,False,False,0,0,0.0,0.0,False,False,0,0,0.0,0.0
409828_2018-11-20_12-12-08_filtered_2026-04-09_05-50-16,5,208,0.16388000000006286,False,False,0,0,0.0,0.0,False,False,0,0,0.0,0.0,False,False,0,0,0.0,0.0,False,False,0,0,0.0,0.0,False,False,0,0,0.0,0.0,False,False,0,0,0.0,0.0
409828_2018-11-20_12-12-08_filtered_2026-04-09_05-50-16,5,212,0.16388000000006286,False,False,0,0,0.0,0.0,False,False,0,0,0.0,0.0,False,False,0,0,0.0,0.0,False,False,0,0,0.0,0.0,False,False,0,0,0.0,0.0,False,False,0,0,0.0,0.0
409828_2018-11-20_12-12-08_filtered_2026-04-09_05-50-16,5,213,0.16388000000006286,False,False,0,0,0.0,0.0,False,False,0,0,0.0,0.0,False,False,0,0,0.0,0.0,False,False,0,0,0.0,0.0,False,False,0,0,0.0,0.0,False,False,0,0,0.0,0.0
409828_2018-11-20_12-12-08_filtered_2026-04-09_05-50-16,5,214,0.16388000000006286,False,False,0,0,0.0,0.0,False,False,0,0,0.0,0.0,False,False,0,0,0.0,0.0,False,False,0,0,0.0,0.0,False,False,0,0,0.0,0.0,False,False,0,0,0.0,0.0
409828_2018-11-20_12-12-08_filtered_2026-04-09_05-50-16,5,218,0.16388000000006286,False,False,0,0,0.0,0.0,False,False,0,0,0.0,0.0,False,False,0,0,0.0,0.0,False,False,0,0,0.0,0.0,False,False,0,0,0.0,0.0,False,False,0,0,0.0,0.0
409828_2018-11-20_12-12-08_filtered_2026-04-09_05-50-16,5,219,0.16388000000006286,False,False,0,0,0.0,0.0,False,False,0,0,0.0,0.0,False,False,0,0,0.0,0.0,False,False,0,0,0.0,0.0,False,False,0,0,0.0,0.0,False,False,0,0,0.0,0.0
409828_2018-11-20_12-12-08_filtered_2026-04-09_05-50-16,5,220,0.16388000000006286,False,False,0,0,0.0,0.0,False,False,0,0,0.0,0.0,False,False,0,0,0.0,0.0,False,False,0,0,0.0,0.0,False,False,0,0,0.0,0.0,False,False,0,0,0.0,0.0
409828_2018-11-20_12-12-08_filtered_2026-04-09_05-50-16,5,221,0.16388000000006286,False,True,0,1,0.0,1.0,False,False,0,0,0.0,0.0,False,False,0,0,0.0,0.0,False,False,0,0,0.0,0.0,False,False,0,0,0.0,0.0,False,False,0,0,0.0,0.0
409828_2018-11-20_12-12-08_filtered_2026-04-09_05-50-16,5,223,0.16388000000006286,False,False,0,0,0.0,0.0,False,False,0,0,0.0,0.0,False,False,0,0,0.0,0.0,False,False,0,0,0.0,0.0,False,False,0,0,0.0,0.0,False,False,0,0,0.0,0.0
409828_2018-11-20_12-12-08_filtered_2026-04-09_05-50-16,5,226,0.16388000000006286,False,False,0,0,0.0,0.0,False,False,0,0,0.0,0.0,False,False,0,0,0.0,0.0,False,False,0,0,0.0,0.0,False,True,0,1,0.0,1.0,False,True,0,1,0.0,1.0
409828_2018-11-20_12-12-08_filtered_2026-04-09_05-50-16,5,228,0.16388000000006286,False,False,0,0,0.0,0.0,False,False,0,0,0.0,0.0,False,False,0,0,0.0,0.0,False,False,0,0,0.0,0.0,False,False,0,0,0.0,0.0,False,False,0,0,0.0,0.0
409828_2018-11-20_12-12-08_filtered_2026-04-09_05-50-16,5,229,0.16388000000006286,False,False,0,0,0.0,0.0,False,False,0,0,0.0,0.0,False,False,0,0,0.0,0.0,False,False,0,0,0.0,0.0,False,False,0,0,0.0,0.0,False,False,0,0,0.0,0.0
409828_2018-11-20_12-12-08_filtered_2026-04-09_05-50-16,5,230,0.16388000000006286,False,False,0,0,0.0,0.0,False,False,0,0,0.0,0.0,False,False,0,0,0.0,0.0,False,False,0,0,0.0,0.0,False,False,0,0,0.0,0.0,False,False,0,0,0.0,0.0
409828_2018-11-20_12-12-08_filtered_2026-04-09_05-50-16,5,232,0.16388000000006286,False,False,0,0,0.0,0.0,False,False,0,0,0.0,0.0,False,False,0,0,0.0,0.0,False,False,0,0,0.0,0.0,False,False,0,0,0.0,0.0,False,False,0,0,0.0,0.0
409828_2018-11-20_12-12-08_filtered_2026-04-09_05-50-16,5,234,0.16388000000006286,False,False,0,0,0.0,0.0,False,False,0,0,0.0,0.0,False,False,0,0,0.0,0.0,False,False,0,0,0.0,0.0,False,False,0,0,0.0,0.0,False,False,0,0,0.0,0.0
409828_2018-11-20_12-12-08_filtered_2026-04-09_05-50-16,5,235,0.16388000000006286,False,False,0,0,0.0,0.0,False,False,0,0,0.0,0.0,False,False,0,0,0.0,0.0,False,False,0,0,0.0,0.0,False,False,0,0,0.0,0.0,False,False,0,0,0.0,0.0
409828_2018-11-20_12-12-08_filtered_2026-04-09_05-50-16,5,237,0.16388000000006286,False,False,0,0,0.0,0.0,False,False,0,0,0.0,0.0,False,True,0,1,0.0,1.0,False,False,0,0,0.0,0.0,False,True,0,1,0.0,1.0,False,False,0,0,0.0,0.0
409828_2018-11-20_12-12-08_filtered_2026-04-09_05-50-16,5,238,0.16388000000006286,False,False,0,0,0.0,0.0,False,False,0,0,0.0,0.0,False,False,0,0,0.0,0.0,False,False,0,0,0.0,0.0,False,True,0,1,0.0,1.0,False,True,0,1,0.0,1.0
409828_2018-11-20_12-12-08_filtered_2026-04-09_05-50-16,5,239,0.16388000000006286,False,False,0,0,0.0,0.0,False,False,0,0,0.0,0.0,False,False,0,0,0.0,0.0,False,False,0,0,0.0,0.0,False,False,0,0,0.0,0.0,False,False,0,0,0.0,0.0
409828_2018-11-20_12-12-08_filtered_2026-04-09_05-50-16,5,240,0.16388000000006286,False,False,0,0,0.0,0.0,False,False,0,0,0.0,0.0,False,False,0,0,0.0,0.0,False,False,0,0,0.0,0.0,False,False,0,0,0.0,0.0,False,False,0,0,0.0,0.0
409828_2018-11-20_12-12-08_filtered_2026-04-09_05-50-16,5,241,0.16388000000006286,False,False,0,0,0.0,0.0,False,False,0,0,0.0,0.0,False,False,0,0,0.0,0.0,False,False,0,0,0.0,0.0,False,False,0,0,0.0,0.0,False,False,0,0,0.0,0.0
409828_2018-11-20_12-12-08_filtered_2026-04-09_05-50-16,5,248,0.16388000000006286,False,False,0,0,0.0,0.0,False,False,0,0,0.0,0.0,False,False,0,0,0.0,0.0,False,False,0,0,0.0,0.0,False,False,0,0,0.0,0.0,False,False,0,0,0.0,0.0
409828_2018-11-20_12-12-08_filtered_2026-04-09_05-50-16,5,254,0.16388000000006286,False,False,0,0,0.0,0.0,False,False,0,0,0.0,0.0,False,False,0,0,0.0,0.0,False,False,0,0,0.0,0.0,False,False,0,0,0.0,0.0,False,False,0,0,0.0,0.0
409828_2018-11-20_12-12-08_filtered_2026-04-09_05-50-16,5,255,0.16388000000006286,False,False,0,0,0.0,0.0,False,False,0,0,0.0,0.0,False,False,0,0,0.0,0.0,False,False,0,0,0.0,0.0,False,False,0,0,0.0,0.0,False,False,0,0,0.0,0.0
409828_2018-11-20_12-12-08_filtered_2026-04-09_05-50-16,5,258,0.16388000000006286,False,False,0,0,0.0,0.0,False,False,0,0,0.0,0.0,False,False,0,0,0.0,0.0,False,False,0,0,0.0,0.0,False,False,0,0,0.0,0.0,False,False,0,0,0.0,0.0
409828_2018-11-20_12-12-08_filtered_2026-04-09_05-50-16,5,259,0.16388000000006286,False,False,0,0,0.0,0.0,False,False,0,0,0.0,0.0,True,False,1,0,1.0,0.0,False,False,0,0,0.0,0.0,True,False,1,0,1.0,0.0,True,False,2,0,0.5,0.0
409828_2018-11-20_12-12-08_filtered_2026-04-09_05-50-16,5,260,0.16388000000006286,False,False,0,0,0.0,0.0,False,False,0,0,0.0,0.0,False,False,0,0,0.0,0.0,False,False,0,0,0.0,0.0,False,False,0,0,0.0,0.0,False,False,0,0,0.0,0.0
409828_2018-11-20_12-12-08_filtered_2026-04-09_05-50-16,5,261,0.16388000000006286,False,False,0,0,0.0,0.0,False,False,0,0,0.0,0.0,False,False,0,0,0.0,0.0,False,False,0,0,0.0,0.0,False,False,0,0,0.0,0.0,False,False,0,0,0.0,0.0
409828_2018-11-20_12-12-08_filtered_2026-04-09_05-50-16,5,262,0.16388000000006286,False,False,0,0,0.0,0.0,False,False,0,0,0.0,0.0,False,False,0,0,0.0,0.0,False,False,0,0,0.0,0.0,False,False,0,0,0.0,0.0,False,False,0,0,0.0,0.0
409828_2018-11-20_12-12-08_filtered_2026-04-09_05-50-16,5,265,0.16388000000006286,False,False,0,0,0.0,0.0,False,False,0,0,0.0,0.0,False,False,0,0,0.0,0.0,False,False,0,0,0.0,0.0,False,False,0,0,0.0,0.0,False,False,0,0,0.0,0.0
409828_2018-11-20_12-12-08_filtered_2026-04-09_05-50-16,5,266,0.16388000000006286,False,False,0,0,0.0,0.0,False,False,0,0,0.0,0.0,False,False,0,0,0.0,0.0,False,False,0,0,0.0,0.0,False,False,0,0,0.0,0.0,False,False,0,0,0.0,0.0
409828_2018-11-20_12-12-08_filtered_2026-04-09_05-50-16,5,270,0.16388000000006286,False,False,0,0,0.0,0.0,False,False,0,0,0.0,0.0,False,False,0,0,0.0,0.0,False,False,0,0,0.0,0.0,False,False,0,0,0.0,0.0,False,False,0,0,0.0,0.0
409828_2018-11-20_12-12-08_filtered_2026-04-09_05-50-16,5,273,0.16388000000006286,False,False,0,0,0.0,0.0,False,False,0,0,0.0,0.0,True,False,1,0,1.0,0.0,False,False,0,0,0.0,0.0,False,False,0,0,0.0,0.0,False,False,0,0,0.0,0.0
409828_2018-11-20_12-12-08_filtered_2026-04-09_05-50-16,5,279,0.16388000000006286,False,False,0,0,0.0,0.0,False,False,0,0,0.0,0.0,False,False,0,0,0.0,0.0,False,False,0,0,0.0,0.0,False,False,0,0,0.0,0.0,False,False,0,0,0.0,0.0
409828_2018-11-20_12-12-08_filtered_2026-04-09_05-50-16,5,280,0.16388000000006286,False,False,0,0,0.0,0.0,False,False,0,0,0.0,0.0,False,False,0,0,0.0,0.0,False,False,0,0,0.0,0.0,False,False,0,0,0.0,0.0,False,False,0,0,0.0,0.0
409828_2018-11-20_12-12-08_filtered_2026-04-09_05-50-16,5,281,0.16388000000006286,False,False,0,0,0.0,0.0,False,False,0,0,0.0,0.0,False,False,0,0,0.0,0.0,False,False,0,0,0.0,0.0,False,False,0,0,0.0,0.0,False,False,0,0,0.0,0.0
409828_2018-11-20_12-12-08_filtered_2026-04-09_05-50-16,5,282,0.16388000000006286,False,False,0,0,0.0,0.0,False,False,0,0,0.0,0.0,False,False,0,0,0.0,0.0,False,False,0,0,0.0,0.0,False,False,0,0,0.0,0.0,False,False,0,0,0.0,0.0
409828_2018-11-20_12-12-08_filtered_2026-04-09_05-50-16,5,283,0.16388000000006286,False,False,0,0,0.0,0.0,False,False,0,0,0.0,0.0,False,False,0,0,0.0,0.0,False,False,0,0,0.0,0.0,False,False,0,0,0.0,0.0,False,True,0,1,0.0,1.0
409828_2018-11-20_12-12-08_filtered_2026-04-09_05-50-16,5,285,0.16388000000006286,False,False,0,0,0.0,0.0,False,False,0,0,0.0,0.0,False,False,0,0,0.0,0.0,False,False,0,0,0.0,0.0,False,False,0,0,0.0,0.0,False,False,0,0,0.0,0.0
409828_2018-11-20_12-12-08_filtered_2026-04-09_05-50-16,5,289,0.16388000000006286,False,False,0,0,0.0,0.0,False,False,0,0,0.0,0.0,False,False,0,0,0.0,0.0,False,False,0,0,0.0,0.0,False,False,0,0,0.0,0.0,False,False,0,0,0.0,0.0
409828_2018-11-20_12-12-08_filtered_2026-04-09_05-50-16,5,294,0.16388000000006286,False,False,0,0,0.0,0.0,False,False,0,0,0.0,0.0,False,False,0,0,0.0,0.0,False,False,0,0,0.0,0.0,False,False,0,0,0.0,0.0,False,False,0,0,0.0,0.0
409828_2018-11-20_12-12-08_filtered_2026-04-09_05-50-16,5,295,0.16388000000006286,False,False,0,0,0.0,0.0,False,False,0,0,0.0,0.0,True,False,1,0,1.0,0.0,False,False,0,0,0.0,0.0,False,False,0,0,0.0,0.0,False,False,0,0,0.0,0.0
409828_2018-11-20_12-12-08_filtered_2026-04-09_05-50-16,5,298,0.16388000000006286,False,False,0,0,0.0,0.0,False,False,0,0,0.0,0.0,False,False,0,0,0.0,0.0,False,False,0,0,0.0,0.0,False,False,0,0,0.0,0.0,False,False,0,0,0.0,0.0
409828_2018-11-20_12-12-08_filtered_2026-04-09_05-50-16,5,299,0.16388000000006286,False,False,0,0,0.0,0.0,False,False,0,0,0.0,0.0,False,False,0,0,0.0,0.0,False,False,0,0,0.0,0.0,False,False,0,0,0.0,0.0,False,False,0,0,0.0,0.0
409828_2018-11-20_12-12-08_filtered_2026-04-09_05-50-16,5,304,0.16388000000006286,False,False,0,0,0.0,0.0,False,False,0,0,0.0,0.0,False,False,0,0,0.0,0.0,False,False,0,0,0.0,0.0,False,False,0,0,0.0,0.0,False,False,0,0,0.0,0.0
409828_2018-11-20_12-12-08_filtered_2026-04-09_05-50-16,5,305,0.16388000000006286,False,False,0,0,0.0,0.0,False,False,0,0,0.0,0.0,False,False,0,0,0.0,0.0,False,False,0,0,0.0,0.0,False,False,0,0,0.0,0.0,False,False,0,0,0.0,0.0
409828_2018-11-20_12-12-08_filtered_2026-04-09_05-50-16,5,307,0.16388000000006286,False,False,0,0,0.0,0.0,False,False,0,0,0.0,0.0,False,False,0,0,0.0,0.0,False,False,0,0,0.0,0.0,False,False,0,0,0.0,0.0,False,False,0,0,0.0,0.0
409828_2018-11-20_12-12-08_filtered_2026-04-09_05-50-16,5,309,0.16388000000006286,False,False,0,0,0.0,0.0,False,False,0,0,0.0,0.0,False,False,0,0,0.0,0.0,False,False,0,0,0.0,0.0,False,False,0,0,0.0,0.0,False,False,0,0,0.0,0.0
409828_2018-11-20_12-12-08_filtered_2026-04-09_05-50-16,5,310,0.16388000000006286,False,False,0,0,0.0,0.0,False,False,0,0,0.0,0.0,False,False,0,0,0.0,0.0,False,False,0,0,0.0,0.0,False,False,0,0,0.0,0.0,False,False,0,0,0.0,0.0
409828_2018-11-20_12-12-08_filtered_2026-04-09_05-50-16,5,313,0.16388000000006286,False,False,0,0,0.0,0.0,False,False,0,0,0.0,0.0,False,False,0,0,0.0,0.0,False,False,0,0,0.0,0.0,False,False,0,0,0.0,0.0,False,False,0,0,0.0,0.0
409828_2018-11-20_12-12-08_filtered_2026-04-09_05-50-16,5,315,0.16388000000006286,False,False,0,0,0.0,0.0,False,False,0,0,0.0,0.0,False,False,0,0,0.0,0.0,False,False,0,0,0.0,0.0,False,False,0,0,0.0,0.0,False,False,0,0,0.0,0.0
409828_2018-11-20_12-12-08_filtered_2026-04-09_05-50-16,5,318,0.16388000000006286,False,False,0,0,0.0,0.0,False,False,0,0,0.0,0.0,False,False,0,0,0.0,0.0,False,False,0,0,0.0,0.0,False,False,0,0,0.0,0.0,False,False,0,0,0.0,0.0
409828_2018-11-20_12-12-08_filtered_2026-04-09_05-50-16,5,322,0.16388000000006286,False,False,0,0,0.0,0.0,False,False,0,0,0.0,0.0,False,False,0,0,0.0,0.0,False,False,0,0,0.0,0.0,False,False,0,0,0.0,0.0,False,False,0,0,0.0,0.0
409828_2018-11-20_12-12-08_filtered_2026-04-09_05-50-16,5,323,0.16388000000006286,False,False,0,0,0.0,0.0,False,False,0,0,0.0,0.0,False,False,0,0,0.0,0.0,False,False,0,0,0.0,0.0,False,False,0,0,0.0,0.0,False,False,0,0,0.0,0.0
409828_2018-11-20_12-12-08_filtered_2026-04-09_05-50-16,5,327,0.16388000000006286,False,False,0,0,0.0,0.0,False,False,0,0,0.0,0.0,False,False,0,0,0.0,0.0,False,False,0,0,0.0,0.0,False,False,0,0,0.0,0.0,False,False,0,0,0.0,0.0
409828_2018-11-20_12-12-08_filtered_2026-04-09_05-50-16,5,328,0.16388000000006286,False,False,0,0,0.0,0.0,False,False,0,0,0.0,0.0,False,False,0,0,0.0,0.0,False,False,0,0,0.0,0.0,False,False,0,0,0.0,0.0,False,False,0,0,0.0,0.0
409828_2018-11-20_12-12-08_filtered_2026-04-09_05-50-16,5,345,0.16388000000006286,False,False,0,0,0.0,0.0,False,False,0,0,0.0,0.0,False,False,0,0,0.0,0.0,False,False,0,0,0.0,0.0,False,False,0,0,0.0,0.0,False,False,0,0,0.0,0.0
409828_2018-11-20_12-12-08_filtered_2026-04-09_05-50-16,5,348,0.16388000000006286,False,False,0,0,0.0,0.0,False,False,0,0,0.0,0.0,False,False,0,0,0.0,0.0,False,False,0,0,0.0,0.0,False,False,0,0,0.0,0.0,False,False,0,0,0.0,0.0
409828_2018-11-20_12-12-08_filtered_2026-04-09_05-50-16,5,362,0.16388000000006286,False,False,0,0,0.0,0.0,False,False,0,0,0.0,0.0,False,False,0,0,0.0,0.0,False,False,0,0,0.0,0.0,False,False,0,0,0.0,0.0,False,False,0,0,0.0,0.0
409828_2018-11-20_12-12-08_filtered_2026-04-09_05-50-16,5,364,0.16388000000006286,False,False,0,0,0.0,0.0,False,False,0,0,0.0,0.0,False,False,0,0,0.0,0.0,False,False,0,0,0.0,0.0,False,False,0,0,0.0,0.0,False,False,0,0,0.0,0.0
409828_2018-11-20_12-12-08_filtered_2026-04-09_05-50-16,5,369,0.16388000000006286,False,False,0,0,0.0,0.0,False,False,0,0,0.0,0.0,False,False,0,0,0.0,0.0,False,False,0,0,0.0,0.0,False,False,0,0,0.0,0.0,False,False,0,0,0.0,0.0
409828_2018-11-20_12-12-08_filtered_2026-04-09_05-50-16,5,370,0.16388000000006286,False,False,0,0,0.0,0.0,False,False,0,0,0.0,0.0,False,False,0,0,0.0,0.0,False,False,0,0,0.0,0.0,False,False,0,0,0.0,0.0,False,False,0,0,0.0,0.0
409828_2018-11-20_12-12-08_filtered_2026-04-09_05-50-16,5,371,0.16388000000006286,False,False,0,0,0.0,0.0,False,False,0,0,0.0,0.0,False,False,0,0,0.0,0.0,False,False,0,0,0.0,0.0,False,False,0,0,0.0,0.0,False,False,0,0,0.0,0.0
409828_2018-11-20_12-12-08_filtered_2026-04-09_05-50-16,5,372,0.16388000000006286,False,False,0,0,0.0,0.0,True,False,1,0,1.0,0.0,False,False,0,0,0.0,0.0,False,False,0,0,0.0,0.0,False,False,0,0,0.0,0.0,False,False,0,0,0.0,0.0
409828_2018-11-20_12-12-08_filtered_2026-04-09_05-50-16,5,374,0.16388000000006286,False,False,0,0,0.0,0.0,False,False,0,0,0.0,0.0,False,False,0,0,0.0,0.0,False,False,0,0,0.0,0.0,True,False,1,0,1.0,0.0,False,False,0,0,0.0,0.0
409828_2018-11-20_12-12-08_filtered_2026-04-09_05-50-16,5,376,0.16388000000006286,False,True,0,1,0.0,1.0,False,False,0,0,0.0,0.0,False,False,0,0,0.0,0.0,False,False,0,0,0.0,0.0,False,False,0,0,0.0,0.0,False,False,0,0,0.0,0.0
409828_2018-11-20_12-12-08_filtered_2026-04-09_05-50-16,5,378,0.16388000000006286,False,False,0,0,0.0,0.0,False,False,0,0,0.0,0.0,False,False,0,0,0.0,0.0,False,False,0,0,0.0,0.0,False,False,0,0,0.0,0.0,False,False,0,0,0.0,0.0
409828_2018-11-20_12-12-08_filtered_2026-04-09_05-50-16,5,380,0.16388000000006286,False,False,0,0,0.0,0.0,False,False,0,0,0.0,0.0,False,False,0,0,0.0,0.0,False,False,0,0,0.0,0.0,False,False,0,0,0.0,0.0,False,False,0,0,0.0,0.0
409828_2018-11-20_12-12-08_filtered_2026-04-09_05-50-16,5,383,0.16388000000006286,False,False,0,0,0.0,0.0,False,False,0,0,0.0,0.0,False,False,0,0,0.0,0.0,False,False,0,0,0.0,0.0,False,False,0,0,0.0,0.0,False,False,0,0,0.0,0.0
409828_2018-11-20_12-12-08_filtered_2026-04-09_05-50-16,5,390,0.16388000000006286,False,False,0,0,0.0,0.0,False,False,0,0,0.0,0.0,False,False,0,0,0.0,0.0,False,False,0,0,0.0,0.0,False,False,0,0,0.0,0.0,False,True,0,1,0.0,1.0
409828_2018-11-20_12-12-08_filtered_2026-04-09_05-50-16,5,392,0.16388000000006286,False,False,0,0,0.0,0.0,False,False,0,0,0.0,0.0,False,True,0,1,0.0,1.0,False,False,0,0,0.0,0.0,False,False,0,0,0.0,0.0,False,False,0,0,0.0,0.0
409828_2018-11-20_12-12-08_filtered_2026-04-09_05-50-16,5,402,0.16388000000006286,False,False,0,0,0.0,0.0,False,False,0,0,0.0,0.0,False,False,0,0,0.0,0.0,False,False,0,0,0.0,0.0,False,False,0,0,0.0,0.0,False,False,0,0,0.0,0.0
409828_2018-11-20_12-12-08_filtered_2026-04-09_05-50-16,5,410,0.16388000000006286,False,False,0,0,0.0,0.0,False,False,0,0,0.0,0.0,False,False,0,0,0.0,0.0,False,False,0,0,0.0,0.0,False,False,0,0,0.0,0.0,False,False,0,0,0.0,0.0
409828_2018-11-20_12-12-08_filtered_2026-04-09_05-50-16,5,418,0.16388000000006286,False,False,0,0,0.0,0.0,False,False,0,0,0.0,0.0,False,False,0,0,0.0,0.0,False,False,0,0,0.0,0.0,False,False,0,0,0.0,0.0,False,False,0,0,0.0,0.0
409828_2018-11-20_12-12-08_filtered_2026-04-09_05-50-16,5,419,0.16388000000006286,False,False,0,0,0.0,0.0,False,False,0,0,0.0,0.0,False,False,0,0,0.0,0.0,False,False,0,0,0.0,0.0,False,False,0,0,0.0,0.0,False,False,0,0,0.0,0.0
409828_2018-11-20_12-12-08_filtered_2026-04-09_05-50-16,5,432,0.16388000000006286,False,False,0,0,0.0,0.0,False,False,0,0,0.0,0.0,False,False,0,0,0.0,0.0,False,False,0,0,0.0,0.0,False,False,0,0,0.0,0.0,False,False,0,0,0.0,0.0
409828_2018-11-20_12-12-08_filtered_2026-04-09_05-50-16,5,447,0.16388000000006286,False,False,0,0,0.0,0.0,False,False,0,0,0.0,0.0,False,False,0,0,0.0,0.0,False,False,0,0,0.0,0.0,False,False,0,0,0.0,0.0,False,False,0,0,0.0,0.0
409828_2018-11-20_12-12-08_filtered_2026-04-09_05-50-16,5,448,0.16388000000006286,False,False,0,0,0.0,0.0,False,False,0,0,0.0,0.0,False,False,0,0,0.0,0.0,False,False,0,0,0.0,0.0,False,False,0,0,0.0,0.0,False,False,0,0,0.0,0.0
409828_2018-11-20_12-12-08_filtered_2026-04-09_05-50-16,5,452,0.16388000000006286,False,False,0,0,0.0,0.0,False,False,0,0,0.0,0.0,False,False,0,0,0.0,0.0,False,False,0,0,0.0,0.0,False,False,0,0,0.0,0.0,False,False,0,0,0.0,0.0
409828_2018-11-20_12-12-08_filtered_2026-04-09_05-50-16,5,465,0.16388000000006286,False,False,0,0,0.0,0.0,False,False,0,0,0.0,0.0,False,False,0,0,0.0,0.0,False,False,0,0,0.0,0.0,False,False,0,0,0.0,0.0,False,False,0,0,0.0,0.0
409828_2018-11-20_12-12-08_filtered_2026-04-09_05-50-16,5,498,0.16388000000006286,False,False,0,0,0.0,0.0,False,False,0,0,0.0,0.0,False,False,0,0,0.0,0.0,False,False,0,0,0.0,0.0,False,True,0,1,0.0,1.0,False,False,0,0,0.0,0.0
409828_2018-11-20_12-12-08_filtered_2026-04-09_05-50-16,5,634,0.16388000000006286,False,True,0,1,0.0,1.0,False,True,0,1,0.0,1.0,True,True,2,1,0.5,1.0,False,False,0,0,0.0,0.0,False,True,0,1,0.0,1.0,True,True,1,2,1.0,0.6666666666666666
409828_2018-11-20_12-12-08_filtered_2026-04-09_05-50-16,5,646,0.16388000000006286,False,False,0,0,0.0,0.0,False,False,0,0,0.0,0.0,False,False,0,0,0.0,0.0,False,False,0,0,0.0,0.0,False,False,0,0,0.0,0.0,False,False,0,0,0.0,0.0
